order_id,order_date,account_id,account_name,region,account_manager,product,category,tier,quantity,list_price,discount_pct,unit_net_price,unit_cost,line_revenue,line_margin,is_return
ORD-00001,2024-09-15,ACC-101,Northgate Traders,North,Priya Nair,CM-Degreaser 5L,Cleaning & Maintenance,Low,14,480,0.068,447.49,413,6264.86,482.86,0
ORD-00001,2024-09-15,ACC-101,Northgate Traders,North,Priya Nair,PH-Precision Torque Wrench,Precision Hardware,High,6,7300,0.026,7112.12,4380,42672.72,16392.72,0
ORD-00001,2024-09-15,ACC-101,Northgate Traders,North,Priya Nair,CN-Cutting Blade 10pk,Consumables,Low,40,420,0.037,404.47,357,16178.8,1898.8,0
ORD-00001,2024-09-15,ACC-101,Northgate Traders,North,Priya Nair,SB-Safety Gloves 12pr,Safety Basics,Low,21,360,0.047,342.91,306,7201.11,775.11,0
ORD-00001,2024-09-15,ACC-101,Northgate Traders,North,Priya Nair,PT-Rotary Hammer SDS,Power Tools,High,7,14800,0.042,14175.53,8584,99228.71,39140.71,0
ORD-00001,2024-09-15,ACC-101,Northgate Traders,North,Priya Nair,FF-Stainless Fastener Pack,Fasteners & Fittings,Mid,19,1400,0.032,1354.83,980,25741.77,7121.77,0
ORD-00001,2024-09-15,ACC-101,Northgate Traders,North,Priya Nair,EA-MCB 32A,Electrical Accessories,Mid,35,650,0.04,624.17,455,21845.95,5920.95,0
ORD-00001,2024-09-15,ACC-101,Northgate Traders,North,Priya Nair,DG-Digital Multimeter Pro,Diagnostic Equipment,High,6,12500,0.031,12115.64,6875,72693.84,31443.84,0
ORD-00002,2024-10-18,ACC-101,Northgate Traders,North,Priya Nair,SB-Safety Glasses 10pk,Safety Basics,Low,33,240,0.052,227.47,204,7506.51,774.51,0
ORD-00002,2024-10-18,ACC-101,Northgate Traders,North,Priya Nair,FF-Anchor Bolt Assortment,Fasteners & Fittings,Mid,30,900,0.022,880.03,630,26400.9,7500.9,0
ORD-00002,2024-10-18,ACC-101,Northgate Traders,North,Priya Nair,CN-Abrasive Discs 25pk,Consumables,Low,55,300,0.038,288.47,255,15865.85,1840.85,0
ORD-00002,2024-10-18,ACC-101,Northgate Traders,North,Priya Nair,DG-Insulation Tester,Diagnostic Equipment,High,3,21000,0.043,20091.25,11550,60273.75,25623.75,0
ORD-00002,2024-10-18,ACC-101,Northgate Traders,North,Priya Nair,PT-Cordless Drill 18V,Power Tools,High,10,9200,0.055,8698.13,5336,86981.3,33621.3,0
ORD-00002,2024-10-18,ACC-101,Northgate Traders,North,Priya Nair,PH-Bearing Puller Kit,Precision Hardware,High,7,5600,0.096,5064.87,3360,35454.09,11934.09,0
ORD-00002,2024-10-18,ACC-101,Northgate Traders,North,Priya Nair,EA-MCB 32A,Electrical Accessories,Mid,33,650,0.031,629.66,455,20778.78,5763.78,0
ORD-00002,2024-10-18,ACC-101,Northgate Traders,North,Priya Nair,CM-Degreaser 5L,Cleaning & Maintenance,Low,15,480,0.04,460.71,413,6910.65,715.65,0
ORD-00003,2024-11-03,ACC-101,Northgate Traders,North,Priya Nair,FF-Anchor Bolt Assortment,Fasteners & Fittings,Mid,31,900,0.056,849.73,630,26341.63,6811.63,0
ORD-00003,2024-11-03,ACC-101,Northgate Traders,North,Priya Nair,CM-Shop Wipes Bulk,Cleaning & Maintenance,Low,25,260,0.04,249.5,224,6237.5,637.5,0
ORD-00003,2024-11-03,ACC-101,Northgate Traders,North,Priya Nair,PT-Angle Grinder 900W,Power Tools,High,15,6400,0.061,6011.04,3712,90165.6,34485.6,0
ORD-00003,2024-11-03,ACC-101,Northgate Traders,North,Priya Nair,CN-Cutting Blade 10pk,Consumables,Low,37,420,0.011,415.57,357,15376.09,2167.09,0
ORD-00003,2024-11-03,ACC-101,Northgate Traders,North,Priya Nair,EA-Cable Gland Set,Electrical Accessories,Mid,21,1100,0.047,1047.79,770,22003.59,5833.59,0
ORD-00003,2024-11-03,ACC-101,Northgate Traders,North,Priya Nair,SB-Safety Gloves 12pr,Safety Basics,Low,23,360,0.035,347.24,306,7986.52,948.52,0
ORD-00003,2024-11-03,ACC-101,Northgate Traders,North,Priya Nair,PH-Precision Torque Wrench,Precision Hardware,High,6,7300,0.091,6632.4,4380,39794.4,13514.4,0
ORD-00003,2024-11-03,ACC-101,Northgate Traders,North,Priya Nair,DG-Thermal Imager,Diagnostic Equipment,High,2,38000,0.042,36388.41,20900,72776.82,30976.82,0
ORD-00004,2024-12-07,ACC-101,Northgate Traders,North,Priya Nair,EA-Cable Gland Set,Electrical Accessories,Mid,20,1100,0.062,1031.97,770,20639.4,5239.4,0
ORD-00004,2024-12-07,ACC-101,Northgate Traders,North,Priya Nair,FF-Anchor Bolt Assortment,Fasteners & Fittings,Mid,30,900,0.046,858.18,630,25745.4,6845.4,0
ORD-00004,2024-12-07,ACC-101,Northgate Traders,North,Priya Nair,SB-Safety Glasses 10pk,Safety Basics,Low,33,240,0.031,232.6,204,7675.8,943.8,0
ORD-00004,2024-12-07,ACC-101,Northgate Traders,North,Priya Nair,PH-Micrometer Set,Precision Hardware,High,9,4100,0.049,3899.09,2460,35091.81,12951.81,0
ORD-00004,2024-12-07,ACC-101,Northgate Traders,North,Priya Nair,CM-Degreaser 5L,Cleaning & Maintenance,Low,14,480,0.034,463.47,413,6488.58,706.58,0
ORD-00004,2024-12-07,ACC-101,Northgate Traders,North,Priya Nair,CN-Abrasive Discs 25pk,Consumables,Low,60,300,0.053,284.18,255,17050.8,1750.8,0
ORD-00004,2024-12-07,ACC-101,Northgate Traders,North,Priya Nair,PT-Rotary Hammer SDS,Power Tools,High,7,14800,0.082,13592.01,8584,95144.07,35056.07,0
ORD-00004,2024-12-07,ACC-101,Northgate Traders,North,Priya Nair,DG-Digital Multimeter Pro,Diagnostic Equipment,High,7,12500,0.069,11637.75,6875,81464.25,33339.25,0
ORD-00005,2025-01-20,ACC-101,Northgate Traders,North,Priya Nair,CM-Shop Wipes Bulk,Cleaning & Maintenance,Low,26,260,0.031,252.0,224,6552.0,728.0,0
ORD-00005,2025-01-20,ACC-101,Northgate Traders,North,Priya Nair,EA-Cable Gland Set,Electrical Accessories,Mid,20,1100,0.084,1007.12,770,20142.4,4742.4,0
ORD-00005,2025-01-20,ACC-101,Northgate Traders,North,Priya Nair,SB-Safety Glasses 10pk,Safety Basics,Low,38,240,0.066,224.04,204,8513.52,761.52,0
ORD-00005,2025-01-20,ACC-101,Northgate Traders,North,Priya Nair,DG-Thermal Imager,Diagnostic Equipment,High,2,38000,0.055,35915.89,20900,71831.78,30031.78,0
ORD-00005,2025-01-20,ACC-101,Northgate Traders,North,Priya Nair,PT-Cordless Drill 18V,Power Tools,High,10,9200,0.067,8585.28,5336,85852.8,32492.8,0
ORD-00005,2025-01-20,ACC-101,Northgate Traders,North,Priya Nair,PH-Micrometer Set,Precision Hardware,High,9,4100,0.016,4033.54,2460,36301.86,14161.86,0
ORD-00005,2025-01-20,ACC-101,Northgate Traders,North,Priya Nair,CN-Cutting Blade 10pk,Consumables,Low,39,420,0.075,388.45,357,15149.55,1226.55,0
ORD-00005,2025-01-20,ACC-101,Northgate Traders,North,Priya Nair,FF-Stainless Fastener Pack,Fasteners & Fittings,Mid,18,1400,0.088,1276.65,980,22979.7,5339.7,0
ORD-00006,2025-02-19,ACC-101,Northgate Traders,North,Priya Nair,EA-MCB 32A,Electrical Accessories,Mid,36,650,0.068,605.92,455,21813.12,5433.12,0
ORD-00006,2025-02-19,ACC-101,Northgate Traders,North,Priya Nair,CN-Abrasive Discs 25pk,Consumables,Low,55,300,0.029,291.17,255,16014.35,1989.35,0
ORD-00006,2025-02-19,ACC-101,Northgate Traders,North,Priya Nair,DG-Thermal Imager,Diagnostic Equipment,High,2,38000,0.018,37311.4,20900,74622.8,32822.8,0
ORD-00006,2025-02-19,ACC-101,Northgate Traders,North,Priya Nair,CM-Degreaser 5L,Cleaning & Maintenance,Low,14,480,0.053,454.54,413,6363.56,581.56,0
ORD-00006,2025-02-19,ACC-101,Northgate Traders,North,Priya Nair,PH-Micrometer Set,Precision Hardware,High,10,4100,0.07,3815.04,2460,38150.4,13550.4,0
ORD-00006,2025-02-19,ACC-101,Northgate Traders,North,Priya Nair,PT-Cordless Drill 18V,Power Tools,High,11,9200,0.021,9008.21,5336,99090.31,40394.31,0
ORD-00006,2025-02-19,ACC-101,Northgate Traders,North,Priya Nair,SB-Safety Glasses 10pk,Safety Basics,Low,32,240,0.057,226.4,204,7244.8,716.8,0
ORD-00006,2025-02-19,ACC-101,Northgate Traders,North,Priya Nair,FF-Stainless Fastener Pack,Fasteners & Fittings,Mid,19,1400,0.057,1320.58,980,25091.02,6471.02,0
ORD-00007,2025-03-01,ACC-101,Northgate Traders,North,Priya Nair,PT-Cordless Drill 18V,Power Tools,High,10,9200,0.069,8567.1,5336,85671.0,32311.0,0
ORD-00007,2025-03-01,ACC-101,Northgate Traders,North,Priya Nair,FF-Stainless Fastener Pack,Fasteners & Fittings,Mid,19,1400,0.059,1316.78,980,25018.82,6398.82,0
ORD-00007,2025-03-01,ACC-101,Northgate Traders,North,Priya Nair,CN-Abrasive Discs 25pk,Consumables,Low,51,300,0.026,292.18,255,14901.18,1896.18,0
ORD-00007,2025-03-01,ACC-101,Northgate Traders,North,Priya Nair,EA-MCB 32A,Electrical Accessories,Mid,30,650,0.063,609.08,455,18272.4,4622.4,0
ORD-00007,2025-03-01,ACC-101,Northgate Traders,North,Priya Nair,SB-Safety Glasses 10pk,Safety Basics,Low,35,240,0.021,234.85,204,8219.75,1079.75,0
ORD-00007,2025-03-01,ACC-101,Northgate Traders,North,Priya Nair,PH-Bearing Puller Kit,Precision Hardware,High,7,5600,0.058,5272.94,3360,36910.58,13390.58,0
ORD-00007,2025-03-01,ACC-101,Northgate Traders,North,Priya Nair,DG-Insulation Tester,Diagnostic Equipment,High,3,21000,0.071,19513.35,11550,58540.05,23890.05,0
ORD-00007,2025-03-01,ACC-101,Northgate Traders,North,Priya Nair,CM-Shop Wipes Bulk,Cleaning & Maintenance,Low,27,260,0.046,248.12,224,6699.24,651.24,0
ORD-00008,2025-04-11,ACC-101,Northgate Traders,North,Priya Nair,FF-Stainless Fastener Pack,Fasteners & Fittings,Mid,20,1400,0.054,1323.7,980,26474.0,6874.0,0
ORD-00008,2025-04-11,ACC-101,Northgate Traders,North,Priya Nair,PH-Micrometer Set,Precision Hardware,High,11,4100,0.042,3928.31,2460,43211.41,16151.41,0
ORD-00008,2025-04-11,ACC-101,Northgate Traders,North,Priya Nair,CN-Cutting Blade 10pk,Consumables,Low,43,420,0.052,398.35,357,17129.05,1778.05,0
ORD-00008,2025-04-11,ACC-101,Northgate Traders,North,Priya Nair,SB-Safety Gloves 12pr,Safety Basics,Low,23,360,0.079,331.4,306,7622.2,584.2,0
ORD-00009,2025-04-17,ACC-101,Northgate Traders,North,Priya Nair,EA-Cable Gland Set,Electrical Accessories,Mid,18,1100,0.041,1054.38,770,18978.84,5118.84,0
ORD-00009,2025-04-17,ACC-101,Northgate Traders,North,Priya Nair,CM-Shop Wipes Bulk,Cleaning & Maintenance,Low,31,260,0.072,241.16,224,7475.96,531.96,0
ORD-00009,2025-04-17,ACC-101,Northgate Traders,North,Priya Nair,PT-Rotary Hammer SDS,Power Tools,High,6,14800,0.062,13886.77,8584,83320.62,31816.62,0
ORD-00009,2025-04-17,ACC-101,Northgate Traders,North,Priya Nair,DG-Insulation Tester,Diagnostic Equipment,High,3,21000,0.044,20080.28,11550,60240.84,25590.84,0
ORD-00010,2025-05-06,ACC-101,Northgate Traders,North,Priya Nair,EA-Cable Gland Set,Electrical Accessories,Mid,17,1100,0.037,1059.53,770,18012.01,4922.01,0
ORD-00010,2025-05-06,ACC-101,Northgate Traders,North,Priya Nair,FF-Anchor Bolt Assortment,Fasteners & Fittings,Mid,29,900,0.067,839.97,630,24359.13,6089.13,0
ORD-00010,2025-05-06,ACC-101,Northgate Traders,North,Priya Nair,CM-Shop Wipes Bulk,Cleaning & Maintenance,Low,29,260,0.039,249.96,224,7248.84,752.84,0
ORD-00010,2025-05-06,ACC-101,Northgate Traders,North,Priya Nair,CN-Drill Bit Set,Consumables,Low,30,560,0.073,518.85,476,15565.5,1285.5,0
ORD-00011,2025-05-13,ACC-101,Northgate Traders,North,Priya Nair,DG-Thermal Imager,Diagnostic Equipment,High,2,38000,0.095,34376.53,20900,68753.06,26953.06,0
ORD-00011,2025-05-13,ACC-101,Northgate Traders,North,Priya Nair,PH-Bearing Puller Kit,Precision Hardware,High,7,5600,0.038,5388.62,3360,37720.34,14200.34,0
ORD-00011,2025-05-13,ACC-101,Northgate Traders,North,Priya Nair,SB-Safety Glasses 10pk,Safety Basics,Low,34,240,0.053,227.3,204,7728.2,792.2,0
ORD-00011,2025-05-13,ACC-101,Northgate Traders,North,Priya Nair,PT-Rotary Hammer SDS,Power Tools,High,7,14800,0.063,13862.17,8584,97035.19,36947.19,0
ORD-00012,2025-06-23,ACC-101,Northgate Traders,North,Priya Nair,EA-Cable Gland Set,Electrical Accessories,Mid,22,1100,0.094,996.79,770,21929.38,4989.38,0
ORD-00012,2025-06-23,ACC-101,Northgate Traders,North,Priya Nair,FF-Anchor Bolt Assortment,Fasteners & Fittings,Mid,26,900,0.046,858.77,630,22328.02,5948.02,0
ORD-00012,2025-06-23,ACC-101,Northgate Traders,North,Priya Nair,PT-Cordless Drill 18V,Power Tools,High,12,9200,0.07,8559.12,5336,102709.44,38677.44,0
ORD-00012,2025-06-23,ACC-101,Northgate Traders,North,Priya Nair,CM-Degreaser 5L,Cleaning & Maintenance,Low,16,480,0.033,464.13,413,7426.08,818.08,0
ORD-00012,2025-06-23,ACC-101,Northgate Traders,North,Priya Nair,PH-Micrometer Set,Precision Hardware,High,10,4100,0.055,3876.23,2460,38762.3,14162.3,0
ORD-00012,2025-06-23,ACC-101,Northgate Traders,North,Priya Nair,CN-Cutting Blade 10pk,Consumables,Low,39,420,0.038,404.01,357,15756.39,1833.39,0
ORD-00012,2025-06-23,ACC-101,Northgate Traders,North,Priya Nair,SB-Safety Glasses 10pk,Safety Basics,Low,36,240,0.097,216.83,204,7805.88,461.88,0
ORD-00012,2025-06-23,ACC-101,Northgate Traders,North,Priya Nair,DG-Thermal Imager,Diagnostic Equipment,High,2,38000,0.054,35936.03,20900,71872.06,30072.06,0
ORD-00013,2025-07-01,ACC-101,Northgate Traders,North,Priya Nair,EA-Cable Gland Set,Electrical Accessories,Mid,20,1100,0.07,1023.09,770,20461.8,5061.8,0
ORD-00013,2025-07-01,ACC-101,Northgate Traders,North,Priya Nair,CM-Degreaser 5L,Cleaning & Maintenance,Low,16,480,0.062,450.23,413,7203.68,595.68,0
ORD-00013,2025-07-01,ACC-101,Northgate Traders,North,Priya Nair,FF-Anchor Bolt Assortment,Fasteners & Fittings,Mid,28,900,0.066,840.42,630,23531.76,5891.76,0
ORD-00013,2025-07-01,ACC-101,Northgate Traders,North,Priya Nair,PT-Cordless Drill 18V,Power Tools,High,10,9200,0.032,8901.54,5336,89015.4,35655.4,0
ORD-00013,2025-07-01,ACC-101,Northgate Traders,North,Priya Nair,DG-Insulation Tester,Diagnostic Equipment,High,4,21000,0.065,19644.15,11550,78576.6,32376.6,0
ORD-00013,2025-07-01,ACC-101,Northgate Traders,North,Priya Nair,PH-Bearing Puller Kit,Precision Hardware,High,7,5600,0.077,5171.59,3360,36201.13,12681.13,0
ORD-00013,2025-07-01,ACC-101,Northgate Traders,North,Priya Nair,SB-Safety Gloves 12pr,Safety Basics,Low,26,360,0.089,328.12,306,8531.12,575.12,0
ORD-00013,2025-07-01,ACC-101,Northgate Traders,North,Priya Nair,CN-Drill Bit Set,Consumables,Low,29,560,0.05,532.01,476,15428.29,1624.29,0
ORD-00015,2025-08-03,ACC-101,Northgate Traders,North,Priya Nair,PT-Cordless Drill 18V,Power Tools,High,11,9200,0.083,8433.2,5336,92765.2,34069.2,0
ORD-00015,2025-08-03,ACC-101,Northgate Traders,North,Priya Nair,DG-Insulation Tester,Diagnostic Equipment,High,3,21000,0.026,20447.82,11550,61343.46,26693.46,0
ORD-00015,2025-08-03,ACC-101,Northgate Traders,North,Priya Nair,SB-Safety Glasses 10pk,Safety Basics,Low,37,240,0.038,230.91,204,8543.67,995.67,0
ORD-00015,2025-08-03,ACC-101,Northgate Traders,North,Priya Nair,EA-MCB 32A,Electrical Accessories,Mid,29,650,0.035,627.16,455,18187.64,4992.64,0
ORD-00014,2025-08-15,ACC-101,Northgate Traders,North,Priya Nair,CN-Cutting Blade 10pk,Consumables,Low,38,420,0.029,408.02,357,15504.76,1938.76,0
ORD-00014,2025-08-15,ACC-101,Northgate Traders,North,Priya Nair,PH-Micrometer Set,Precision Hardware,High,10,4100,0.021,4014.8,2460,40148.0,15548.0,0
ORD-00014,2025-08-15,ACC-101,Northgate Traders,North,Priya Nair,FF-Anchor Bolt Assortment,Fasteners & Fittings,Mid,29,900,0.041,863.26,630,25034.54,6764.54,0
ORD-00014,2025-08-15,ACC-101,Northgate Traders,North,Priya Nair,CM-Degreaser 5L,Cleaning & Maintenance,Low,14,480,0.024,468.31,413,6556.34,774.34,0
ORD-00016,2025-09-23,ACC-101,Northgate Traders,North,Priya Nair,SB-Safety Glasses 10pk,Safety Basics,Low,51,240,0.082,220.41,204,11240.91,836.91,0
ORD-00016,2025-09-23,ACC-101,Northgate Traders,North,Priya Nair,CM-Degreaser 5L,Cleaning & Maintenance,Low,23,480,0.057,452.71,413,10412.33,913.33,0
ORD-00016,2025-09-23,ACC-101,Northgate Traders,North,Priya Nair,EA-Cable Gland Set,Electrical Accessories,Mid,20,1100,0.04,1055.89,770,21117.8,5717.8,0
ORD-00016,2025-09-23,ACC-101,Northgate Traders,North,Priya Nair,CN-Abrasive Discs 25pk,Consumables,Low,80,300,0.018,294.56,255,23564.8,3164.8,0
ORD-00016,2025-09-23,ACC-101,Northgate Traders,North,Priya Nair,PH-Micrometer Set,Precision Hardware,High,9,4100,0.055,3875.82,2460,34882.38,12742.38,0
ORD-00016,2025-09-23,ACC-101,Northgate Traders,North,Priya Nair,PT-Rotary Hammer SDS,Power Tools,High,6,14800,0.047,14108.16,8584,84648.96,33144.96,0
ORD-00016,2025-09-23,ACC-101,Northgate Traders,North,Priya Nair,DG-Thermal Imager,Diagnostic Equipment,High,2,38000,0.018,37300.16,20900,74600.32,32800.32,0
ORD-00016,2025-09-23,ACC-101,Northgate Traders,North,Priya Nair,FF-Stainless Fastener Pack,Fasteners & Fittings,Mid,17,1400,0.022,1369.22,980,23276.74,6616.74,0
ORD-00017,2025-10-04,ACC-101,Northgate Traders,North,Priya Nair,SB-Safety Gloves 12pr,Safety Basics,Low,42,360,0.048,342.9,306,14401.8,1549.8,0
ORD-00017,2025-10-04,ACC-101,Northgate Traders,North,Priya Nair,CM-Degreaser 5L,Cleaning & Maintenance,Low,31,480,0.078,442.69,413,13723.39,920.39,0
ORD-00017,2025-10-04,ACC-101,Northgate Traders,North,Priya Nair,FF-Anchor Bolt Assortment,Fasteners & Fittings,Mid,28,900,0.026,877.02,630,24556.56,6916.56,0
ORD-00017,2025-10-04,ACC-101,Northgate Traders,North,Priya Nair,PH-Precision Torque Wrench,Precision Hardware,High,5,7300,0.079,6719.84,4380,33599.2,11699.2,0
ORD-00017,2025-10-04,ACC-101,Northgate Traders,North,Priya Nair,DG-Digital Multimeter Pro,Diagnostic Equipment,High,4,12500,0.009,12389.94,6875,49559.76,22059.76,0
ORD-00017,2025-10-04,ACC-101,Northgate Traders,North,Priya Nair,EA-MCB 32A,Electrical Accessories,Mid,31,650,0.028,631.96,455,19590.76,5485.76,0
ORD-00017,2025-10-04,ACC-101,Northgate Traders,North,Priya Nair,PT-Rotary Hammer SDS,Power Tools,High,5,14800,0.052,14035.25,8584,70176.25,27256.25,0
ORD-00017,2025-10-04,ACC-101,Northgate Traders,North,Priya Nair,CN-Cutting Blade 10pk,Consumables,Low,79,420,0.062,393.81,357,31110.99,2907.99,0
ORD-00018,2025-11-02,ACC-101,Northgate Traders,North,Priya Nair,SB-Safety Glasses 10pk,Safety Basics,Low,79,240,0.044,229.48,204,18128.92,2012.92,0
ORD-00018,2025-11-02,ACC-101,Northgate Traders,North,Priya Nair,CM-Degreaser 5L,Cleaning & Maintenance,Low,37,480,0.052,455.22,413,16843.14,1562.14,0
ORD-00018,2025-11-02,ACC-101,Northgate Traders,North,Priya Nair,FF-Stainless Fastener Pack,Fasteners & Fittings,Mid,19,1400,0.072,1299.3,980,24686.7,6066.7,0
ORD-00018,2025-11-02,ACC-101,Northgate Traders,North,Priya Nair,PT-Cordless Drill 18V,Power Tools,High,7,9200,0.04,8835.63,5336,61849.41,24497.41,0
ORD-00019,2025-11-19,ACC-101,Northgate Traders,North,Priya Nair,EA-MCB 32A,Electrical Accessories,Mid,36,650,0.062,609.6,455,21945.6,5565.6,0
ORD-00019,2025-11-19,ACC-101,Northgate Traders,North,Priya Nair,PH-Precision Torque Wrench,Precision Hardware,High,4,7300,0.057,6884.43,4380,27537.72,10017.72,0
ORD-00019,2025-11-19,ACC-101,Northgate Traders,North,Priya Nair,CN-Drill Bit Set,Consumables,Low,65,560,0.007,556.21,476,36153.65,5213.65,0
ORD-00019,2025-11-19,ACC-101,Northgate Traders,North,Priya Nair,DG-Insulation Tester,Diagnostic Equipment,High,3,21000,0.079,19331.91,11550,57995.73,23345.73,0
ORD-00020,2025-12-25,ACC-101,Northgate Traders,North,Priya Nair,PH-Precision Torque Wrench,Precision Hardware,High,4,7300,0.05,6936.33,4380,27745.32,10225.32,0
ORD-00020,2025-12-25,ACC-101,Northgate Traders,North,Priya Nair,CN-Drill Bit Set,Consumables,Low,95,560,0.043,535.78,476,50899.1,5679.1,0
ORD-00020,2025-12-25,ACC-101,Northgate Traders,North,Priya Nair,PT-Angle Grinder 900W,Power Tools,High,11,6400,0.056,6044.76,3712,66492.36,25660.36,0
ORD-00020,2025-12-25,ACC-101,Northgate Traders,North,Priya Nair,CM-Degreaser 5L,Cleaning & Maintenance,Low,44,480,0.052,455.08,413,20023.52,1851.52,0
ORD-00020,2025-12-25,ACC-101,Northgate Traders,North,Priya Nair,EA-MCB 32A,Electrical Accessories,Mid,30,650,0.038,625.16,455,18754.8,5104.8,0
ORD-00020,2025-12-25,ACC-101,Northgate Traders,North,Priya Nair,SB-Safety Glasses 10pk,Safety Basics,Low,108,240,0.054,227.06,204,24522.48,2490.48,0
ORD-00020,2025-12-25,ACC-101,Northgate Traders,North,Priya Nair,DG-Insulation Tester,Diagnostic Equipment,High,3,21000,0.019,20599.55,11550,61798.65,27148.65,0
ORD-00020,2025-12-25,ACC-101,Northgate Traders,North,Priya Nair,FF-Anchor Bolt Assortment,Fasteners & Fittings,Mid,30,900,0.064,842.56,630,25276.8,6376.8,0
ORD-00021,2026-01-11,ACC-101,Northgate Traders,North,Priya Nair,SB-Safety Gloves 12pr,Safety Basics,Low,92,360,0.098,324.61,306,29864.12,1712.12,0
ORD-00021,2026-01-11,ACC-101,Northgate Traders,North,Priya Nair,PH-Micrometer Set,Precision Hardware,High,7,4100,0.06,3854.38,2460,26980.66,9760.66,0
ORD-00021,2026-01-11,ACC-101,Northgate Traders,North,Priya Nair,EA-MCB 32A,Electrical Accessories,Mid,33,650,0.042,622.87,455,20554.71,5539.71,0
ORD-00021,2026-01-11,ACC-101,Northgate Traders,North,Priya Nair,FF-Anchor Bolt Assortment,Fasteners & Fittings,Mid,28,900,0.009,892.2,630,24981.6,7341.6,0
ORD-00021,2026-01-11,ACC-101,Northgate Traders,North,Priya Nair,CN-Drill Bit Set,Consumables,Low,113,560,0.051,531.21,476,60026.73,6238.73,0
ORD-00021,2026-01-11,ACC-101,Northgate Traders,North,Priya Nair,DG-Thermal Imager,Diagnostic Equipment,High,1,38000,0.065,35529.06,20900,35529.06,14629.06,0
ORD-00021,2026-01-11,ACC-101,Northgate Traders,North,Priya Nair,CM-Degreaser 5L,Cleaning & Maintenance,Low,49,480,0.066,448.29,413,21966.21,1729.21,0
ORD-00021,2026-01-11,ACC-101,Northgate Traders,North,Priya Nair,PT-Cordless Drill 18V,Power Tools,High,6,9200,0.008,9125.13,5336,54750.78,22734.78,0
ORD-00022,2026-02-19,ACC-101,Northgate Traders,North,Priya Nair,DG-Thermal Imager,Diagnostic Equipment,High,1,38000,0.067,35440.6,20900,35440.6,14540.6,0
ORD-00022,2026-02-19,ACC-101,Northgate Traders,North,Priya Nair,SB-Safety Glasses 10pk,Safety Basics,Low,136,240,0.062,225.18,204,30624.48,2880.48,0
ORD-00022,2026-02-19,ACC-101,Northgate Traders,North,Priya Nair,PT-Cordless Drill 18V,Power Tools,High,7,9200,0.075,8512.2,5336,59585.4,22233.4,0
ORD-00022,2026-02-19,ACC-101,Northgate Traders,North,Priya Nair,CN-Cutting Blade 10pk,Consumables,Low,154,420,0.078,387.18,357,59625.72,4647.72,0
ORD-00022,2026-02-19,ACC-101,Northgate Traders,North,Priya Nair,EA-Cable Gland Set,Electrical Accessories,Mid,20,1100,0.087,1004.3,770,20086.0,4686.0,0
ORD-00022,2026-02-19,ACC-101,Northgate Traders,North,Priya Nair,FF-Anchor Bolt Assortment,Fasteners & Fittings,Mid,27,900,0.04,863.88,630,23324.76,6314.76,0
ORD-00022,2026-02-19,ACC-101,Northgate Traders,North,Priya Nair,PH-Precision Torque Wrench,Precision Hardware,High,3,7300,0.059,6865.83,4380,20597.49,7457.49,0
ORD-00022,2026-02-19,ACC-101,Northgate Traders,North,Priya Nair,CM-Shop Wipes Bulk,Cleaning & Maintenance,Low,109,260,0.052,246.41,224,26858.69,2442.69,0
ORD-00023,2026-03-25,ACC-101,Northgate Traders,North,Priya Nair,FF-Anchor Bolt Assortment,Fasteners & Fittings,Mid,28,900,0.043,861.19,630,24113.32,6473.32,0
ORD-00023,2026-03-25,ACC-101,Northgate Traders,North,Priya Nair,CM-Shop Wipes Bulk,Cleaning & Maintenance,Low,135,260,0.043,248.82,224,33590.7,3350.7,0
ORD-00023,2026-03-25,ACC-101,Northgate Traders,North,Priya Nair,CN-Cutting Blade 10pk,Consumables,Low,194,420,0.081,386.02,357,74887.88,5629.88,0
ORD-00023,2026-03-25,ACC-101,Northgate Traders,North,Priya Nair,DG-Digital Multimeter Pro,Diagnostic Equipment,High,3,12500,0.075,11560.67,6875,34682.01,14057.01,0
ORD-00023,2026-03-25,ACC-101,Northgate Traders,North,Priya Nair,SB-Safety Gloves 12pr,Safety Basics,Low,99,360,0.04,345.75,306,34229.25,3935.25,0
ORD-00023,2026-03-25,ACC-101,Northgate Traders,North,Priya Nair,EA-Cable Gland Set,Electrical Accessories,Mid,18,1100,0.049,1045.93,770,18826.74,4966.74,0
ORD-00023,2026-03-25,ACC-101,Northgate Traders,North,Priya Nair,PT-Angle Grinder 900W,Power Tools,High,7,6400,0.031,6198.85,3712,43391.95,17407.95,0
ORD-00023,2026-03-25,ACC-101,Northgate Traders,North,Priya Nair,PH-Precision Torque Wrench,Precision Hardware,High,3,7300,0.072,6775.17,4380,20325.51,7185.51,0
ORD-00024,2026-04-13,ACC-101,Northgate Traders,North,Priya Nair,FF-Anchor Bolt Assortment,Fasteners & Fittings,Mid,26,900,0.028,874.85,630,22746.1,6366.1,0
ORD-00024,2026-04-13,ACC-101,Northgate Traders,North,Priya Nair,PT-Rotary Hammer SDS,Power Tools,High,2,14800,0.025,14433.13,8584,28866.26,11698.26,0
ORD-00024,2026-04-13,ACC-101,Northgate Traders,North,Priya Nair,DG-Digital Multimeter Pro,Diagnostic Equipment,High,3,12500,0.057,11785.21,6875,35355.63,14730.63,0
ORD-00024,2026-04-13,ACC-101,Northgate Traders,North,Priya Nair,PH-Micrometer Set,Precision Hardware,High,5,4100,0.093,3717.62,2460,18588.1,6288.1,0
ORD-00024,2026-04-13,ACC-101,Northgate Traders,North,Priya Nair,CM-Degreaser 5L,Cleaning & Maintenance,Low,67,480,0.033,464.05,413,31091.35,3420.35,0
ORD-00024,2026-04-13,ACC-101,Northgate Traders,North,Priya Nair,EA-MCB 32A,Electrical Accessories,Mid,31,650,0.036,626.56,455,19423.36,5318.36,0
ORD-00024,2026-04-13,ACC-101,Northgate Traders,North,Priya Nair,CN-Abrasive Discs 25pk,Consumables,Low,262,300,0.024,292.68,255,76682.16,9872.16,0
ORD-00024,2026-04-13,ACC-101,Northgate Traders,North,Priya Nair,SB-Safety Gloves 12pr,Safety Basics,Low,110,360,0.034,347.86,306,38264.6,4604.6,0
ORD-00026,2026-05-06,ACC-101,Northgate Traders,North,Priya Nair,EA-Cable Gland Set,Electrical Accessories,Mid,21,1100,0.068,1024.94,770,21523.74,5353.74,0
ORD-00026,2026-05-06,ACC-101,Northgate Traders,North,Priya Nair,FF-Anchor Bolt Assortment,Fasteners & Fittings,Mid,29,900,0.026,876.29,630,25412.41,7142.41,0
ORD-00026,2026-05-06,ACC-101,Northgate Traders,North,Priya Nair,PT-Rotary Hammer SDS,Power Tools,High,2,14800,0.011,14636.62,8584,29273.24,12105.24,0
ORD-00026,2026-05-06,ACC-101,Northgate Traders,North,Priya Nair,CM-Shop Wipes Bulk,Cleaning & Maintenance,Low,133,260,0.009,257.77,224,34283.41,4491.41,0
ORD-00025,2026-05-23,ACC-101,Northgate Traders,North,Priya Nair,DG-Insulation Tester,Diagnostic Equipment,High,1,21000,0.048,19986.86,11550,19986.86,8436.86,0
ORD-00025,2026-05-23,ACC-101,Northgate Traders,North,Priya Nair,SB-Safety Gloves 12pr,Safety Basics,Low,133,360,0.037,346.79,306,46123.07,5425.07,0
ORD-00025,2026-05-23,ACC-101,Northgate Traders,North,Priya Nair,CN-Drill Bit Set,Consumables,Low,160,560,0.061,526.01,476,84161.6,8001.6,0
ORD-00025,2026-05-23,ACC-101,Northgate Traders,North,Priya Nair,PH-Micrometer Set,Precision Hardware,High,4,4100,0.04,3935.87,2460,15743.48,5903.48,0
ORD-00028,2026-06-25,ACC-101,Northgate Traders,North,Priya Nair,PT-Cordless Drill 18V,Power Tools,High,3,9200,0.1,8281.39,5336,24844.17,8836.17,0
ORD-00028,2026-06-25,ACC-101,Northgate Traders,North,Priya Nair,SB-Safety Gloves 12pr,Safety Basics,Low,141,360,0.067,335.83,306,47352.03,4206.03,0
ORD-00028,2026-06-25,ACC-101,Northgate Traders,North,Priya Nair,DG-Insulation Tester,Diagnostic Equipment,High,1,21000,0.084,19237.47,11550,19237.47,7687.47,0
ORD-00028,2026-06-25,ACC-101,Northgate Traders,North,Priya Nair,CN-Drill Bit Set,Consumables,Low,169,560,0.034,541.14,476,91452.66,11008.66,0
ORD-00027,2026-06-27,ACC-101,Northgate Traders,North,Priya Nair,CM-Degreaser 5L,Cleaning & Maintenance,Low,97,480,0.056,453.34,413,43973.98,3912.98,0
ORD-00027,2026-06-27,ACC-101,Northgate Traders,North,Priya Nair,EA-MCB 32A,Electrical Accessories,Mid,31,650,0.065,607.73,455,18839.63,4734.63,0
ORD-00027,2026-06-27,ACC-101,Northgate Traders,North,Priya Nair,FF-Stainless Fastener Pack,Fasteners & Fittings,Mid,18,1400,0.081,1285.91,980,23146.38,5506.38,0
ORD-00027,2026-06-27,ACC-101,Northgate Traders,North,Priya Nair,PH-Precision Torque Wrench,Precision Hardware,High,2,7300,0.033,7060.1,4380,14120.2,5360.2,0
ORD-00029,2026-07-24,ACC-101,Northgate Traders,North,Priya Nair,PT-Rotary Hammer SDS,Power Tools,High,1,14800,0.032,14327.4,8584,14327.4,5743.4,0
ORD-00029,2026-07-24,ACC-101,Northgate Traders,North,Priya Nair,FF-Anchor Bolt Assortment,Fasteners & Fittings,Mid,29,900,0.041,863.07,630,25029.03,6759.03,0
ORD-00029,2026-07-24,ACC-101,Northgate Traders,North,Priya Nair,CN-Drill Bit Set,Consumables,Low,202,560,0.049,532.74,476,107613.48,11461.48,0
ORD-00029,2026-07-24,ACC-101,Northgate Traders,North,Priya Nair,DG-Insulation Tester,Diagnostic Equipment,High,1,21000,0.051,19933.97,11550,19933.97,8383.97,0
ORD-00029,2026-07-24,ACC-101,Northgate Traders,North,Priya Nair,EA-MCB 32A,Electrical Accessories,Mid,35,650,0.041,623.05,455,21806.75,5881.75,0
ORD-00029,2026-07-24,ACC-101,Northgate Traders,North,Priya Nair,SB-Safety Gloves 12pr,Safety Basics,Low,162,360,0.063,337.37,306,54653.94,5081.94,0
ORD-00029,2026-07-24,ACC-101,Northgate Traders,North,Priya Nair,CM-Degreaser 5L,Cleaning & Maintenance,Low,105,480,0.04,460.87,413,48391.35,5026.35,0
ORD-00029,2026-07-24,ACC-101,Northgate Traders,North,Priya Nair,PH-Micrometer Set,Precision Hardware,High,2,4100,0.015,4038.93,2460,8077.86,3157.86,0
ORD-00030,2026-08-09,ACC-101,Northgate Traders,North,Priya Nair,CN-Drill Bit Set,Consumables,Low,206,560,0.018,549.9,476,113279.4,15223.4,0
ORD-00030,2026-08-09,ACC-101,Northgate Traders,North,Priya Nair,FF-Stainless Fastener Pack,Fasteners & Fittings,Mid,17,1400,0.046,1335.98,980,22711.66,6051.66,0
ORD-00030,2026-08-09,ACC-101,Northgate Traders,North,Priya Nair,DG-Insulation Tester,Diagnostic Equipment,High,1,21000,0.017,20633.69,11550,20633.69,9083.69,0
ORD-00030,2026-08-09,ACC-101,Northgate Traders,North,Priya Nair,EA-Cable Gland Set,Electrical Accessories,Mid,19,1100,0.073,1019.96,770,19379.24,4749.24,0
ORD-00030,2026-08-09,ACC-101,Northgate Traders,North,Priya Nair,PT-Cordless Drill 18V,Power Tools,High,1,9200,0.043,8807.09,5336,8807.09,3471.09,0
ORD-00030,2026-08-09,ACC-101,Northgate Traders,North,Priya Nair,PH-Bearing Puller Kit,Precision Hardware,High,1,5600,0.014,5522.95,3360,5522.95,2162.95,0
ORD-00030,2026-08-09,ACC-101,Northgate Traders,North,Priya Nair,CM-Degreaser 5L,Cleaning & Maintenance,Low,95,480,0.01,475.13,413,45137.35,5902.35,0
ORD-00030,2026-08-09,ACC-101,Northgate Traders,North,Priya Nair,SB-Safety Gloves 12pr,Safety Basics,Low,142,360,0.021,352.34,306,50032.28,6580.28,0
ORD-00032,2024-09-03,ACC-102,Cedar & Co,South,Rohit Sharma,FF-Stainless Fastener Pack,Fasteners & Fittings,Mid,24,1400,0.015,1379.36,980,33104.64,9584.64,0
ORD-00032,2024-09-03,ACC-102,Cedar & Co,South,Rohit Sharma,PT-Rotary Hammer SDS,Power Tools,High,3,14800,0.042,14178.51,8584,42535.53,16783.53,0
ORD-00032,2024-09-03,ACC-102,Cedar & Co,South,Rohit Sharma,CM-Degreaser 5L,Cleaning & Maintenance,Low,27,480,0.012,474.1,413,12800.7,1649.7,0
ORD-00032,2024-09-03,ACC-102,Cedar & Co,South,Rohit Sharma,DG-Thermal Imager,Diagnostic Equipment,High,1,38000,0.034,36695.26,20900,36695.26,15795.26,0
ORD-00031,2024-09-07,ACC-102,Cedar & Co,South,Rohit Sharma,PH-Precision Torque Wrench,Precision Hardware,High,4,7300,0.04,7009.1,4380,28036.4,10516.4,0
ORD-00031,2024-09-07,ACC-102,Cedar & Co,South,Rohit Sharma,SB-Safety Gloves 12pr,Safety Basics,Low,44,360,0.041,345.37,306,15196.28,1732.28,0
ORD-00031,2024-09-07,ACC-102,Cedar & Co,South,Rohit Sharma,EA-Cable Gland Set,Electrical Accessories,Mid,25,1100,0.052,1042.5,770,26062.5,6812.5,0
ORD-00031,2024-09-07,ACC-102,Cedar & Co,South,Rohit Sharma,CN-Abrasive Discs 25pk,Consumables,Low,85,300,0.042,287.52,255,24439.2,2764.2,0
ORD-00033,2024-10-10,ACC-102,Cedar & Co,South,Rohit Sharma,DG-Digital Multimeter Pro,Diagnostic Equipment,High,3,12500,0.037,12035.81,6875,36107.43,15482.43,0
ORD-00033,2024-10-10,ACC-102,Cedar & Co,South,Rohit Sharma,SB-Safety Glasses 10pk,Safety Basics,Low,67,240,0.065,224.51,204,15042.17,1374.17,0
ORD-00033,2024-10-10,ACC-102,Cedar & Co,South,Rohit Sharma,EA-Cable Gland Set,Electrical Accessories,Mid,24,1100,0.028,1069.52,770,25668.48,7188.48,0
ORD-00033,2024-10-10,ACC-102,Cedar & Co,South,Rohit Sharma,CM-Degreaser 5L,Cleaning & Maintenance,Low,27,480,0.058,452.27,413,12211.29,1060.29,0
ORD-00033,2024-10-10,ACC-102,Cedar & Co,South,Rohit Sharma,PH-Precision Torque Wrench,Precision Hardware,High,4,7300,0.052,6923.79,4380,27695.16,10175.16,0
ORD-00033,2024-10-10,ACC-102,Cedar & Co,South,Rohit Sharma,PT-Angle Grinder 900W,Power Tools,High,7,6400,0.046,6104.35,3712,42730.45,16746.45,0
ORD-00033,2024-10-10,ACC-102,Cedar & Co,South,Rohit Sharma,CN-Cutting Blade 10pk,Consumables,Low,65,420,0.047,400.15,357,26009.75,2804.75,0
ORD-00033,2024-10-10,ACC-102,Cedar & Co,South,Rohit Sharma,FF-Stainless Fastener Pack,Fasteners & Fittings,Mid,23,1400,0.054,1324.38,980,30460.74,7920.74,0
ORD-00034,2024-11-22,ACC-102,Cedar & Co,South,Rohit Sharma,SB-Safety Glasses 10pk,Safety Basics,Low,72,240,0.096,217.03,204,15626.16,938.16,0
ORD-00034,2024-11-22,ACC-102,Cedar & Co,South,Rohit Sharma,CN-Cutting Blade 10pk,Consumables,Low,66,420,0.004,418.39,357,27613.74,4051.74,0
ORD-00034,2024-11-22,ACC-102,Cedar & Co,South,Rohit Sharma,EA-MCB 32A,Electrical Accessories,Mid,37,650,0.051,617.12,455,22833.44,5998.44,0
ORD-00034,2024-11-22,ACC-102,Cedar & Co,South,Rohit Sharma,CM-Shop Wipes Bulk,Cleaning & Maintenance,Low,50,260,0.055,245.63,224,12281.5,1081.5,0
ORD-00034,2024-11-22,ACC-102,Cedar & Co,South,Rohit Sharma,PT-Cordless Drill 18V,Power Tools,High,5,9200,0.078,8479.81,5336,42399.05,15719.05,0
ORD-00034,2024-11-22,ACC-102,Cedar & Co,South,Rohit Sharma,DG-Digital Multimeter Pro,Diagnostic Equipment,High,2,12500,0.043,11961.14,6875,23922.28,10172.28,0
ORD-00034,2024-11-22,ACC-102,Cedar & Co,South,Rohit Sharma,PH-Precision Torque Wrench,Precision Hardware,High,5,7300,0.009,7230.9,4380,36154.5,14254.5,0
ORD-00034,2024-11-22,ACC-102,Cedar & Co,South,Rohit Sharma,FF-Stainless Fastener Pack,Fasteners & Fittings,Mid,22,1400,0.063,1311.38,980,28850.36,7290.36,0
ORD-00035,2024-12-02,ACC-102,Cedar & Co,South,Rohit Sharma,SB-Safety Gloves 12pr,Safety Basics,Low,42,360,0.05,341.86,306,14358.12,1506.12,0
ORD-00035,2024-12-02,ACC-102,Cedar & Co,South,Rohit Sharma,EA-Cable Gland Set,Electrical Accessories,Mid,25,1100,0.073,1019.54,770,25488.5,6238.5,0
ORD-00035,2024-12-02,ACC-102,Cedar & Co,South,Rohit Sharma,DG-Digital Multimeter Pro,Diagnostic Equipment,High,3,12500,0.051,11860.41,6875,35581.23,14956.23,0
ORD-00035,2024-12-02,ACC-102,Cedar & Co,South,Rohit Sharma,PT-Cordless Drill 18V,Power Tools,High,5,9200,0.076,8498.88,5336,42494.4,15814.4,0
ORD-00035,2024-12-02,ACC-102,Cedar & Co,South,Rohit Sharma,CN-Cutting Blade 10pk,Consumables,Low,61,420,0.068,391.59,357,23886.99,2109.99,0
ORD-00035,2024-12-02,ACC-102,Cedar & Co,South,Rohit Sharma,PH-Micrometer Set,Precision Hardware,High,8,4100,0.051,3890.8,2460,31126.4,11446.4,0
ORD-00035,2024-12-02,ACC-102,Cedar & Co,South,Rohit Sharma,CM-Degreaser 5L,Cleaning & Maintenance,Low,26,480,0.055,453.66,413,11795.16,1057.16,0
ORD-00035,2024-12-02,ACC-102,Cedar & Co,South,Rohit Sharma,FF-Stainless Fastener Pack,Fasteners & Fittings,Mid,23,1400,0.041,1342.01,980,30866.23,8326.23,0
ORD-00036,2025-01-05,ACC-102,Cedar & Co,South,Rohit Sharma,CN-Cutting Blade 10pk,Consumables,Low,66,420,0.084,384.53,357,25378.98,1816.98,0
ORD-00036,2025-01-05,ACC-102,Cedar & Co,South,Rohit Sharma,PH-Micrometer Set,Precision Hardware,High,8,4100,0.052,3887.11,2460,31096.88,11416.88,0
ORD-00036,2025-01-05,ACC-102,Cedar & Co,South,Rohit Sharma,DG-Insulation Tester,Diagnostic Equipment,High,1,21000,0.026,20455.5,11550,20455.5,8905.5,0
ORD-00036,2025-01-05,ACC-102,Cedar & Co,South,Rohit Sharma,FF-Stainless Fastener Pack,Fasteners & Fittings,Mid,24,1400,0.061,1314.46,980,31547.04,8027.04,0
ORD-00036,2025-01-05,ACC-102,Cedar & Co,South,Rohit Sharma,CM-Degreaser 5L,Cleaning & Maintenance,Low,29,480,0.081,441.13,413,12792.77,815.77,0
ORD-00036,2025-01-05,ACC-102,Cedar & Co,South,Rohit Sharma,SB-Safety Glasses 10pk,Safety Basics,Low,62,240,0.08,220.8,204,13689.6,1041.6,0
ORD-00036,2025-01-05,ACC-102,Cedar & Co,South,Rohit Sharma,PT-Rotary Hammer SDS,Power Tools,High,3,14800,0.011,14639.79,8584,43919.37,18167.37,0
ORD-00036,2025-01-05,ACC-102,Cedar & Co,South,Rohit Sharma,EA-MCB 32A,Electrical Accessories,Mid,45,650,0.068,606.02,455,27270.9,6795.9,0
ORD-00037,2025-02-15,ACC-102,Cedar & Co,South,Rohit Sharma,EA-Cable Gland Set,Electrical Accessories,Mid,24,1100,0.037,1059.32,770,25423.68,6943.68,0
ORD-00037,2025-02-15,ACC-102,Cedar & Co,South,Rohit Sharma,PH-Bearing Puller Kit,Precision Hardware,High,6,5600,0.079,5158.64,3360,30951.84,10791.84,0
ORD-00037,2025-02-15,ACC-102,Cedar & Co,South,Rohit Sharma,SB-Safety Gloves 12pr,Safety Basics,Low,44,360,0.039,345.89,306,15219.16,1755.16,0
ORD-00037,2025-02-15,ACC-102,Cedar & Co,South,Rohit Sharma,DG-Insulation Tester,Diagnostic Equipment,High,1,21000,0.063,19685.03,11550,19685.03,8135.03,0
ORD-00037,2025-02-15,ACC-102,Cedar & Co,South,Rohit Sharma,CM-Shop Wipes Bulk,Cleaning & Maintenance,Low,51,260,0.048,247.44,224,12619.44,1195.44,0
ORD-00037,2025-02-15,ACC-102,Cedar & Co,South,Rohit Sharma,FF-Anchor Bolt Assortment,Fasteners & Fittings,Mid,36,900,0.05,855.06,630,30782.16,8102.16,0
ORD-00037,2025-02-15,ACC-102,Cedar & Co,South,Rohit Sharma,CN-Abrasive Discs 25pk,Consumables,Low,88,300,0.013,296.05,255,26052.4,3612.4,0
ORD-00037,2025-02-15,ACC-102,Cedar & Co,South,Rohit Sharma,PT-Angle Grinder 900W,Power Tools,High,7,6400,0.074,5924.22,3712,41469.54,15485.54,0
ORD-00038,2025-03-04,ACC-102,Cedar & Co,South,Rohit Sharma,EA-MCB 32A,Electrical Accessories,Mid,37,650,0.047,619.23,455,22911.51,6076.51,0
ORD-00038,2025-03-04,ACC-102,Cedar & Co,South,Rohit Sharma,CN-Abrasive Discs 25pk,Consumables,Low,91,300,0.056,283.1,255,25762.1,2557.1,0
ORD-00038,2025-03-04,ACC-102,Cedar & Co,South,Rohit Sharma,PT-Cordless Drill 18V,Power Tools,High,5,9200,0.067,8579.79,5336,42898.95,16218.95,0
ORD-00038,2025-03-04,ACC-102,Cedar & Co,South,Rohit Sharma,DG-Insulation Tester,Diagnostic Equipment,High,2,21000,0.073,19458.11,11550,38916.22,15816.22,0
ORD-00038,2025-03-04,ACC-102,Cedar & Co,South,Rohit Sharma,CM-Shop Wipes Bulk,Cleaning & Maintenance,Low,50,260,0.025,253.59,224,12679.5,1479.5,0
ORD-00038,2025-03-04,ACC-102,Cedar & Co,South,Rohit Sharma,FF-Stainless Fastener Pack,Fasteners & Fittings,Mid,24,1400,0.06,1316.25,980,31590.0,8070.0,0
ORD-00038,2025-03-04,ACC-102,Cedar & Co,South,Rohit Sharma,PH-Micrometer Set,Precision Hardware,High,8,4100,0.017,4031.25,2460,32250.0,12570.0,0
ORD-00038,2025-03-04,ACC-102,Cedar & Co,South,Rohit Sharma,SB-Safety Glasses 10pk,Safety Basics,Low,66,240,0.046,229.07,204,15118.62,1654.62,0
ORD-00040,2025-04-08,ACC-102,Cedar & Co,South,Rohit Sharma,CN-Drill Bit Set,Consumables,Low,47,560,0.087,511.43,476,24037.21,1665.21,0
ORD-00040,2025-04-08,ACC-102,Cedar & Co,South,Rohit Sharma,PH-Bearing Puller Kit,Precision Hardware,High,6,5600,0.042,5365.51,3360,32193.06,12033.06,0
ORD-00040,2025-04-08,ACC-102,Cedar & Co,South,Rohit Sharma,FF-Anchor Bolt Assortment,Fasteners & Fittings,Mid,37,900,0.012,888.86,630,32887.82,9577.82,0
ORD-00040,2025-04-08,ACC-102,Cedar & Co,South,Rohit Sharma,EA-Cable Gland Set,Electrical Accessories,Mid,23,1100,0.067,1025.99,770,23597.77,5887.77,0
ORD-00039,2025-04-14,ACC-102,Cedar & Co,South,Rohit Sharma,PT-Rotary Hammer SDS,Power Tools,High,3,14800,0.069,13778.6,8584,41335.8,15583.8,0
ORD-00039,2025-04-14,ACC-102,Cedar & Co,South,Rohit Sharma,SB-Safety Gloves 12pr,Safety Basics,Low,41,360,0.07,334.82,306,13727.62,1181.62,0
ORD-00039,2025-04-14,ACC-102,Cedar & Co,South,Rohit Sharma,CM-Shop Wipes Bulk,Cleaning & Maintenance,Low,45,260,0.007,258.12,224,11615.4,1535.4,0
ORD-00039,2025-04-14,ACC-102,Cedar & Co,South,Rohit Sharma,DG-Thermal Imager,Diagnostic Equipment,High,1,38000,0.03,36873.47,20900,36873.47,15973.47,0
ORD-00041,2025-05-12,ACC-102,Cedar & Co,South,Rohit Sharma,FF-Stainless Fastener Pack,Fasteners & Fittings,Mid,22,1400,0.026,1363.42,980,29995.24,8435.24,0
ORD-00041,2025-05-12,ACC-102,Cedar & Co,South,Rohit Sharma,EA-MCB 32A,Electrical Accessories,Mid,39,650,0.048,618.57,455,24124.23,6379.23,0
ORD-00041,2025-05-12,ACC-102,Cedar & Co,South,Rohit Sharma,SB-Safety Gloves 12pr,Safety Basics,Low,47,360,0.035,347.52,306,16333.44,1951.44,0
ORD-00041,2025-05-12,ACC-102,Cedar & Co,South,Rohit Sharma,CM-Shop Wipes Bulk,Cleaning & Maintenance,Low,50,260,0.036,250.61,224,12530.5,1330.5,0
ORD-00041,2025-05-12,ACC-102,Cedar & Co,South,Rohit Sharma,PH-Precision Torque Wrench,Precision Hardware,High,5,7300,0.073,6767.48,4380,33837.4,11937.4,0
ORD-00041,2025-05-12,ACC-102,Cedar & Co,South,Rohit Sharma,DG-Insulation Tester,Diagnostic Equipment,High,2,21000,0.055,19838.27,11550,39676.54,16576.54,0
ORD-00041,2025-05-12,ACC-102,Cedar & Co,South,Rohit Sharma,PT-Angle Grinder 900W,Power Tools,High,7,6400,0.032,6197.89,3712,43385.23,17401.23,0
ORD-00041,2025-05-12,ACC-102,Cedar & Co,South,Rohit Sharma,CN-Abrasive Discs 25pk,Consumables,Low,88,300,0.045,286.38,255,25201.44,2761.44,0
ORD-00042,2025-06-13,ACC-102,Cedar & Co,South,Rohit Sharma,CN-Drill Bit Set,Consumables,Low,54,560,0.054,529.79,476,28608.66,2904.66,0
ORD-00042,2025-06-13,ACC-102,Cedar & Co,South,Rohit Sharma,PT-Cordless Drill 18V,Power Tools,High,4,9200,0.031,8919.24,5336,35676.96,14332.96,0
ORD-00042,2025-06-13,ACC-102,Cedar & Co,South,Rohit Sharma,PH-Precision Torque Wrench,Precision Hardware,High,4,7300,0.038,7019.24,4380,28076.96,10556.96,0
ORD-00042,2025-06-13,ACC-102,Cedar & Co,South,Rohit Sharma,EA-MCB 32A,Electrical Accessories,Mid,37,650,0.028,631.61,455,23369.57,6534.57,0
ORD-00042,2025-06-13,ACC-102,Cedar & Co,South,Rohit Sharma,DG-Digital Multimeter Pro,Diagnostic Equipment,High,3,12500,0.069,11632.67,6875,34898.01,14273.01,0
ORD-00042,2025-06-13,ACC-102,Cedar & Co,South,Rohit Sharma,CM-Degreaser 5L,Cleaning & Maintenance,Low,28,480,0.02,470.43,413,13172.04,1608.04,0
ORD-00042,2025-06-13,ACC-102,Cedar & Co,South,Rohit Sharma,FF-Stainless Fastener Pack,Fasteners & Fittings,Mid,23,1400,0.049,1331.23,980,30618.29,8078.29,0
ORD-00042,2025-06-13,ACC-102,Cedar & Co,South,Rohit Sharma,SB-Safety Glasses 10pk,Safety Basics,Low,60,240,0.053,227.19,204,13631.4,1391.4,0
ORD-00043,2025-07-27,ACC-102,Cedar & Co,South,Rohit Sharma,PT-Cordless Drill 18V,Power Tools,High,5,9200,0.037,8864.03,5336,44320.15,17640.15,0
ORD-00043,2025-07-27,ACC-102,Cedar & Co,South,Rohit Sharma,CN-Cutting Blade 10pk,Consumables,Low,65,420,0.026,409.27,357,26602.55,3397.55,0
ORD-00043,2025-07-27,ACC-102,Cedar & Co,South,Rohit Sharma,SB-Safety Gloves 12pr,Safety Basics,Low,42,360,0.069,335.05,306,14072.1,1220.1,0
ORD-00043,2025-07-27,ACC-102,Cedar & Co,South,Rohit Sharma,PH-Precision Torque Wrench,Precision Hardware,High,4,7300,0.046,6961.05,4380,27844.2,10324.2,0
ORD-00043,2025-07-27,ACC-102,Cedar & Co,South,Rohit Sharma,EA-Cable Gland Set,Electrical Accessories,Mid,26,1100,0.033,1063.45,770,27649.7,7629.7,0
ORD-00043,2025-07-27,ACC-102,Cedar & Co,South,Rohit Sharma,FF-Anchor Bolt Assortment,Fasteners & Fittings,Mid,33,900,0.045,859.15,630,28351.95,7561.95,0
ORD-00043,2025-07-27,ACC-102,Cedar & Co,South,Rohit Sharma,DG-Thermal Imager,Diagnostic Equipment,High,1,38000,0.048,36169.43,20900,36169.43,15269.43,0
ORD-00043,2025-07-27,ACC-102,Cedar & Co,South,Rohit Sharma,CM-Degreaser 5L,Cleaning & Maintenance,Low,23,480,0.023,469.17,413,10790.91,1291.91,0
ORD-00044,2025-08-15,ACC-102,Cedar & Co,South,Rohit Sharma,EA-Cable Gland Set,Electrical Accessories,Mid,24,1100,0.024,1073.57,770,25765.68,7285.68,0
ORD-00044,2025-08-15,ACC-102,Cedar & Co,South,Rohit Sharma,SB-Safety Gloves 12pr,Safety Basics,Low,40,360,0.009,356.81,306,14272.4,2032.4,0
ORD-00044,2025-08-15,ACC-102,Cedar & Co,South,Rohit Sharma,PT-Rotary Hammer SDS,Power Tools,High,3,14800,0.038,14234.0,8584,42702.0,16950.0,0
ORD-00044,2025-08-15,ACC-102,Cedar & Co,South,Rohit Sharma,FF-Stainless Fastener Pack,Fasteners & Fittings,Mid,25,1400,0.066,1308.02,980,32700.5,8200.5,0
ORD-00044,2025-08-15,ACC-102,Cedar & Co,South,Rohit Sharma,PH-Precision Torque Wrench,Precision Hardware,High,4,7300,0.043,6982.59,4380,27930.36,10410.36,0
ORD-00044,2025-08-15,ACC-102,Cedar & Co,South,Rohit Sharma,DG-Thermal Imager,Diagnostic Equipment,High,1,38000,0.049,36149.7,20900,36149.7,15249.7,0
ORD-00044,2025-08-15,ACC-102,Cedar & Co,South,Rohit Sharma,CN-Drill Bit Set,Consumables,Low,50,560,0.004,557.65,476,27882.5,4082.5,0
ORD-00044,2025-08-15,ACC-102,Cedar & Co,South,Rohit Sharma,CM-Shop Wipes Bulk,Cleaning & Maintenance,Low,50,260,0.061,244.14,224,12207.0,1007.0,0
ORD-00045,2025-09-11,ACC-102,Cedar & Co,South,Rohit Sharma,FF-Stainless Fastener Pack,Fasteners & Fittings,Mid,23,1400,0.087,1277.57,980,29384.11,6844.11,0
ORD-00045,2025-09-11,ACC-102,Cedar & Co,South,Rohit Sharma,PH-Micrometer Set,Precision Hardware,High,8,4100,0.051,3892.67,2460,31141.36,11461.36,0
ORD-00045,2025-09-11,ACC-102,Cedar & Co,South,Rohit Sharma,EA-MCB 32A,Electrical Accessories,Mid,38,650,0.072,603.46,455,22931.48,5641.48,0
ORD-00045,2025-09-11,ACC-102,Cedar & Co,South,Rohit Sharma,PT-Cordless Drill 18V,Power Tools,High,5,9200,0.031,8917.07,5336,44585.35,17905.35,0
ORD-00045,2025-09-11,ACC-102,Cedar & Co,South,Rohit Sharma,CM-Degreaser 5L,Cleaning & Maintenance,Low,26,480,0.021,469.9,413,12217.4,1479.4,0
ORD-00045,2025-09-11,ACC-102,Cedar & Co,South,Rohit Sharma,DG-Thermal Imager,Diagnostic Equipment,High,1,38000,0.041,36440.11,20900,36440.11,15540.11,0
ORD-00045,2025-09-11,ACC-102,Cedar & Co,South,Rohit Sharma,CN-Cutting Blade 10pk,Consumables,Low,71,420,0.065,392.7,357,27881.7,2534.7,0
ORD-00045,2025-09-11,ACC-102,Cedar & Co,South,Rohit Sharma,SB-Safety Gloves 12pr,Safety Basics,Low,39,360,0.038,346.4,306,13509.6,1575.6,0
ORD-00046,2025-10-26,ACC-102,Cedar & Co,South,Rohit Sharma,PH-Micrometer Set,Precision Hardware,High,7,4100,0.046,3913.23,2460,27392.61,10172.61,0
ORD-00046,2025-10-26,ACC-102,Cedar & Co,South,Rohit Sharma,DG-Insulation Tester,Diagnostic Equipment,High,1,21000,0.038,20208.82,11550,20208.82,8658.82,0
ORD-00046,2025-10-26,ACC-102,Cedar & Co,South,Rohit Sharma,CM-Shop Wipes Bulk,Cleaning & Maintenance,Low,52,260,0.04,249.48,224,12972.96,1324.96,0
ORD-00046,2025-10-26,ACC-102,Cedar & Co,South,Rohit Sharma,CN-Cutting Blade 10pk,Consumables,Low,72,420,0.076,387.94,357,27931.68,2227.68,0
ORD-00046,2025-10-26,ACC-102,Cedar & Co,South,Rohit Sharma,FF-Stainless Fastener Pack,Fasteners & Fittings,Mid,23,1400,0.072,1298.82,980,29872.86,7332.86,0
ORD-00046,2025-10-26,ACC-102,Cedar & Co,South,Rohit Sharma,EA-MCB 32A,Electrical Accessories,Mid,36,650,0.006,646.01,455,23256.36,6876.36,0
ORD-00046,2025-10-26,ACC-102,Cedar & Co,South,Rohit Sharma,SB-Safety Glasses 10pk,Safety Basics,Low,67,240,0.047,228.74,204,15325.58,1657.58,0
ORD-00046,2025-10-26,ACC-102,Cedar & Co,South,Rohit Sharma,PT-Angle Grinder 900W,Power Tools,High,7,6400,0.038,6154.19,3712,43079.33,17095.33,0
ORD-00047,2025-11-26,ACC-102,Cedar & Co,South,Rohit Sharma,DG-Thermal Imager,Diagnostic Equipment,High,1,38000,0.046,36251.88,20900,36251.88,15351.88,0
ORD-00047,2025-11-26,ACC-102,Cedar & Co,South,Rohit Sharma,SB-Safety Glasses 10pk,Safety Basics,Low,62,240,0.038,230.94,204,14318.28,1670.28,0
ORD-00047,2025-11-26,ACC-102,Cedar & Co,South,Rohit Sharma,EA-Cable Gland Set,Electrical Accessories,Mid,25,1100,0.077,1014.98,770,25374.5,6124.5,0
ORD-00047,2025-11-26,ACC-102,Cedar & Co,South,Rohit Sharma,CN-Cutting Blade 10pk,Consumables,Low,66,420,0.014,414.06,357,27327.96,3765.96,0
ORD-00047,2025-11-26,ACC-102,Cedar & Co,South,Rohit Sharma,PH-Micrometer Set,Precision Hardware,High,7,4100,0.032,3970.65,2460,27794.55,10574.55,0
ORD-00047,2025-11-26,ACC-102,Cedar & Co,South,Rohit Sharma,FF-Anchor Bolt Assortment,Fasteners & Fittings,Mid,36,900,0.04,863.56,630,31088.16,8408.16,0
ORD-00047,2025-11-26,ACC-102,Cedar & Co,South,Rohit Sharma,PT-Angle Grinder 900W,Power Tools,High,6,6400,0.039,6147.21,3712,36883.26,14611.26,0
ORD-00047,2025-11-26,ACC-102,Cedar & Co,South,Rohit Sharma,CM-Shop Wipes Bulk,Cleaning & Maintenance,Low,49,260,0.049,247.21,224,12113.29,1137.29,0
ORD-00048,2025-12-22,ACC-102,Cedar & Co,South,Rohit Sharma,CN-Abrasive Discs 25pk,Consumables,Low,87,300,0.075,277.54,255,24145.98,1960.98,0
ORD-00048,2025-12-22,ACC-102,Cedar & Co,South,Rohit Sharma,PH-Bearing Puller Kit,Precision Hardware,High,6,5600,0.081,5145.71,3360,30874.26,10714.26,0
ORD-00048,2025-12-22,ACC-102,Cedar & Co,South,Rohit Sharma,EA-Cable Gland Set,Electrical Accessories,Mid,23,1100,0.042,1053.59,770,24232.57,6522.57,0
ORD-00048,2025-12-22,ACC-102,Cedar & Co,South,Rohit Sharma,PT-Angle Grinder 900W,Power Tools,High,6,6400,0.034,6184.73,3712,37108.38,14836.38,0
ORD-00048,2025-12-22,ACC-102,Cedar & Co,South,Rohit Sharma,CM-Degreaser 5L,Cleaning & Maintenance,Low,28,480,0.075,444.12,413,12435.36,871.36,0
ORD-00048,2025-12-22,ACC-102,Cedar & Co,South,Rohit Sharma,FF-Anchor Bolt Assortment,Fasteners & Fittings,Mid,36,900,0.04,864.06,630,31106.16,8426.16,0
ORD-00048,2025-12-22,ACC-102,Cedar & Co,South,Rohit Sharma,DG-Digital Multimeter Pro,Diagnostic Equipment,High,3,12500,0.059,11766.28,6875,35298.84,14673.84,0
ORD-00048,2025-12-22,ACC-102,Cedar & Co,South,Rohit Sharma,SB-Safety Gloves 12pr,Safety Basics,Low,42,360,0.067,335.72,306,14100.24,1248.24,0
ORD-00050,2026-01-03,ACC-102,Cedar & Co,South,Rohit Sharma,CM-Shop Wipes Bulk,Cleaning & Maintenance,Low,47,260,0.051,246.68,224,11593.96,1065.96,0
ORD-00050,2026-01-03,ACC-102,Cedar & Co,South,Rohit Sharma,CN-Drill Bit Set,Consumables,Low,56,560,0.096,506.22,476,28348.32,1692.32,0
ORD-00050,2026-01-03,ACC-102,Cedar & Co,South,Rohit Sharma,PT-Angle Grinder 900W,Power Tools,High,7,6400,0.035,6178.83,3712,43251.81,17267.81,0
ORD-00050,2026-01-03,ACC-102,Cedar & Co,South,Rohit Sharma,EA-Cable Gland Set,Electrical Accessories,Mid,22,1100,0.054,1040.89,770,22899.58,5959.58,0
ORD-00049,2026-01-24,ACC-102,Cedar & Co,South,Rohit Sharma,DG-Digital Multimeter Pro,Diagnostic Equipment,High,3,12500,0.097,11287.22,6875,33861.66,13236.66,0
ORD-00049,2026-01-24,ACC-102,Cedar & Co,South,Rohit Sharma,PH-Micrometer Set,Precision Hardware,High,7,4100,0.079,3774.69,2460,26422.83,9202.83,0
ORD-00049,2026-01-24,ACC-102,Cedar & Co,South,Rohit Sharma,FF-Stainless Fastener Pack,Fasteners & Fittings,Mid,22,1400,0.071,1301.03,980,28622.66,7062.66,0
ORD-00049,2026-01-24,ACC-102,Cedar & Co,South,Rohit Sharma,SB-Safety Glasses 10pk,Safety Basics,Low,68,240,0.086,219.48,204,14924.64,1052.64,0
ORD-00052,2026-02-12,ACC-102,Cedar & Co,South,Rohit Sharma,CM-Degreaser 5L,Cleaning & Maintenance,Low,29,480,0.052,455.17,413,13199.93,1222.93,0
ORD-00052,2026-02-12,ACC-102,Cedar & Co,South,Rohit Sharma,SB-Safety Gloves 12pr,Safety Basics,Low,46,360,0.088,328.21,306,15097.66,1021.66,0
ORD-00052,2026-02-12,ACC-102,Cedar & Co,South,Rohit Sharma,DG-Digital Multimeter Pro,Diagnostic Equipment,High,2,12500,0.046,11923.75,6875,23847.5,10097.5,0
ORD-00052,2026-02-12,ACC-102,Cedar & Co,South,Rohit Sharma,PT-Angle Grinder 900W,Power Tools,High,6,6400,0.032,6192.2,3712,37153.2,14881.2,0
ORD-00051,2026-02-21,ACC-102,Cedar & Co,South,Rohit Sharma,PH-Bearing Puller Kit,Precision Hardware,High,6,5600,0.064,5241.61,3360,31449.66,11289.66,0
ORD-00051,2026-02-21,ACC-102,Cedar & Co,South,Rohit Sharma,FF-Anchor Bolt Assortment,Fasteners & Fittings,Mid,35,900,0.073,834.31,630,29200.85,7150.85,0
ORD-00051,2026-02-21,ACC-102,Cedar & Co,South,Rohit Sharma,CN-Cutting Blade 10pk,Consumables,Low,69,420,0.036,404.77,357,27929.13,3296.13,0
ORD-00051,2026-02-21,ACC-102,Cedar & Co,South,Rohit Sharma,EA-MCB 32A,Electrical Accessories,Mid,40,650,0.015,640.28,455,25611.2,7411.2,0
ORD-00053,2026-03-14,ACC-102,Cedar & Co,South,Rohit Sharma,CN-Cutting Blade 10pk,Consumables,Low,58,420,0.022,410.66,357,23818.28,3112.28,0
ORD-00053,2026-03-14,ACC-102,Cedar & Co,South,Rohit Sharma,DG-Digital Multimeter Pro,Diagnostic Equipment,High,2,12500,0.041,11986.46,6875,23972.92,10222.92,0
ORD-00053,2026-03-14,ACC-102,Cedar & Co,South,Rohit Sharma,FF-Stainless Fastener Pack,Fasteners & Fittings,Mid,22,1400,0.08,1288.29,980,28342.38,6782.38,0
ORD-00053,2026-03-14,ACC-102,Cedar & Co,South,Rohit Sharma,PH-Micrometer Set,Precision Hardware,High,8,4100,0.019,4022.54,2460,32180.32,12500.32,0
ORD-00053,2026-03-14,ACC-102,Cedar & Co,South,Rohit Sharma,SB-Safety Gloves 12pr,Safety Basics,Low,42,360,0.089,327.85,306,13769.7,917.7,0
ORD-00053,2026-03-14,ACC-102,Cedar & Co,South,Rohit Sharma,CM-Degreaser 5L,Cleaning & Maintenance,Low,26,480,0.075,444.19,413,11548.94,810.94,0
ORD-00053,2026-03-14,ACC-102,Cedar & Co,South,Rohit Sharma,PT-Rotary Hammer SDS,Power Tools,High,3,14800,0.032,14322.96,8584,42968.88,17216.88,0
ORD-00053,2026-03-14,ACC-102,Cedar & Co,South,Rohit Sharma,EA-Cable Gland Set,Electrical Accessories,Mid,24,1100,0.053,1041.65,770,24999.6,6519.6,0
ORD-00055,2026-04-03,ACC-102,Cedar & Co,South,Rohit Sharma,DG-Insulation Tester,Diagnostic Equipment,High,2,21000,0.052,19916.2,11550,39832.4,16732.4,0
ORD-00055,2026-04-03,ACC-102,Cedar & Co,South,Rohit Sharma,SB-Safety Glasses 10pk,Safety Basics,Low,73,240,0.067,224.0,204,16352.0,1460.0,0
ORD-00055,2026-04-03,ACC-102,Cedar & Co,South,Rohit Sharma,EA-MCB 32A,Electrical Accessories,Mid,38,650,0.061,610.49,455,23198.62,5908.62,0
ORD-00055,2026-04-03,ACC-102,Cedar & Co,South,Rohit Sharma,PT-Angle Grinder 900W,Power Tools,High,7,6400,0.043,6121.69,3712,42851.83,16867.83,0
ORD-00054,2026-04-24,ACC-102,Cedar & Co,South,Rohit Sharma,CN-Cutting Blade 10pk,Consumables,Low,62,420,0.093,380.73,357,23605.26,1471.26,0
ORD-00054,2026-04-24,ACC-102,Cedar & Co,South,Rohit Sharma,CM-Degreaser 5L,Cleaning & Maintenance,Low,26,480,0.073,444.8,413,11564.8,826.8,0
ORD-00054,2026-04-24,ACC-102,Cedar & Co,South,Rohit Sharma,FF-Anchor Bolt Assortment,Fasteners & Fittings,Mid,32,900,0.019,882.53,630,28240.96,8080.96,0
ORD-00054,2026-04-24,ACC-102,Cedar & Co,South,Rohit Sharma,PH-Precision Torque Wrench,Precision Hardware,High,4,7300,0.057,6884.11,4380,27536.44,10016.44,0
ORD-00056,2026-05-05,ACC-102,Cedar & Co,South,Rohit Sharma,PT-Cordless Drill 18V,Power Tools,High,5,9200,0.067,8580.92,5336,42904.6,16224.6,0
ORD-00056,2026-05-05,ACC-102,Cedar & Co,South,Rohit Sharma,FF-Anchor Bolt Assortment,Fasteners & Fittings,Mid,34,900,0.037,866.92,630,29475.28,8055.28,0
ORD-00056,2026-05-05,ACC-102,Cedar & Co,South,Rohit Sharma,EA-Cable Gland Set,Electrical Accessories,Mid,22,1100,0.057,1037.29,770,22820.38,5880.38,0
ORD-00056,2026-05-05,ACC-102,Cedar & Co,South,Rohit Sharma,DG-Thermal Imager,Diagnostic Equipment,High,1,38000,0.088,34652.19,20900,34652.19,13752.19,0
ORD-00057,2026-05-13,ACC-102,Cedar & Co,South,Rohit Sharma,CM-Degreaser 5L,Cleaning & Maintenance,Low,27,480,0.062,450.19,413,12155.13,1004.13,0
ORD-00057,2026-05-13,ACC-102,Cedar & Co,South,Rohit Sharma,PH-Micrometer Set,Precision Hardware,High,8,4100,0.034,3959.01,2460,31672.08,11992.08,0
ORD-00057,2026-05-13,ACC-102,Cedar & Co,South,Rohit Sharma,CN-Drill Bit Set,Consumables,Low,50,560,0.027,544.89,476,27244.5,3444.5,0
ORD-00057,2026-05-13,ACC-102,Cedar & Co,South,Rohit Sharma,SB-Safety Glasses 10pk,Safety Basics,Low,59,240,0.044,229.51,204,13541.09,1505.09,0
ORD-00058,2026-06-10,ACC-102,Cedar & Co,South,Rohit Sharma,PH-Bearing Puller Kit,Precision Hardware,High,6,5600,0.081,5145.13,3360,30870.78,10710.78,0
ORD-00058,2026-06-10,ACC-102,Cedar & Co,South,Rohit Sharma,PT-Angle Grinder 900W,Power Tools,High,6,6400,0.074,5928.85,3712,35573.1,13301.1,0
ORD-00058,2026-06-10,ACC-102,Cedar & Co,South,Rohit Sharma,SB-Safety Gloves 12pr,Safety Basics,Low,45,360,0.047,343.22,306,15444.9,1674.9,0
ORD-00058,2026-06-10,ACC-102,Cedar & Co,South,Rohit Sharma,CN-Cutting Blade 10pk,Consumables,Low,62,420,0.06,394.78,357,24476.36,2342.36,0
ORD-00058,2026-06-10,ACC-102,Cedar & Co,South,Rohit Sharma,EA-Cable Gland Set,Electrical Accessories,Mid,22,1100,0.023,1074.72,770,23643.84,6703.84,0
ORD-00058,2026-06-10,ACC-102,Cedar & Co,South,Rohit Sharma,FF-Stainless Fastener Pack,Fasteners & Fittings,Mid,23,1400,0.062,1313.34,980,30206.82,7666.82,0
ORD-00058,2026-06-10,ACC-102,Cedar & Co,South,Rohit Sharma,DG-Thermal Imager,Diagnostic Equipment,High,1,38000,0.061,35690.98,20900,35690.98,14790.98,0
ORD-00058,2026-06-10,ACC-102,Cedar & Co,South,Rohit Sharma,CM-Shop Wipes Bulk,Cleaning & Maintenance,Low,54,260,0.063,243.6,224,13154.4,1058.4,0
ORD-00059,2026-07-20,ACC-102,Cedar & Co,South,Rohit Sharma,DG-Thermal Imager,Diagnostic Equipment,High,1,38000,0.064,35581.82,20900,35581.82,14681.82,0
ORD-00059,2026-07-20,ACC-102,Cedar & Co,South,Rohit Sharma,FF-Stainless Fastener Pack,Fasteners & Fittings,Mid,22,1400,0.038,1346.49,980,29622.78,8062.78,0
ORD-00059,2026-07-20,ACC-102,Cedar & Co,South,Rohit Sharma,SB-Safety Glasses 10pk,Safety Basics,Low,66,240,0.066,224.14,204,14793.24,1329.24,0
ORD-00059,2026-07-20,ACC-102,Cedar & Co,South,Rohit Sharma,PT-Angle Grinder 900W,Power Tools,High,7,6400,0.05,6079.58,3712,42557.06,16573.06,0
ORD-00059,2026-07-20,ACC-102,Cedar & Co,South,Rohit Sharma,PH-Precision Torque Wrench,Precision Hardware,High,4,7300,0.015,7190.85,4380,28763.4,11243.4,0
ORD-00059,2026-07-20,ACC-102,Cedar & Co,South,Rohit Sharma,CN-Drill Bit Set,Consumables,Low,44,560,0.018,550.07,476,24203.08,3259.08,0
ORD-00059,2026-07-20,ACC-102,Cedar & Co,South,Rohit Sharma,CM-Shop Wipes Bulk,Cleaning & Maintenance,Low,47,260,0.077,240.04,224,11281.88,753.88,0
ORD-00059,2026-07-20,ACC-102,Cedar & Co,South,Rohit Sharma,EA-MCB 32A,Electrical Accessories,Mid,39,650,0.033,628.36,455,24506.04,6761.04,0
ORD-00060,2026-08-03,ACC-102,Cedar & Co,South,Rohit Sharma,SB-Safety Gloves 12pr,Safety Basics,Low,45,360,0.015,354.53,306,15953.85,2183.85,0
ORD-00060,2026-08-03,ACC-102,Cedar & Co,South,Rohit Sharma,EA-Cable Gland Set,Electrical Accessories,Mid,25,1100,0.051,1043.89,770,26097.25,6847.25,0
ORD-00060,2026-08-03,ACC-102,Cedar & Co,South,Rohit Sharma,CN-Abrasive Discs 25pk,Consumables,Low,85,300,0.064,280.75,255,23863.75,2188.75,0
ORD-00060,2026-08-03,ACC-102,Cedar & Co,South,Rohit Sharma,FF-Stainless Fastener Pack,Fasteners & Fittings,Mid,25,1400,0.058,1318.24,980,32956.0,8456.0,0
ORD-00061,2026-08-13,ACC-102,Cedar & Co,South,Rohit Sharma,DG-Digital Multimeter Pro,Diagnostic Equipment,High,3,12500,0.061,11731.78,6875,35195.34,14570.34,0
ORD-00061,2026-08-13,ACC-102,Cedar & Co,South,Rohit Sharma,PH-Bearing Puller Kit,Precision Hardware,High,5,5600,0.039,5383.96,3360,26919.8,10119.8,0
ORD-00061,2026-08-13,ACC-102,Cedar & Co,South,Rohit Sharma,PT-Cordless Drill 18V,Power Tools,High,5,9200,0.063,8615.86,5336,43079.3,16399.3,0
ORD-00061,2026-08-13,ACC-102,Cedar & Co,South,Rohit Sharma,CM-Shop Wipes Bulk,Cleaning & Maintenance,Low,46,260,0.066,242.87,224,11172.02,868.02,0
ORD-00062,2024-09-15,ACC-103,Harbor Point Supplies,West,Anil Kumar,PT-Rotary Hammer SDS,Power Tools,High,6,14800,0.075,13683.55,8584,82101.3,30597.3,0
ORD-00062,2024-09-15,ACC-103,Harbor Point Supplies,West,Anil Kumar,EA-Cable Gland Set,Electrical Accessories,Mid,19,1100,0.054,1040.36,770,19766.84,5136.84,0
ORD-00062,2024-09-15,ACC-103,Harbor Point Supplies,West,Anil Kumar,DG-Digital Multimeter Pro,Diagnostic Equipment,High,5,12500,0.032,12097.96,6875,60489.8,26114.8,0
ORD-00062,2024-09-15,ACC-103,Harbor Point Supplies,West,Anil Kumar,SB-Safety Glasses 10pk,Safety Basics,Low,37,240,0.022,234.64,204,8681.68,1133.68,0
ORD-00062,2024-09-15,ACC-103,Harbor Point Supplies,West,Anil Kumar,FF-Stainless Fastener Pack,Fasteners & Fittings,Mid,18,1400,0.064,1310.84,980,23595.12,5955.12,0
ORD-00062,2024-09-15,ACC-103,Harbor Point Supplies,West,Anil Kumar,CM-Shop Wipes Bulk,Cleaning & Maintenance,Low,26,260,0.054,246.0,224,6396.0,572.0,0
ORD-00062,2024-09-15,ACC-103,Harbor Point Supplies,West,Anil Kumar,PH-Micrometer Set,Precision Hardware,High,11,4100,0.054,3876.84,2460,42645.24,15585.24,0
ORD-00062,2024-09-15,ACC-103,Harbor Point Supplies,West,Anil Kumar,CN-Abrasive Discs 25pk,Consumables,Low,55,300,0.075,277.38,255,15255.9,1230.9,0
ORD-00064,2024-10-08,ACC-103,Harbor Point Supplies,West,Anil Kumar,SB-Safety Gloves 12pr,Safety Basics,Low,23,360,0.032,348.59,306,8017.57,979.57,0
ORD-00064,2024-10-08,ACC-103,Harbor Point Supplies,West,Anil Kumar,EA-Cable Gland Set,Electrical Accessories,Mid,20,1100,0.067,1026.24,770,20524.8,5124.8,0
ORD-00064,2024-10-08,ACC-103,Harbor Point Supplies,West,Anil Kumar,CM-Degreaser 5L,Cleaning & Maintenance,Low,14,480,0.046,458.07,413,6412.98,630.98,0
ORD-00064,2024-10-08,ACC-103,Harbor Point Supplies,West,Anil Kumar,FF-Anchor Bolt Assortment,Fasteners & Fittings,Mid,27,900,0.039,865.09,630,23357.43,6347.43,0
ORD-00063,2024-10-24,ACC-103,Harbor Point Supplies,West,Anil Kumar,DG-Digital Multimeter Pro,Diagnostic Equipment,High,7,12500,0.077,11532.09,6875,80724.63,32599.63,0
ORD-00063,2024-10-24,ACC-103,Harbor Point Supplies,West,Anil Kumar,PT-Cordless Drill 18V,Power Tools,High,11,9200,0.066,8597.28,5336,94570.08,35874.08,0
ORD-00063,2024-10-24,ACC-103,Harbor Point Supplies,West,Anil Kumar,PH-Bearing Puller Kit,Precision Hardware,High,8,5600,0.071,5204.02,3360,41632.16,14752.16,0
ORD-00063,2024-10-24,ACC-103,Harbor Point Supplies,West,Anil Kumar,CN-Cutting Blade 10pk,Consumables,Low,36,420,0.035,405.33,357,14591.88,1739.88,0
ORD-00065,2024-11-09,ACC-103,Harbor Point Supplies,West,Anil Kumar,SB-Safety Gloves 12pr,Safety Basics,Low,22,360,0.052,341.35,306,7509.7,777.7,0
ORD-00065,2024-11-09,ACC-103,Harbor Point Supplies,West,Anil Kumar,FF-Anchor Bolt Assortment,Fasteners & Fittings,Mid,33,900,0.083,824.9,630,27221.7,6431.7,0
ORD-00065,2024-11-09,ACC-103,Harbor Point Supplies,West,Anil Kumar,CN-Cutting Blade 10pk,Consumables,Low,39,420,0.02,411.43,357,16045.77,2122.77,0
ORD-00065,2024-11-09,ACC-103,Harbor Point Supplies,West,Anil Kumar,DG-Digital Multimeter Pro,Diagnostic Equipment,High,6,12500,0.063,11715.99,6875,70295.94,29045.94,0
ORD-00065,2024-11-09,ACC-103,Harbor Point Supplies,West,Anil Kumar,PH-Micrometer Set,Precision Hardware,High,11,4100,0.07,3814.22,2460,41956.42,14896.42,0
ORD-00065,2024-11-09,ACC-103,Harbor Point Supplies,West,Anil Kumar,EA-Cable Gland Set,Electrical Accessories,Mid,19,1100,0.013,1085.85,770,20631.15,6001.15,0
ORD-00065,2024-11-09,ACC-103,Harbor Point Supplies,West,Anil Kumar,CM-Shop Wipes Bulk,Cleaning & Maintenance,Low,30,260,0.026,253.31,224,7599.3,879.3,0
ORD-00065,2024-11-09,ACC-103,Harbor Point Supplies,West,Anil Kumar,PT-Angle Grinder 900W,Power Tools,High,16,6400,0.028,6223.62,3712,99577.92,40185.92,0
ORD-00066,2024-12-16,ACC-103,Harbor Point Supplies,West,Anil Kumar,CN-Drill Bit Set,Consumables,Low,36,560,0.055,529.01,476,19044.36,1908.36,0
ORD-00066,2024-12-16,ACC-103,Harbor Point Supplies,West,Anil Kumar,DG-Digital Multimeter Pro,Diagnostic Equipment,High,3,12500,0.067,11666.47,6875,34999.41,14374.41,0
ORD-00066,2024-12-16,ACC-103,Harbor Point Supplies,West,Anil Kumar,EA-Cable Gland Set,Electrical Accessories,Mid,21,1100,0.06,1033.61,770,21705.81,5535.81,0
ORD-00066,2024-12-16,ACC-103,Harbor Point Supplies,West,Anil Kumar,SB-Safety Glasses 10pk,Safety Basics,Low,45,240,0.069,223.47,204,10056.15,876.15,0
ORD-00066,2024-12-16,ACC-103,Harbor Point Supplies,West,Anil Kumar,FF-Stainless Fastener Pack,Fasteners & Fittings,Mid,20,1400,0.062,1313.11,980,26262.2,6662.2,0
ORD-00066,2024-12-16,ACC-103,Harbor Point Supplies,West,Anil Kumar,CM-Shop Wipes Bulk,Cleaning & Maintenance,Low,34,260,0.055,245.57,224,8349.38,733.38,0
ORD-00066,2024-12-16,ACC-103,Harbor Point Supplies,West,Anil Kumar,PT-Cordless Drill 18V,Power Tools,High,4,9200,0.064,8613.2,5336,34452.8,13108.8,0
ORD-00066,2024-12-16,ACC-103,Harbor Point Supplies,West,Anil Kumar,PH-Bearing Puller Kit,Precision Hardware,High,4,5600,0.051,5314.77,3360,21259.08,7819.08,0
ORD-00068,2025-01-03,ACC-103,Harbor Point Supplies,West,Anil Kumar,CN-Cutting Blade 10pk,Consumables,Low,44,420,0.009,416.18,357,18311.92,2603.92,0
ORD-00068,2025-01-03,ACC-103,Harbor Point Supplies,West,Anil Kumar,DG-Digital Multimeter Pro,Diagnostic Equipment,High,2,12500,0.027,12157.7,6875,24315.4,10565.4,0
ORD-00068,2025-01-03,ACC-103,Harbor Point Supplies,West,Anil Kumar,EA-MCB 32A,Electrical Accessories,Mid,33,650,0.08,598.31,455,19744.23,4729.23,0
ORD-00068,2025-01-03,ACC-103,Harbor Point Supplies,West,Anil Kumar,FF-Anchor Bolt Assortment,Fasteners & Fittings,Mid,29,900,0.05,854.91,630,24792.39,6522.39,0
ORD-00067,2025-01-19,ACC-103,Harbor Point Supplies,West,Anil Kumar,SB-Safety Glasses 10pk,Safety Basics,Low,37,240,0.052,227.4,204,8413.8,865.8,0
ORD-00067,2025-01-19,ACC-103,Harbor Point Supplies,West,Anil Kumar,PH-Bearing Puller Kit,Precision Hardware,High,4,5600,0.062,5254.99,3360,21019.96,7579.96,0
ORD-00067,2025-01-19,ACC-103,Harbor Point Supplies,West,Anil Kumar,CM-Degreaser 5L,Cleaning & Maintenance,Low,17,480,0.033,464.23,413,7891.91,870.91,0
ORD-00067,2025-01-19,ACC-103,Harbor Point Supplies,West,Anil Kumar,PT-Angle Grinder 900W,Power Tools,High,7,6400,0.066,5975.9,3712,41831.3,15847.3,0
ORD-00069,2025-02-13,ACC-103,Harbor Point Supplies,West,Anil Kumar,SB-Safety Gloves 12pr,Safety Basics,Low,29,360,0.036,346.9,306,10060.1,1186.1,0
ORD-00069,2025-02-13,ACC-103,Harbor Point Supplies,West,Anil Kumar,EA-Cable Gland Set,Electrical Accessories,Mid,21,1100,0.052,1042.51,770,21892.71,5722.71,0
ORD-00069,2025-02-13,ACC-103,Harbor Point Supplies,West,Anil Kumar,CM-Degreaser 5L,Cleaning & Maintenance,Low,18,480,0.063,449.68,413,8094.24,660.24,0
ORD-00069,2025-02-13,ACC-103,Harbor Point Supplies,West,Anil Kumar,PT-Angle Grinder 900W,Power Tools,High,6,6400,0.012,6322.26,3712,37933.56,15661.56,0
ORD-00069,2025-02-13,ACC-103,Harbor Point Supplies,West,Anil Kumar,PH-Micrometer Set,Precision Hardware,High,5,4100,0.039,3938.6,2460,19693.0,7393.0,0
ORD-00069,2025-02-13,ACC-103,Harbor Point Supplies,West,Anil Kumar,DG-Thermal Imager,Diagnostic Equipment,High,1,38000,0.081,34915.04,20900,34915.04,14015.04,0
ORD-00069,2025-02-13,ACC-103,Harbor Point Supplies,West,Anil Kumar,CN-Abrasive Discs 25pk,Consumables,Low,68,300,0.064,280.76,255,19091.68,1751.68,0
ORD-00069,2025-02-13,ACC-103,Harbor Point Supplies,West,Anil Kumar,FF-Stainless Fastener Pack,Fasteners & Fittings,Mid,19,1400,0.061,1314.79,980,24981.01,6361.01,0
ORD-00070,2025-03-24,ACC-103,Harbor Point Supplies,West,Anil Kumar,SB-Safety Glasses 10pk,Safety Basics,Low,35,240,0.068,223.56,204,7824.6,684.6,0
ORD-00070,2025-03-24,ACC-103,Harbor Point Supplies,West,Anil Kumar,CN-Drill Bit Set,Consumables,Low,29,560,0.042,536.41,476,15555.89,1751.89,0
ORD-00070,2025-03-24,ACC-103,Harbor Point Supplies,West,Anil Kumar,FF-Anchor Bolt Assortment,Fasteners & Fittings,Mid,31,900,0.039,864.52,630,26800.12,7270.12,0
ORD-00070,2025-03-24,ACC-103,Harbor Point Supplies,West,Anil Kumar,CM-Shop Wipes Bulk,Cleaning & Maintenance,Low,29,260,0.05,246.88,224,7159.52,663.52,0
ORD-00070,2025-03-24,ACC-103,Harbor Point Supplies,West,Anil Kumar,PH-Precision Torque Wrench,Precision Hardware,High,6,7300,0.066,6821.68,4380,40930.08,14650.08,0
ORD-00070,2025-03-24,ACC-103,Harbor Point Supplies,West,Anil Kumar,DG-Insulation Tester,Diagnostic Equipment,High,4,21000,0.062,19703.69,11550,78814.76,32614.76,0
ORD-00070,2025-03-24,ACC-103,Harbor Point Supplies,West,Anil Kumar,PT-Cordless Drill 18V,Power Tools,High,11,9200,0.049,8746.9,5336,96215.9,37519.9,0
ORD-00070,2025-03-24,ACC-103,Harbor Point Supplies,West,Anil Kumar,EA-MCB 32A,Electrical Accessories,Mid,35,650,0.047,619.25,455,21673.75,5748.75,0
ORD-00072,2025-04-14,ACC-103,Harbor Point Supplies,West,Anil Kumar,CN-Drill Bit Set,Consumables,Low,32,560,0.059,527.06,476,16865.92,1633.92,0
ORD-00072,2025-04-14,ACC-103,Harbor Point Supplies,West,Anil Kumar,EA-MCB 32A,Electrical Accessories,Mid,29,650,0.012,642.51,455,18632.79,5437.79,0
ORD-00072,2025-04-14,ACC-103,Harbor Point Supplies,West,Anil Kumar,DG-Insulation Tester,Diagnostic Equipment,High,3,21000,0.031,20349.49,11550,61048.47,26398.47,0
ORD-00072,2025-04-14,ACC-103,Harbor Point Supplies,West,Anil Kumar,PH-Precision Torque Wrench,Precision Hardware,High,6,7300,0.067,6811.13,4380,40866.78,14586.78,0
ORD-00071,2025-04-18,ACC-103,Harbor Point Supplies,West,Anil Kumar,SB-Safety Gloves 12pr,Safety Basics,Low,26,360,0.072,334.17,306,8688.42,732.42,0
ORD-00071,2025-04-18,ACC-103,Harbor Point Supplies,West,Anil Kumar,FF-Stainless Fastener Pack,Fasteners & Fittings,Mid,18,1400,0.065,1308.58,980,23554.44,5914.44,0
ORD-00071,2025-04-18,ACC-103,Harbor Point Supplies,West,Anil Kumar,PT-Cordless Drill 18V,Power Tools,High,11,9200,0.037,8862.64,5336,97489.04,38793.04,0
ORD-00071,2025-04-18,ACC-103,Harbor Point Supplies,West,Anil Kumar,CM-Degreaser 5L,Cleaning & Maintenance,Low,16,480,0.017,471.92,413,7550.72,942.72,0
ORD-00073,2025-05-18,ACC-103,Harbor Point Supplies,West,Anil Kumar,CM-Shop Wipes Bulk,Cleaning & Maintenance,Low,25,260,0.014,256.44,224,6411.0,811.0,0
ORD-00073,2025-05-18,ACC-103,Harbor Point Supplies,West,Anil Kumar,PT-Rotary Hammer SDS,Power Tools,High,6,14800,0.016,14564.15,8584,87384.9,35880.9,0
ORD-00073,2025-05-18,ACC-103,Harbor Point Supplies,West,Anil Kumar,DG-Insulation Tester,Diagnostic Equipment,High,3,21000,0.021,20565.67,11550,61697.01,27047.01,0
ORD-00073,2025-05-18,ACC-103,Harbor Point Supplies,West,Anil Kumar,FF-Stainless Fastener Pack,Fasteners & Fittings,Mid,19,1400,0.043,1339.75,980,25455.25,6835.25,0
ORD-00073,2025-05-18,ACC-103,Harbor Point Supplies,West,Anil Kumar,CN-Cutting Blade 10pk,Consumables,Low,44,420,0.045,401.11,357,17648.84,1940.84,0
ORD-00073,2025-05-18,ACC-103,Harbor Point Supplies,West,Anil Kumar,EA-Cable Gland Set,Electrical Accessories,Mid,19,1100,0.014,1084.64,770,20608.16,5978.16,0
ORD-00073,2025-05-18,ACC-103,Harbor Point Supplies,West,Anil Kumar,PH-Bearing Puller Kit,Precision Hardware,High,7,5600,0.03,5434.32,3360,38040.24,14520.24,0
ORD-00073,2025-05-18,ACC-103,Harbor Point Supplies,West,Anil Kumar,SB-Safety Glasses 10pk,Safety Basics,Low,35,240,0.042,229.96,204,8048.6,908.6,0
ORD-00074,2025-06-02,ACC-103,Harbor Point Supplies,West,Anil Kumar,EA-Cable Gland Set,Electrical Accessories,Mid,19,1100,0.084,1007.12,770,19135.28,4505.28,0
ORD-00074,2025-06-02,ACC-103,Harbor Point Supplies,West,Anil Kumar,DG-Digital Multimeter Pro,Diagnostic Equipment,High,6,12500,0.019,12265.6,6875,73593.6,32343.6,0
ORD-00074,2025-06-02,ACC-103,Harbor Point Supplies,West,Anil Kumar,FF-Stainless Fastener Pack,Fasteners & Fittings,Mid,20,1400,0.023,1367.58,980,27351.6,7751.6,0
ORD-00074,2025-06-02,ACC-103,Harbor Point Supplies,West,Anil Kumar,CM-Degreaser 5L,Cleaning & Maintenance,Low,17,480,0.063,449.71,413,7645.07,624.07,0
ORD-00074,2025-06-02,ACC-103,Harbor Point Supplies,West,Anil Kumar,PH-Micrometer Set,Precision Hardware,High,11,4100,0.042,3928.69,2460,43215.59,16155.59,0
ORD-00074,2025-06-02,ACC-103,Harbor Point Supplies,West,Anil Kumar,CN-Cutting Blade 10pk,Consumables,Low,42,420,0.039,403.79,357,16959.18,1965.18,0
ORD-00074,2025-06-02,ACC-103,Harbor Point Supplies,West,Anil Kumar,SB-Safety Gloves 12pr,Safety Basics,Low,26,360,0.074,333.48,306,8670.48,714.48,0
ORD-00074,2025-06-02,ACC-103,Harbor Point Supplies,West,Anil Kumar,PT-Rotary Hammer SDS,Power Tools,High,7,14800,0.017,14544.3,8584,101810.1,41722.1,0
ORD-00075,2025-07-25,ACC-103,Harbor Point Supplies,West,Anil Kumar,EA-MCB 32A,Electrical Accessories,Mid,36,650,0.065,607.52,455,21870.72,5490.72,0
ORD-00075,2025-07-25,ACC-103,Harbor Point Supplies,West,Anil Kumar,PT-Rotary Hammer SDS,Power Tools,High,7,14800,0.054,14004.59,8584,98032.13,37944.13,0
ORD-00075,2025-07-25,ACC-103,Harbor Point Supplies,West,Anil Kumar,CM-Shop Wipes Bulk,Cleaning & Maintenance,Low,29,260,0.049,247.25,224,7170.25,674.25,0
ORD-00075,2025-07-25,ACC-103,Harbor Point Supplies,West,Anil Kumar,CN-Abrasive Discs 25pk,Consumables,Low,59,300,0.034,289.68,255,17091.12,2046.12,0
ORD-00075,2025-07-25,ACC-103,Harbor Point Supplies,West,Anil Kumar,SB-Safety Glasses 10pk,Safety Basics,Low,36,240,0.045,229.22,204,8251.92,907.92,0
ORD-00075,2025-07-25,ACC-103,Harbor Point Supplies,West,Anil Kumar,PH-Micrometer Set,Precision Hardware,High,10,4100,0.033,3966.48,2460,39664.8,15064.8,0
ORD-00075,2025-07-25,ACC-103,Harbor Point Supplies,West,Anil Kumar,FF-Stainless Fastener Pack,Fasteners & Fittings,Mid,20,1400,0.073,1297.71,980,25954.2,6354.2,0
ORD-00075,2025-07-25,ACC-103,Harbor Point Supplies,West,Anil Kumar,DG-Insulation Tester,Diagnostic Equipment,High,4,21000,0.049,19975.94,11550,79903.76,33703.76,0
ORD-00076,2025-08-23,ACC-103,Harbor Point Supplies,West,Anil Kumar,FF-Stainless Fastener Pack,Fasteners & Fittings,Mid,20,1400,0.05,1329.56,980,26591.2,6991.2,0
ORD-00076,2025-08-23,ACC-103,Harbor Point Supplies,West,Anil Kumar,DG-Thermal Imager,Diagnostic Equipment,High,2,38000,0.063,35608.45,20900,71216.9,29416.9,0
ORD-00076,2025-08-23,ACC-103,Harbor Point Supplies,West,Anil Kumar,SB-Safety Glasses 10pk,Safety Basics,Low,37,240,0.078,221.18,204,8183.66,635.66,0
ORD-00076,2025-08-23,ACC-103,Harbor Point Supplies,West,Anil Kumar,EA-Cable Gland Set,Electrical Accessories,Mid,17,1100,0.036,1060.75,770,18032.75,4942.75,0
ORD-00076,2025-08-23,ACC-103,Harbor Point Supplies,West,Anil Kumar,CN-Abrasive Discs 25pk,Consumables,Low,55,300,0.056,283.15,255,15573.25,1548.25,0
ORD-00076,2025-08-23,ACC-103,Harbor Point Supplies,West,Anil Kumar,PH-Micrometer Set,Precision Hardware,High,10,4100,0.043,3923.7,2460,39237.0,14637.0,0
ORD-00076,2025-08-23,ACC-103,Harbor Point Supplies,West,Anil Kumar,PT-Cordless Drill 18V,Power Tools,High,10,9200,0.031,8910.33,5336,89103.3,35743.3,0
ORD-00076,2025-08-23,ACC-103,Harbor Point Supplies,West,Anil Kumar,CM-Degreaser 5L,Cleaning & Maintenance,Low,16,480,0.058,452.13,413,7234.08,626.08,0
ORD-00077,2025-09-13,ACC-103,Harbor Point Supplies,West,Anil Kumar,PH-Bearing Puller Kit,Precision Hardware,High,8,5600,0.025,5459.14,3360,43673.12,16793.12,0
ORD-00077,2025-09-13,ACC-103,Harbor Point Supplies,West,Anil Kumar,EA-Cable Gland Set,Electrical Accessories,Mid,19,1100,0.07,1023.28,770,19442.32,4812.32,0
ORD-00077,2025-09-13,ACC-103,Harbor Point Supplies,West,Anil Kumar,SB-Safety Gloves 12pr,Safety Basics,Low,22,360,0.03,349.31,306,7684.82,952.82,0
ORD-00077,2025-09-13,ACC-103,Harbor Point Supplies,West,Anil Kumar,DG-Digital Multimeter Pro,Diagnostic Equipment,High,6,12500,0.058,11774.59,6875,70647.54,29397.54,0
ORD-00077,2025-09-13,ACC-103,Harbor Point Supplies,West,Anil Kumar,PT-Rotary Hammer SDS,Power Tools,High,6,14800,0.075,13693.41,8584,82160.46,30656.46,0
ORD-00077,2025-09-13,ACC-103,Harbor Point Supplies,West,Anil Kumar,FF-Stainless Fastener Pack,Fasteners & Fittings,Mid,18,1400,0.027,1362.48,980,24524.64,6884.64,0
ORD-00077,2025-09-13,ACC-103,Harbor Point Supplies,West,Anil Kumar,CN-Cutting Blade 10pk,Consumables,Low,39,420,0.065,392.59,357,15311.01,1388.01,0
ORD-00077,2025-09-13,ACC-103,Harbor Point Supplies,West,Anil Kumar,CM-Shop Wipes Bulk,Cleaning & Maintenance,Low,26,260,0.048,247.49,224,6434.74,610.74,0
ORD-00078,2025-10-19,ACC-103,Harbor Point Supplies,West,Anil Kumar,DG-Thermal Imager,Diagnostic Equipment,High,2,38000,0.077,35069.54,20900,70139.08,28339.08,0
ORD-00078,2025-10-19,ACC-103,Harbor Point Supplies,West,Anil Kumar,PH-Bearing Puller Kit,Precision Hardware,High,8,5600,0.035,5405.4,3360,43243.2,16363.2,0
ORD-00078,2025-10-19,ACC-103,Harbor Point Supplies,West,Anil Kumar,CN-Cutting Blade 10pk,Consumables,Low,38,420,0.053,397.7,357,15112.6,1546.6,0
ORD-00078,2025-10-19,ACC-103,Harbor Point Supplies,West,Anil Kumar,FF-Stainless Fastener Pack,Fasteners & Fittings,Mid,20,1400,0.081,1286.39,980,25727.8,6127.8,0
ORD-00078,2025-10-19,ACC-103,Harbor Point Supplies,West,Anil Kumar,SB-Safety Gloves 12pr,Safety Basics,Low,25,360,0.068,335.47,306,8386.75,736.75,0
ORD-00078,2025-10-19,ACC-103,Harbor Point Supplies,West,Anil Kumar,PT-Angle Grinder 900W,Power Tools,High,15,6400,0.029,6213.73,3712,93205.95,37525.95,0
ORD-00078,2025-10-19,ACC-103,Harbor Point Supplies,West,Anil Kumar,CM-Degreaser 5L,Cleaning & Maintenance,Low,15,480,0.058,452.24,413,6783.6,588.6,0
ORD-00078,2025-10-19,ACC-103,Harbor Point Supplies,West,Anil Kumar,EA-MCB 32A,Electrical Accessories,Mid,35,650,0.062,609.59,455,21335.65,5410.65,0
ORD-00079,2025-11-07,ACC-103,Harbor Point Supplies,West,Anil Kumar,PH-Precision Torque Wrench,Precision Hardware,High,6,7300,0.079,6725.31,4380,40351.86,14071.86,0
ORD-00079,2025-11-07,ACC-103,Harbor Point Supplies,West,Anil Kumar,EA-Cable Gland Set,Electrical Accessories,Mid,20,1100,0.058,1035.88,770,20717.6,5317.6,0
ORD-00079,2025-11-07,ACC-103,Harbor Point Supplies,West,Anil Kumar,CN-Abrasive Discs 25pk,Consumables,Low,53,300,0.047,285.83,255,15148.99,1633.99,0
ORD-00079,2025-11-07,ACC-103,Harbor Point Supplies,West,Anil Kumar,CM-Shop Wipes Bulk,Cleaning & Maintenance,Low,29,260,0.041,249.24,224,7227.96,731.96,0
ORD-00080,2025-11-09,ACC-103,Harbor Point Supplies,West,Anil Kumar,PT-Cordless Drill 18V,Power Tools,High,10,9200,0.044,8796.36,5336,87963.6,34603.6,0
ORD-00080,2025-11-09,ACC-103,Harbor Point Supplies,West,Anil Kumar,DG-Thermal Imager,Diagnostic Equipment,High,2,38000,0.051,36078.32,20900,72156.64,30356.64,0
ORD-00080,2025-11-09,ACC-103,Harbor Point Supplies,West,Anil Kumar,FF-Anchor Bolt Assortment,Fasteners & Fittings,Mid,26,900,0.007,893.98,630,23243.48,6863.48,0
ORD-00080,2025-11-09,ACC-103,Harbor Point Supplies,West,Anil Kumar,SB-Safety Glasses 10pk,Safety Basics,Low,36,240,0.065,224.47,204,8080.92,736.92,0
ORD-00081,2025-12-22,ACC-103,Harbor Point Supplies,West,Anil Kumar,CN-Drill Bit Set,Consumables,Low,37,560,0.043,535.93,476,19829.41,2217.41,0
ORD-00081,2025-12-22,ACC-103,Harbor Point Supplies,West,Anil Kumar,DG-Digital Multimeter Pro,Diagnostic Equipment,High,3,12500,0.056,11794.32,6875,35382.96,14757.96,0
ORD-00081,2025-12-22,ACC-103,Harbor Point Supplies,West,Anil Kumar,FF-Anchor Bolt Assortment,Fasteners & Fittings,Mid,29,900,0.039,865.13,630,25088.77,6818.77,0
ORD-00081,2025-12-22,ACC-103,Harbor Point Supplies,West,Anil Kumar,CM-Shop Wipes Bulk,Cleaning & Maintenance,Low,33,260,0.032,251.65,224,8304.45,912.45,0
ORD-00081,2025-12-22,ACC-103,Harbor Point Supplies,West,Anil Kumar,PH-Bearing Puller Kit,Precision Hardware,High,4,5600,0.042,5366.45,3360,21465.8,8025.8,0
ORD-00081,2025-12-22,ACC-103,Harbor Point Supplies,West,Anil Kumar,PT-Angle Grinder 900W,Power Tools,High,6,6400,0.053,6059.43,3712,36356.58,14084.58,0
ORD-00081,2025-12-22,ACC-103,Harbor Point Supplies,West,Anil Kumar,SB-Safety Glasses 10pk,Safety Basics,Low,41,240,0.04,230.4,204,9446.4,1082.4,0
ORD-00081,2025-12-22,ACC-103,Harbor Point Supplies,West,Anil Kumar,EA-MCB 32A,Electrical Accessories,Mid,32,650,0.055,614.43,455,19661.76,5101.76,0
ORD-00082,2026-01-24,ACC-103,Harbor Point Supplies,West,Anil Kumar,PH-Bearing Puller Kit,Precision Hardware,High,3,5600,0.044,5354.76,3360,16064.28,5984.28,0
ORD-00082,2026-01-24,ACC-103,Harbor Point Supplies,West,Anil Kumar,EA-Cable Gland Set,Electrical Accessories,Mid,19,1100,0.058,1035.94,770,19682.86,5052.86,0
ORD-00082,2026-01-24,ACC-103,Harbor Point Supplies,West,Anil Kumar,PT-Cordless Drill 18V,Power Tools,High,4,9200,0.037,8857.52,5336,35430.08,14086.08,0
ORD-00082,2026-01-24,ACC-103,Harbor Point Supplies,West,Anil Kumar,FF-Stainless Fastener Pack,Fasteners & Fittings,Mid,19,1400,0.052,1327.05,980,25213.95,6593.95,0
ORD-00082,2026-01-24,ACC-103,Harbor Point Supplies,West,Anil Kumar,CM-Shop Wipes Bulk,Cleaning & Maintenance,Low,35,260,0.031,252.02,224,8820.7,980.7,0
ORD-00082,2026-01-24,ACC-103,Harbor Point Supplies,West,Anil Kumar,DG-Thermal Imager,Diagnostic Equipment,High,1,38000,0.04,36475.29,20900,36475.29,15575.29,0
ORD-00082,2026-01-24,ACC-103,Harbor Point Supplies,West,Anil Kumar,SB-Safety Glasses 10pk,Safety Basics,Low,39,240,0.028,233.34,204,9100.26,1144.26,0
ORD-00082,2026-01-24,ACC-103,Harbor Point Supplies,West,Anil Kumar,CN-Drill Bit Set,Consumables,Low,31,560,0.057,527.91,476,16365.21,1609.21,0
ORD-00083,2026-02-05,ACC-103,Harbor Point Supplies,West,Anil Kumar,FF-Stainless Fastener Pack,Fasteners & Fittings,Mid,17,1400,0.016,1377.39,980,23415.63,6755.63,0
ORD-00083,2026-02-05,ACC-103,Harbor Point Supplies,West,Anil Kumar,CM-Shop Wipes Bulk,Cleaning & Maintenance,Low,31,260,0.07,241.76,224,7494.56,550.56,0
ORD-00083,2026-02-05,ACC-103,Harbor Point Supplies,West,Anil Kumar,CN-Drill Bit Set,Consumables,Low,33,560,0.064,524.39,476,17304.87,1596.87,0
ORD-00083,2026-02-05,ACC-103,Harbor Point Supplies,West,Anil Kumar,DG-Thermal Imager,Diagnostic Equipment,High,1,38000,0.082,34889.26,20900,34889.26,13989.26,0
ORD-00084,2026-02-20,ACC-103,Harbor Point Supplies,West,Anil Kumar,SB-Safety Gloves 12pr,Safety Basics,Low,27,360,0.091,327.07,306,8830.89,568.89,0
ORD-00084,2026-02-20,ACC-103,Harbor Point Supplies,West,Anil Kumar,PH-Bearing Puller Kit,Precision Hardware,High,3,5600,0.037,5394.02,3360,16182.06,6102.06,0
ORD-00084,2026-02-20,ACC-103,Harbor Point Supplies,West,Anil Kumar,EA-Cable Gland Set,Electrical Accessories,Mid,18,1100,0.037,1059.62,770,19073.16,5213.16,0
ORD-00084,2026-02-20,ACC-103,Harbor Point Supplies,West,Anil Kumar,PT-Cordless Drill 18V,Power Tools,High,4,9200,0.044,8795.1,5336,35180.4,13836.4,0
ORD-00085,2026-03-20,ACC-103,Harbor Point Supplies,West,Anil Kumar,DG-Insulation Tester,Diagnostic Equipment,High,4,21000,0.062,19703.09,11550,78812.36,32612.36,0
ORD-00085,2026-03-20,ACC-103,Harbor Point Supplies,West,Anil Kumar,PT-Cordless Drill 18V,Power Tools,High,10,9200,0.045,8782.14,5336,87821.4,34461.4,0
ORD-00085,2026-03-20,ACC-103,Harbor Point Supplies,West,Anil Kumar,EA-MCB 32A,Electrical Accessories,Mid,30,650,0.052,616.39,455,18491.7,4841.7,0
ORD-00085,2026-03-20,ACC-103,Harbor Point Supplies,West,Anil Kumar,FF-Anchor Bolt Assortment,Fasteners & Fittings,Mid,30,900,0.02,881.76,630,26452.8,7552.8,0
ORD-00085,2026-03-20,ACC-103,Harbor Point Supplies,West,Anil Kumar,CN-Drill Bit Set,Consumables,Low,31,560,0.079,515.78,476,15989.18,1233.18,0
ORD-00085,2026-03-20,ACC-103,Harbor Point Supplies,West,Anil Kumar,PH-Micrometer Set,Precision Hardware,High,10,4100,0.017,4030.48,2460,40304.8,15704.8,0
ORD-00085,2026-03-20,ACC-103,Harbor Point Supplies,West,Anil Kumar,SB-Safety Gloves 12pr,Safety Basics,Low,23,360,0.043,344.49,306,7923.27,885.27,0
ORD-00085,2026-03-20,ACC-103,Harbor Point Supplies,West,Anil Kumar,CM-Degreaser 5L,Cleaning & Maintenance,Low,15,480,0.087,438.21,413,6573.15,378.15,0
ORD-00086,2026-04-18,ACC-103,Harbor Point Supplies,West,Anil Kumar,FF-Stainless Fastener Pack,Fasteners & Fittings,Mid,18,1400,0.073,1297.64,980,23357.52,5717.52,0
ORD-00086,2026-04-18,ACC-103,Harbor Point Supplies,West,Anil Kumar,PT-Angle Grinder 900W,Power Tools,High,17,6400,0.076,5912.55,3712,100513.35,37409.35,0
ORD-00086,2026-04-18,ACC-103,Harbor Point Supplies,West,Anil Kumar,EA-Cable Gland Set,Electrical Accessories,Mid,21,1100,0.051,1044.2,770,21928.2,5758.2,0
ORD-00086,2026-04-18,ACC-103,Harbor Point Supplies,West,Anil Kumar,SB-Safety Glasses 10pk,Safety Basics,Low,34,240,0.046,229.02,204,7786.68,850.68,0
ORD-00086,2026-04-18,ACC-103,Harbor Point Supplies,West,Anil Kumar,PH-Bearing Puller Kit,Precision Hardware,High,7,5600,0.036,5399.15,3360,37794.05,14274.05,0
ORD-00086,2026-04-18,ACC-103,Harbor Point Supplies,West,Anil Kumar,CN-Abrasive Discs 25pk,Consumables,Low,49,300,0.025,292.45,255,14330.05,1835.05,0
ORD-00086,2026-04-18,ACC-103,Harbor Point Supplies,West,Anil Kumar,CM-Degreaser 5L,Cleaning & Maintenance,Low,14,480,0.032,464.6,413,6504.4,722.4,0
ORD-00086,2026-04-18,ACC-103,Harbor Point Supplies,West,Anil Kumar,DG-Insulation Tester,Diagnostic Equipment,High,3,21000,0.049,19972.29,11550,59916.87,25266.87,0
ORD-00087,2026-05-07,ACC-103,Harbor Point Supplies,West,Anil Kumar,CN-Cutting Blade 10pk,Consumables,Low,43,420,0.08,386.46,357,16617.78,1266.78,0
ORD-00087,2026-05-07,ACC-103,Harbor Point Supplies,West,Anil Kumar,FF-Anchor Bolt Assortment,Fasteners & Fittings,Mid,30,900,0.047,857.57,630,25727.1,6827.1,0
ORD-00087,2026-05-07,ACC-103,Harbor Point Supplies,West,Anil Kumar,DG-Digital Multimeter Pro,Diagnostic Equipment,High,5,12500,0.036,12052.68,6875,60263.4,25888.4,0
ORD-00087,2026-05-07,ACC-103,Harbor Point Supplies,West,Anil Kumar,EA-Cable Gland Set,Electrical Accessories,Mid,18,1100,0.02,1077.78,770,19400.04,5540.04,0
ORD-00087,2026-05-07,ACC-103,Harbor Point Supplies,West,Anil Kumar,SB-Safety Glasses 10pk,Safety Basics,Low,37,240,0.05,227.89,204,8431.93,883.93,0
ORD-00087,2026-05-07,ACC-103,Harbor Point Supplies,West,Anil Kumar,CM-Degreaser 5L,Cleaning & Maintenance,Low,15,480,0.051,455.62,413,6834.3,639.3,0
ORD-00087,2026-05-07,ACC-103,Harbor Point Supplies,West,Anil Kumar,PH-Bearing Puller Kit,Precision Hardware,High,7,5600,0.038,5385.35,3360,37697.45,14177.45,0
ORD-00087,2026-05-07,ACC-103,Harbor Point Supplies,West,Anil Kumar,PT-Angle Grinder 900W,Power Tools,High,15,6400,0.035,6175.65,3712,92634.75,36954.75,0
ORD-00088,2026-06-16,ACC-103,Harbor Point Supplies,West,Anil Kumar,CM-Degreaser 5L,Cleaning & Maintenance,Low,14,480,0.042,459.74,413,6436.36,654.36,0
ORD-00088,2026-06-16,ACC-103,Harbor Point Supplies,West,Anil Kumar,PT-Cordless Drill 18V,Power Tools,High,10,9200,0.068,8576.49,5336,85764.9,32404.9,0
ORD-00088,2026-06-16,ACC-103,Harbor Point Supplies,West,Anil Kumar,PH-Bearing Puller Kit,Precision Hardware,High,8,5600,0.048,5328.7,3360,42629.6,15749.6,0
ORD-00088,2026-06-16,ACC-103,Harbor Point Supplies,West,Anil Kumar,FF-Stainless Fastener Pack,Fasteners & Fittings,Mid,19,1400,0.053,1326.1,980,25195.9,6575.9,0
ORD-00088,2026-06-16,ACC-103,Harbor Point Supplies,West,Anil Kumar,DG-Digital Multimeter Pro,Diagnostic Equipment,High,6,12500,0.057,11790.9,6875,70745.4,29495.4,0
ORD-00088,2026-06-16,ACC-103,Harbor Point Supplies,West,Anil Kumar,CN-Cutting Blade 10pk,Consumables,Low,36,420,0.033,406.17,357,14622.12,1770.12,0
ORD-00088,2026-06-16,ACC-103,Harbor Point Supplies,West,Anil Kumar,EA-MCB 32A,Electrical Accessories,Mid,32,650,0.015,640.56,455,20497.92,5937.92,0
ORD-00088,2026-06-16,ACC-103,Harbor Point Supplies,West,Anil Kumar,SB-Safety Gloves 12pr,Safety Basics,Low,24,360,0.041,345.38,306,8289.12,945.12,0
ORD-00089,2026-07-05,ACC-103,Harbor Point Supplies,West,Anil Kumar,FF-Stainless Fastener Pack,Fasteners & Fittings,Mid,20,1400,0.052,1327.77,980,26555.4,6955.4,0
ORD-00089,2026-07-05,ACC-103,Harbor Point Supplies,West,Anil Kumar,SB-Safety Gloves 12pr,Safety Basics,Low,23,360,0.036,347.01,306,7981.23,943.23,0
ORD-00089,2026-07-05,ACC-103,Harbor Point Supplies,West,Anil Kumar,DG-Thermal Imager,Diagnostic Equipment,High,2,38000,0.062,35651.88,20900,71303.76,29503.76,0
ORD-00089,2026-07-05,ACC-103,Harbor Point Supplies,West,Anil Kumar,CN-Drill Bit Set,Consumables,Low,32,560,0.069,521.18,476,16677.76,1445.76,0
ORD-00090,2026-07-12,ACC-103,Harbor Point Supplies,West,Anil Kumar,PH-Bearing Puller Kit,Precision Hardware,High,7,5600,0.032,5418.13,3360,37926.91,14406.91,0
ORD-00090,2026-07-12,ACC-103,Harbor Point Supplies,West,Anil Kumar,PT-Cordless Drill 18V,Power Tools,High,11,9200,0.073,8526.52,5336,93791.72,35095.72,0
ORD-00090,2026-07-12,ACC-103,Harbor Point Supplies,West,Anil Kumar,CM-Shop Wipes Bulk,Cleaning & Maintenance,Low,31,260,0.062,243.79,224,7557.49,613.49,0
ORD-00090,2026-07-12,ACC-103,Harbor Point Supplies,West,Anil Kumar,EA-Cable Gland Set,Electrical Accessories,Mid,19,1100,0.066,1027.46,770,19521.74,4891.74,0
ORD-00091,2026-08-08,ACC-103,Harbor Point Supplies,West,Anil Kumar,EA-Cable Gland Set,Electrical Accessories,Mid,22,1100,0.088,1003.32,770,22073.04,5133.04,0
ORD-00091,2026-08-08,ACC-103,Harbor Point Supplies,West,Anil Kumar,PH-Bearing Puller Kit,Precision Hardware,High,7,5600,0.022,5474.13,3360,38318.91,14798.91,0
ORD-00091,2026-08-08,ACC-103,Harbor Point Supplies,West,Anil Kumar,CN-Drill Bit Set,Consumables,Low,29,560,0.047,533.84,476,15481.36,1677.36,0
ORD-00091,2026-08-08,ACC-103,Harbor Point Supplies,West,Anil Kumar,DG-Thermal Imager,Diagnostic Equipment,High,2,38000,0.072,35278.16,20900,70556.32,28756.32,0
ORD-00091,2026-08-08,ACC-103,Harbor Point Supplies,West,Anil Kumar,PT-Rotary Hammer SDS,Power Tools,High,6,14800,0.004,14735.02,8584,88410.12,36906.12,0
ORD-00091,2026-08-08,ACC-103,Harbor Point Supplies,West,Anil Kumar,FF-Stainless Fastener Pack,Fasteners & Fittings,Mid,19,1400,0.067,1305.67,980,24807.73,6187.73,0
ORD-00091,2026-08-08,ACC-103,Harbor Point Supplies,West,Anil Kumar,CM-Degreaser 5L,Cleaning & Maintenance,Low,14,480,0.067,447.92,413,6270.88,488.88,0
ORD-00091,2026-08-08,ACC-103,Harbor Point Supplies,West,Anil Kumar,SB-Safety Glasses 10pk,Safety Basics,Low,36,240,0.021,234.94,204,8457.84,1113.84,0
ORD-00092,2024-09-14,ACC-104,Sunset Hardware,East,Fatima Sheikh,PH-Bearing Puller Kit,Precision Hardware,High,5,5600,0.077,5170.37,3360,25851.85,9051.85,0
ORD-00092,2024-09-14,ACC-104,Sunset Hardware,East,Fatima Sheikh,DG-Thermal Imager,Diagnostic Equipment,High,1,38000,0.026,37021.37,20900,37021.37,16121.37,0
ORD-00092,2024-09-14,ACC-104,Sunset Hardware,East,Fatima Sheikh,CM-Shop Wipes Bulk,Cleaning & Maintenance,Low,48,260,0.021,254.61,224,12221.28,1469.28,0
ORD-00092,2024-09-14,ACC-104,Sunset Hardware,East,Fatima Sheikh,EA-MCB 32A,Electrical Accessories,Mid,39,650,0.026,632.92,455,24683.88,6938.88,0
ORD-00093,2024-09-26,ACC-104,Sunset Hardware,East,Fatima Sheikh,SB-Safety Glasses 10pk,Safety Basics,Low,59,240,0.007,238.31,204,14060.29,2024.29,0
ORD-00093,2024-09-26,ACC-104,Sunset Hardware,East,Fatima Sheikh,FF-Stainless Fastener Pack,Fasteners & Fittings,Mid,24,1400,0.024,1365.92,980,32782.08,9262.08,0
ORD-00093,2024-09-26,ACC-104,Sunset Hardware,East,Fatima Sheikh,CN-Abrasive Discs 25pk,Consumables,Low,100,300,0.056,283.23,255,28323.0,2823.0,0
ORD-00093,2024-09-26,ACC-104,Sunset Hardware,East,Fatima Sheikh,PT-Rotary Hammer SDS,Power Tools,High,3,14800,0.085,13538.25,8584,40614.75,14862.75,0
ORD-00094,2024-10-02,ACC-104,Sunset Hardware,East,Fatima Sheikh,DG-Thermal Imager,Diagnostic Equipment,High,1,38000,0.03,36849.68,20900,36849.68,15949.68,0
ORD-00094,2024-10-02,ACC-104,Sunset Hardware,East,Fatima Sheikh,EA-Cable Gland Set,Electrical Accessories,Mid,24,1100,0.052,1042.36,770,25016.64,6536.64,0
ORD-00094,2024-10-02,ACC-104,Sunset Hardware,East,Fatima Sheikh,CN-Abrasive Discs 25pk,Consumables,Low,93,300,0.041,287.79,255,26764.47,3049.47,0
ORD-00094,2024-10-02,ACC-104,Sunset Hardware,East,Fatima Sheikh,SB-Safety Gloves 12pr,Safety Basics,Low,39,360,0.049,342.24,306,13347.36,1413.36,0
ORD-00094,2024-10-02,ACC-104,Sunset Hardware,East,Fatima Sheikh,CM-Degreaser 5L,Cleaning & Maintenance,Low,25,480,0.061,450.48,413,11262.0,937.0,0
ORD-00094,2024-10-02,ACC-104,Sunset Hardware,East,Fatima Sheikh,FF-Anchor Bolt Assortment,Fasteners & Fittings,Mid,37,900,0.037,866.46,630,32059.02,8749.02,0
ORD-00094,2024-10-02,ACC-104,Sunset Hardware,East,Fatima Sheikh,PH-Precision Torque Wrench,Precision Hardware,High,5,7300,0.053,6913.36,4380,34566.8,12666.8,0
ORD-00094,2024-10-02,ACC-104,Sunset Hardware,East,Fatima Sheikh,PT-Rotary Hammer SDS,Power Tools,High,3,14800,0.054,14007.31,8584,42021.93,16269.93,0
ORD-00095,2024-11-02,ACC-104,Sunset Hardware,East,Fatima Sheikh,PT-Cordless Drill 18V,Power Tools,High,5,9200,0.044,8794.12,5336,43970.6,17290.6,0
ORD-00095,2024-11-02,ACC-104,Sunset Hardware,East,Fatima Sheikh,CM-Shop Wipes Bulk,Cleaning & Maintenance,Low,44,260,0.047,247.82,224,10904.08,1048.08,0
ORD-00095,2024-11-02,ACC-104,Sunset Hardware,East,Fatima Sheikh,CN-Cutting Blade 10pk,Consumables,Low,61,420,0.032,406.57,357,24800.77,3023.77,0
ORD-00095,2024-11-02,ACC-104,Sunset Hardware,East,Fatima Sheikh,FF-Stainless Fastener Pack,Fasteners & Fittings,Mid,21,1400,0.012,1382.61,980,29034.81,8454.81,0
ORD-00095,2024-11-02,ACC-104,Sunset Hardware,East,Fatima Sheikh,PH-Micrometer Set,Precision Hardware,High,7,4100,0.075,3791.56,2460,26540.92,9320.92,0
ORD-00095,2024-11-02,ACC-104,Sunset Hardware,East,Fatima Sheikh,DG-Thermal Imager,Diagnostic Equipment,High,1,38000,0.023,37136.04,20900,37136.04,16236.04,0
ORD-00095,2024-11-02,ACC-104,Sunset Hardware,East,Fatima Sheikh,SB-Safety Gloves 12pr,Safety Basics,Low,46,360,0.08,331.29,306,15239.34,1163.34,0
ORD-00095,2024-11-02,ACC-104,Sunset Hardware,East,Fatima Sheikh,EA-MCB 32A,Electrical Accessories,Mid,36,650,0.07,604.68,455,21768.48,5388.48,0
ORD-00096,2024-12-26,ACC-104,Sunset Hardware,East,Fatima Sheikh,CM-Shop Wipes Bulk,Cleaning & Maintenance,Low,47,260,0.056,245.57,224,11541.79,1013.79,0
ORD-00096,2024-12-26,ACC-104,Sunset Hardware,East,Fatima Sheikh,EA-MCB 32A,Electrical Accessories,Mid,41,650,0.073,602.77,455,24713.57,6058.57,0
ORD-00096,2024-12-26,ACC-104,Sunset Hardware,East,Fatima Sheikh,CN-Abrasive Discs 25pk,Consumables,Low,92,300,0.069,279.2,255,25686.4,2226.4,0
ORD-00096,2024-12-26,ACC-104,Sunset Hardware,East,Fatima Sheikh,PH-Precision Torque Wrench,Precision Hardware,High,4,7300,0.065,6822.79,4380,27291.16,9771.16,0
ORD-00096,2024-12-26,ACC-104,Sunset Hardware,East,Fatima Sheikh,PT-Cordless Drill 18V,Power Tools,High,4,9200,0.077,8490.26,5336,33961.04,12617.04,0
ORD-00096,2024-12-26,ACC-104,Sunset Hardware,East,Fatima Sheikh,FF-Anchor Bolt Assortment,Fasteners & Fittings,Mid,35,900,0.05,854.64,630,29912.4,7862.4,0
ORD-00096,2024-12-26,ACC-104,Sunset Hardware,East,Fatima Sheikh,SB-Safety Glasses 10pk,Safety Basics,Low,60,240,0.023,234.5,204,14070.0,1830.0,0
ORD-00096,2024-12-26,ACC-104,Sunset Hardware,East,Fatima Sheikh,DG-Thermal Imager,Diagnostic Equipment,High,1,38000,0.056,35861.23,20900,35861.23,14961.23,0
ORD-00097,2025-01-26,ACC-104,Sunset Hardware,East,Fatima Sheikh,DG-Thermal Imager,Diagnostic Equipment,High,1,38000,0.017,37343.9,20900,37343.9,16443.9,0
ORD-00097,2025-01-26,ACC-104,Sunset Hardware,East,Fatima Sheikh,CN-Abrasive Discs 25pk,Consumables,Low,85,300,0.06,281.99,255,23969.15,2294.15,0
ORD-00097,2025-01-26,ACC-104,Sunset Hardware,East,Fatima Sheikh,SB-Safety Glasses 10pk,Safety Basics,Low,55,240,0.045,229.25,204,12608.75,1388.75,0
ORD-00097,2025-01-26,ACC-104,Sunset Hardware,East,Fatima Sheikh,PH-Bearing Puller Kit,Precision Hardware,High,5,5600,0.059,5268.98,3360,26344.9,9544.9,0
ORD-00097,2025-01-26,ACC-104,Sunset Hardware,East,Fatima Sheikh,EA-Cable Gland Set,Electrical Accessories,Mid,21,1100,0.044,1051.28,770,22076.88,5906.88,0
ORD-00097,2025-01-26,ACC-104,Sunset Hardware,East,Fatima Sheikh,PT-Angle Grinder 900W,Power Tools,High,6,6400,0.007,6353.61,3712,38121.66,15849.66,0
ORD-00097,2025-01-26,ACC-104,Sunset Hardware,East,Fatima Sheikh,CM-Degreaser 5L,Cleaning & Maintenance,Low,23,480,0.072,445.65,413,10249.95,750.95,0
ORD-00097,2025-01-26,ACC-104,Sunset Hardware,East,Fatima Sheikh,FF-Stainless Fastener Pack,Fasteners & Fittings,Mid,21,1400,0.048,1333.4,980,28001.4,7421.4,0
ORD-00098,2025-02-10,ACC-104,Sunset Hardware,East,Fatima Sheikh,DG-Digital Multimeter Pro,Diagnostic Equipment,High,2,12500,0.037,12040.46,6875,24080.92,10330.92,0
ORD-00098,2025-02-10,ACC-104,Sunset Hardware,East,Fatima Sheikh,EA-Cable Gland Set,Electrical Accessories,Mid,20,1100,0.036,1060.5,770,21210.0,5810.0,0
ORD-00098,2025-02-10,ACC-104,Sunset Hardware,East,Fatima Sheikh,CN-Abrasive Discs 25pk,Consumables,Low,81,300,0.038,288.56,255,23373.36,2718.36,0
ORD-00098,2025-02-10,ACC-104,Sunset Hardware,East,Fatima Sheikh,FF-Stainless Fastener Pack,Fasteners & Fittings,Mid,22,1400,0.075,1294.52,980,28479.44,6919.44,0
ORD-00098,2025-02-10,ACC-104,Sunset Hardware,East,Fatima Sheikh,CM-Degreaser 5L,Cleaning & Maintenance,Low,25,480,0.035,463.3,413,11582.5,1257.5,0
ORD-00098,2025-02-10,ACC-104,Sunset Hardware,East,Fatima Sheikh,SB-Safety Glasses 10pk,Safety Basics,Low,67,240,0.074,222.14,204,14883.38,1215.38,0
ORD-00098,2025-02-10,ACC-104,Sunset Hardware,East,Fatima Sheikh,PT-Rotary Hammer SDS,Power Tools,High,3,14800,0.07,13759.27,8584,41277.81,15525.81,0
ORD-00098,2025-02-10,ACC-104,Sunset Hardware,East,Fatima Sheikh,PH-Bearing Puller Kit,Precision Hardware,High,5,5600,0.025,5461.19,3360,27305.95,10505.95,0
ORD-00099,2025-03-12,ACC-104,Sunset Hardware,East,Fatima Sheikh,PH-Precision Torque Wrench,Precision Hardware,High,4,7300,0.037,7026.42,4380,28105.68,10585.68,0
ORD-00099,2025-03-12,ACC-104,Sunset Hardware,East,Fatima Sheikh,CM-Degreaser 5L,Cleaning & Maintenance,Low,20,480,0.012,474.03,413,9480.6,1220.6,0
ORD-00099,2025-03-12,ACC-104,Sunset Hardware,East,Fatima Sheikh,DG-Insulation Tester,Diagnostic Equipment,High,1,21000,0.079,19340.06,11550,19340.06,7790.06,0
ORD-00099,2025-03-12,ACC-104,Sunset Hardware,East,Fatima Sheikh,EA-Cable Gland Set,Electrical Accessories,Mid,21,1100,0.064,1030.03,770,21630.63,5460.63,0
ORD-00099,2025-03-12,ACC-104,Sunset Hardware,East,Fatima Sheikh,FF-Stainless Fastener Pack,Fasteners & Fittings,Mid,19,1400,0.041,1342.48,980,25507.12,6887.12,0
ORD-00099,2025-03-12,ACC-104,Sunset Hardware,East,Fatima Sheikh,PT-Cordless Drill 18V,Power Tools,High,4,9200,0.065,8597.88,5336,34391.52,13047.52,0
ORD-00099,2025-03-12,ACC-104,Sunset Hardware,East,Fatima Sheikh,CN-Drill Bit Set,Consumables,Low,44,560,0.04,537.68,476,23657.92,2713.92,0
ORD-00099,2025-03-12,ACC-104,Sunset Hardware,East,Fatima Sheikh,SB-Safety Glasses 10pk,Safety Basics,Low,65,240,0.086,219.41,204,14261.65,1001.65,0
ORD-00100,2025-04-15,ACC-104,Sunset Hardware,East,Fatima Sheikh,FF-Stainless Fastener Pack,Fasteners & Fittings,Mid,21,1400,0.073,1297.33,980,27243.93,6663.93,0
ORD-00100,2025-04-15,ACC-104,Sunset Hardware,East,Fatima Sheikh,DG-Thermal Imager,Diagnostic Equipment,High,1,38000,0.019,37287.56,20900,37287.56,16387.56,0
ORD-00100,2025-04-15,ACC-104,Sunset Hardware,East,Fatima Sheikh,PH-Precision Torque Wrench,Precision Hardware,High,3,7300,0.028,7098.76,4380,21296.28,8156.28,0
ORD-00100,2025-04-15,ACC-104,Sunset Hardware,East,Fatima Sheikh,EA-Cable Gland Set,Electrical Accessories,Mid,21,1100,0.061,1032.45,770,21681.45,5511.45,0
ORD-00101,2025-04-18,ACC-104,Sunset Hardware,East,Fatima Sheikh,SB-Safety Glasses 10pk,Safety Basics,Low,58,240,0.048,228.59,204,13258.22,1426.22,0
ORD-00101,2025-04-18,ACC-104,Sunset Hardware,East,Fatima Sheikh,PT-Rotary Hammer SDS,Power Tools,High,3,14800,0.074,13701.25,8584,41103.75,15351.75,0
ORD-00101,2025-04-18,ACC-104,Sunset Hardware,East,Fatima Sheikh,CM-Degreaser 5L,Cleaning & Maintenance,Low,22,480,0.05,456.11,413,10034.42,948.42,0
ORD-00101,2025-04-18,ACC-104,Sunset Hardware,East,Fatima Sheikh,CN-Cutting Blade 10pk,Consumables,Low,53,420,0.053,397.72,357,21079.16,2158.16,0
ORD-00102,2025-05-02,ACC-104,Sunset Hardware,East,Fatima Sheikh,FF-Anchor Bolt Assortment,Fasteners & Fittings,Mid,28,900,0.047,857.54,630,24011.12,6371.12,0
ORD-00102,2025-05-02,ACC-104,Sunset Hardware,East,Fatima Sheikh,PT-Cordless Drill 18V,Power Tools,High,4,9200,0.08,8462.06,5336,33848.24,12504.24,0
ORD-00102,2025-05-02,ACC-104,Sunset Hardware,East,Fatima Sheikh,EA-MCB 32A,Electrical Accessories,Mid,35,650,0.067,606.63,455,21232.05,5307.05,0
ORD-00102,2025-05-02,ACC-104,Sunset Hardware,East,Fatima Sheikh,DG-Digital Multimeter Pro,Diagnostic Equipment,High,2,12500,0.02,12251.41,6875,24502.82,10752.82,0
ORD-00103,2025-05-26,ACC-104,Sunset Hardware,East,Fatima Sheikh,PH-Micrometer Set,Precision Hardware,High,6,4100,0.083,3759.29,2460,22555.74,7795.74,0
ORD-00103,2025-05-26,ACC-104,Sunset Hardware,East,Fatima Sheikh,CM-Degreaser 5L,Cleaning & Maintenance,Low,24,480,0.055,453.79,413,10890.96,978.96,0
ORD-00103,2025-05-26,ACC-104,Sunset Hardware,East,Fatima Sheikh,SB-Safety Gloves 12pr,Safety Basics,Low,33,360,0.024,351.52,306,11600.16,1502.16,0
ORD-00103,2025-05-26,ACC-104,Sunset Hardware,East,Fatima Sheikh,CN-Abrasive Discs 25pk,Consumables,Low,77,300,0.026,292.34,255,22510.18,2875.18,0
ORD-00104,2025-06-14,ACC-104,Sunset Hardware,East,Fatima Sheikh,FF-Stainless Fastener Pack,Fasteners & Fittings,Mid,19,1400,0.044,1338.11,980,25424.09,6804.09,0
ORD-00104,2025-06-14,ACC-104,Sunset Hardware,East,Fatima Sheikh,CN-Abrasive Discs 25pk,Consumables,Low,77,300,0.067,279.97,255,21557.69,1922.69,0
ORD-00104,2025-06-14,ACC-104,Sunset Hardware,East,Fatima Sheikh,PT-Rotary Hammer SDS,Power Tools,High,2,14800,0.064,13849.67,8584,27699.34,10531.34,0
ORD-00104,2025-06-14,ACC-104,Sunset Hardware,East,Fatima Sheikh,SB-Safety Gloves 12pr,Safety Basics,Low,33,360,0.055,340.12,306,11223.96,1125.96,0
ORD-00104,2025-06-14,ACC-104,Sunset Hardware,East,Fatima Sheikh,CM-Shop Wipes Bulk,Cleaning & Maintenance,Low,37,260,0.023,254.0,224,9398.0,1110.0,0
ORD-00104,2025-06-14,ACC-104,Sunset Hardware,East,Fatima Sheikh,EA-MCB 32A,Electrical Accessories,Mid,34,650,0.035,627.11,455,21321.74,5851.74,0
ORD-00104,2025-06-14,ACC-104,Sunset Hardware,East,Fatima Sheikh,DG-Digital Multimeter Pro,Diagnostic Equipment,High,2,12500,0.047,11913.93,6875,23827.86,10077.86,0
ORD-00104,2025-06-14,ACC-104,Sunset Hardware,East,Fatima Sheikh,PH-Precision Torque Wrench,Precision Hardware,High,3,7300,0.091,6637.59,4380,19912.77,6772.77,0
ORD-00106,2025-07-04,ACC-104,Sunset Hardware,East,Fatima Sheikh,EA-Cable Gland Set,Electrical Accessories,Mid,21,1100,0.052,1042.54,770,21893.34,5723.34,0
ORD-00106,2025-07-04,ACC-104,Sunset Hardware,East,Fatima Sheikh,CM-Shop Wipes Bulk,Cleaning & Maintenance,Low,36,260,0.043,248.85,224,8958.6,894.6,0
ORD-00106,2025-07-04,ACC-104,Sunset Hardware,East,Fatima Sheikh,CN-Cutting Blade 10pk,Consumables,Low,49,420,0.072,389.64,357,19092.36,1599.36,0
ORD-00106,2025-07-04,ACC-104,Sunset Hardware,East,Fatima Sheikh,PT-Cordless Drill 18V,Power Tools,High,4,9200,0.047,8763.86,5336,35055.44,13711.44,0
ORD-00105,2025-07-09,ACC-104,Sunset Hardware,East,Fatima Sheikh,SB-Safety Gloves 12pr,Safety Basics,Low,36,360,0.085,329.36,306,11856.96,840.96,0
ORD-00105,2025-07-09,ACC-104,Sunset Hardware,East,Fatima Sheikh,PH-Micrometer Set,Precision Hardware,High,6,4100,0.09,3731.08,2460,22386.48,7626.48,0
ORD-00105,2025-07-09,ACC-104,Sunset Hardware,East,Fatima Sheikh,FF-Anchor Bolt Assortment,Fasteners & Fittings,Mid,25,900,0.022,879.78,630,21994.5,6244.5,0
ORD-00105,2025-07-09,ACC-104,Sunset Hardware,East,Fatima Sheikh,DG-Digital Multimeter Pro,Diagnostic Equipment,High,2,12500,0.062,11727.67,6875,23455.34,9705.34,0
ORD-00107,2025-08-14,ACC-104,Sunset Hardware,East,Fatima Sheikh,SB-Safety Gloves 12pr,Safety Basics,Low,32,360,0.051,341.63,306,10932.16,1140.16,0
ORD-00107,2025-08-14,ACC-104,Sunset Hardware,East,Fatima Sheikh,PH-Micrometer Set,Precision Hardware,High,6,4100,0.06,3852.91,2460,23117.46,8357.46,0
ORD-00107,2025-08-14,ACC-104,Sunset Hardware,East,Fatima Sheikh,DG-Thermal Imager,Diagnostic Equipment,High,1,38000,0.038,36544.6,20900,36544.6,15644.6,0
ORD-00107,2025-08-14,ACC-104,Sunset Hardware,East,Fatima Sheikh,CM-Degreaser 5L,Cleaning & Maintenance,Low,20,480,0.085,439.16,413,8783.2,523.2,0
ORD-00107,2025-08-14,ACC-104,Sunset Hardware,East,Fatima Sheikh,PT-Angle Grinder 900W,Power Tools,High,6,6400,0.064,5992.23,3712,35953.38,13681.38,0
ORD-00107,2025-08-14,ACC-104,Sunset Hardware,East,Fatima Sheikh,CN-Abrasive Discs 25pk,Consumables,Low,69,300,0.08,276.06,255,19048.14,1453.14,0
ORD-00107,2025-08-14,ACC-104,Sunset Hardware,East,Fatima Sheikh,FF-Anchor Bolt Assortment,Fasteners & Fittings,Mid,30,900,0.065,841.1,630,25233.0,6333.0,0
ORD-00107,2025-08-14,ACC-104,Sunset Hardware,East,Fatima Sheikh,EA-Cable Gland Set,Electrical Accessories,Mid,20,1100,0.017,1081.82,770,21636.4,6236.4,0
ORD-00108,2025-09-12,ACC-104,Sunset Hardware,East,Fatima Sheikh,SB-Safety Gloves 12pr,Safety Basics,Low,36,360,0.061,338.09,306,12171.24,1155.24,0
ORD-00108,2025-09-12,ACC-104,Sunset Hardware,East,Fatima Sheikh,FF-Stainless Fastener Pack,Fasteners & Fittings,Mid,16,1400,0.055,1323.45,980,21175.2,5495.2,0
ORD-00108,2025-09-12,ACC-104,Sunset Hardware,East,Fatima Sheikh,CN-Cutting Blade 10pk,Consumables,Low,52,420,0.046,400.86,357,20844.72,2280.72,0
ORD-00108,2025-09-12,ACC-104,Sunset Hardware,East,Fatima Sheikh,EA-Cable Gland Set,Electrical Accessories,Mid,19,1100,0.057,1037.75,770,19717.25,5087.25,0
ORD-00108,2025-09-12,ACC-104,Sunset Hardware,East,Fatima Sheikh,CM-Shop Wipes Bulk,Cleaning & Maintenance,Low,36,260,0.061,244.1,224,8787.6,723.6,0
ORD-00108,2025-09-12,ACC-104,Sunset Hardware,East,Fatima Sheikh,DG-Insulation Tester,Diagnostic Equipment,High,1,21000,0.045,20060.91,11550,20060.91,8510.91,0
ORD-00108,2025-09-12,ACC-104,Sunset Hardware,East,Fatima Sheikh,PT-Angle Grinder 900W,Power Tools,High,6,6400,0.064,5987.65,3712,35925.9,13653.9,0
ORD-00108,2025-09-12,ACC-104,Sunset Hardware,East,Fatima Sheikh,PH-Precision Torque Wrench,Precision Hardware,High,3,7300,0.032,7065.39,4380,21196.17,8056.17,0
ORD-00109,2025-10-15,ACC-104,Sunset Hardware,East,Fatima Sheikh,PT-Angle Grinder 900W,Power Tools,High,5,6400,0.063,5998.19,3712,29990.95,11430.95,0
ORD-00109,2025-10-15,ACC-104,Sunset Hardware,East,Fatima Sheikh,EA-MCB 32A,Electrical Accessories,Mid,32,650,0.064,608.46,455,19470.72,4910.72,0
ORD-00109,2025-10-15,ACC-104,Sunset Hardware,East,Fatima Sheikh,CN-Abrasive Discs 25pk,Consumables,Low,67,300,0.069,279.2,255,18706.4,1621.4,0
ORD-00109,2025-10-15,ACC-104,Sunset Hardware,East,Fatima Sheikh,PH-Bearing Puller Kit,Precision Hardware,High,4,5600,0.016,5512.45,3360,22049.8,8609.8,0
ORD-00109,2025-10-15,ACC-104,Sunset Hardware,East,Fatima Sheikh,CM-Degreaser 5L,Cleaning & Maintenance,Low,20,480,0.047,457.46,413,9149.2,889.2,0
ORD-00109,2025-10-15,ACC-104,Sunset Hardware,East,Fatima Sheikh,DG-Insulation Tester,Diagnostic Equipment,High,1,21000,0.039,20182.97,11550,20182.97,8632.97,0
ORD-00109,2025-10-15,ACC-104,Sunset Hardware,East,Fatima Sheikh,FF-Stainless Fastener Pack,Fasteners & Fittings,Mid,15,1400,0.039,1345.55,980,20183.25,5483.25,0
ORD-00109,2025-10-15,ACC-104,Sunset Hardware,East,Fatima Sheikh,SB-Safety Gloves 12pr,Safety Basics,Low,36,360,0.043,344.48,306,12401.28,1385.28,0
ORD-00110,2025-11-14,ACC-104,Sunset Hardware,East,Fatima Sheikh,DG-Insulation Tester,Diagnostic Equipment,High,1,21000,0.018,20616.96,11550,20616.96,9066.96,0
ORD-00110,2025-11-14,ACC-104,Sunset Hardware,East,Fatima Sheikh,CM-Shop Wipes Bulk,Cleaning & Maintenance,Low,33,260,0.039,249.97,224,8249.01,857.01,0
ORD-00110,2025-11-14,ACC-104,Sunset Hardware,East,Fatima Sheikh,SB-Safety Glasses 10pk,Safety Basics,Low,49,240,0.052,227.41,204,11143.09,1147.09,0
ORD-00110,2025-11-14,ACC-104,Sunset Hardware,East,Fatima Sheikh,EA-Cable Gland Set,Electrical Accessories,Mid,19,1100,0.064,1030.12,770,19572.28,4942.28,0
ORD-00110,2025-11-14,ACC-104,Sunset Hardware,East,Fatima Sheikh,PT-Angle Grinder 900W,Power Tools,High,5,6400,0.079,5894.49,3712,29472.45,10912.45,0
ORD-00110,2025-11-14,ACC-104,Sunset Hardware,East,Fatima Sheikh,FF-Stainless Fastener Pack,Fasteners & Fittings,Mid,15,1400,0.062,1313.03,980,19695.45,4995.45,0
ORD-00110,2025-11-14,ACC-104,Sunset Hardware,East,Fatima Sheikh,CN-Drill Bit Set,Consumables,Low,37,560,0.039,537.88,476,19901.56,2289.56,0
ORD-00110,2025-11-14,ACC-104,Sunset Hardware,East,Fatima Sheikh,PH-Precision Torque Wrench,Precision Hardware,High,3,7300,0.027,7100.37,4380,21301.11,8161.11,0
ORD-00111,2025-12-04,ACC-104,Sunset Hardware,East,Fatima Sheikh,EA-MCB 32A,Electrical Accessories,Mid,31,650,0.076,600.9,455,18627.9,4522.9,0
ORD-00111,2025-12-04,ACC-104,Sunset Hardware,East,Fatima Sheikh,CM-Shop Wipes Bulk,Cleaning & Maintenance,Low,33,260,0.018,255.34,224,8426.22,1034.22,0
ORD-00111,2025-12-04,ACC-104,Sunset Hardware,East,Fatima Sheikh,SB-Safety Gloves 12pr,Safety Basics,Low,32,360,0.057,339.35,306,10859.2,1067.2,0
ORD-00111,2025-12-04,ACC-104,Sunset Hardware,East,Fatima Sheikh,FF-Stainless Fastener Pack,Fasteners & Fittings,Mid,15,1400,0.081,1286.08,980,19291.2,4591.2,0
ORD-00112,2025-12-08,ACC-104,Sunset Hardware,East,Fatima Sheikh,CN-Abrasive Discs 25pk,Consumables,Low,71,300,0.06,282.11,255,20029.81,1924.81,0
ORD-00112,2025-12-08,ACC-104,Sunset Hardware,East,Fatima Sheikh,PT-Angle Grinder 900W,Power Tools,High,5,6400,0.024,6244.86,3712,31224.3,12664.3,0
ORD-00112,2025-12-08,ACC-104,Sunset Hardware,East,Fatima Sheikh,PH-Bearing Puller Kit,Precision Hardware,High,4,5600,0.04,5374.43,3360,21497.72,8057.72,0
ORD-00112,2025-12-08,ACC-104,Sunset Hardware,East,Fatima Sheikh,DG-Digital Multimeter Pro,Diagnostic Equipment,High,2,12500,0.029,12131.7,6875,24263.4,10513.4,0
ORD-00113,2026-01-20,ACC-104,Sunset Hardware,East,Fatima Sheikh,CN-Abrasive Discs 25pk,Consumables,Low,57,300,0.046,286.15,255,16310.55,1775.55,0
ORD-00113,2026-01-20,ACC-104,Sunset Hardware,East,Fatima Sheikh,FF-Anchor Bolt Assortment,Fasteners & Fittings,Mid,27,900,0.078,829.94,630,22408.38,5398.38,0
ORD-00113,2026-01-20,ACC-104,Sunset Hardware,East,Fatima Sheikh,CM-Degreaser 5L,Cleaning & Maintenance,Low,19,480,0.034,463.76,413,8811.44,964.44,0
ORD-00113,2026-01-20,ACC-104,Sunset Hardware,East,Fatima Sheikh,PT-Angle Grinder 900W,Power Tools,High,4,6400,0.019,6275.23,3712,25100.92,10252.92,0
ORD-00113,2026-01-20,ACC-104,Sunset Hardware,East,Fatima Sheikh,SB-Safety Glasses 10pk,Safety Basics,Low,42,240,0.075,222.05,204,9326.1,758.1,0
ORD-00113,2026-01-20,ACC-104,Sunset Hardware,East,Fatima Sheikh,EA-MCB 32A,Electrical Accessories,Mid,29,650,0.061,610.38,455,17701.02,4506.02,0
ORD-00113,2026-01-20,ACC-104,Sunset Hardware,East,Fatima Sheikh,PH-Bearing Puller Kit,Precision Hardware,High,4,5600,0.047,5339.5,3360,21358.0,7918.0,0
ORD-00113,2026-01-20,ACC-104,Sunset Hardware,East,Fatima Sheikh,DG-Digital Multimeter Pro,Diagnostic Equipment,High,2,12500,0.048,11902.61,6875,23805.22,10055.22,0
ORD-00114,2026-02-13,ACC-104,Sunset Hardware,East,Fatima Sheikh,CN-Cutting Blade 10pk,Consumables,Low,44,420,0.062,394.1,357,17340.4,1632.4,0
ORD-00114,2026-02-13,ACC-104,Sunset Hardware,East,Fatima Sheikh,FF-Anchor Bolt Assortment,Fasteners & Fittings,Mid,23,900,0.036,867.24,630,19946.52,5456.52,0
ORD-00114,2026-02-13,ACC-104,Sunset Hardware,East,Fatima Sheikh,CM-Shop Wipes Bulk,Cleaning & Maintenance,Low,32,260,0.022,254.38,224,8140.16,972.16,0
ORD-00114,2026-02-13,ACC-104,Sunset Hardware,East,Fatima Sheikh,DG-Insulation Tester,Diagnostic Equipment,High,1,21000,0.073,19460.21,11550,19460.21,7910.21,0
ORD-00114,2026-02-13,ACC-104,Sunset Hardware,East,Fatima Sheikh,PT-Angle Grinder 900W,Power Tools,High,5,6400,0.011,6331.84,3712,31659.2,13099.2,0
ORD-00114,2026-02-13,ACC-104,Sunset Hardware,East,Fatima Sheikh,SB-Safety Gloves 12pr,Safety Basics,Low,30,360,0.052,341.4,306,10242.0,1062.0,0
ORD-00114,2026-02-13,ACC-104,Sunset Hardware,East,Fatima Sheikh,PH-Bearing Puller Kit,Precision Hardware,High,4,5600,0.055,5291.98,3360,21167.92,7727.92,0
ORD-00114,2026-02-13,ACC-104,Sunset Hardware,East,Fatima Sheikh,EA-Cable Gland Set,Electrical Accessories,Mid,17,1100,0.072,1021.0,770,17357.0,4267.0,0
ORD-00115,2026-03-11,ACC-104,Sunset Hardware,East,Fatima Sheikh,PT-Cordless Drill 18V,Power Tools,High,3,9200,0.081,8454.27,5336,25362.81,9354.81,0
ORD-00115,2026-03-11,ACC-104,Sunset Hardware,East,Fatima Sheikh,CM-Shop Wipes Bulk,Cleaning & Maintenance,Low,27,260,0.009,257.6,224,6955.2,907.2,0
ORD-00115,2026-03-11,ACC-104,Sunset Hardware,East,Fatima Sheikh,EA-MCB 32A,Electrical Accessories,Mid,26,650,0.072,603.5,455,15691.0,3861.0,0
ORD-00115,2026-03-11,ACC-104,Sunset Hardware,East,Fatima Sheikh,CN-Abrasive Discs 25pk,Consumables,Low,58,300,0.036,289.14,255,16770.12,1980.12,0
ORD-00115,2026-03-11,ACC-104,Sunset Hardware,East,Fatima Sheikh,DG-Digital Multimeter Pro,Diagnostic Equipment,High,2,12500,0.056,11803.25,6875,23606.5,9856.5,0
ORD-00115,2026-03-11,ACC-104,Sunset Hardware,East,Fatima Sheikh,PH-Bearing Puller Kit,Precision Hardware,High,3,5600,0.03,5433.47,3360,16300.41,6220.41,0
ORD-00115,2026-03-11,ACC-104,Sunset Hardware,East,Fatima Sheikh,FF-Anchor Bolt Assortment,Fasteners & Fittings,Mid,22,900,0.008,892.49,630,19634.78,5774.78,0
ORD-00115,2026-03-11,ACC-104,Sunset Hardware,East,Fatima Sheikh,SB-Safety Gloves 12pr,Safety Basics,Low,27,360,0.033,348.09,306,9398.43,1136.43,0
ORD-00116,2026-04-12,ACC-104,Sunset Hardware,East,Fatima Sheikh,PT-Rotary Hammer SDS,Power Tools,High,2,14800,0.052,14023.96,8584,28047.92,10879.92,0
ORD-00116,2026-04-12,ACC-104,Sunset Hardware,East,Fatima Sheikh,PH-Precision Torque Wrench,Precision Hardware,High,3,7300,0.027,7100.68,4380,21302.04,8162.04,0
ORD-00116,2026-04-12,ACC-104,Sunset Hardware,East,Fatima Sheikh,SB-Safety Gloves 12pr,Safety Basics,Low,26,360,0.041,345.4,306,8980.4,1024.4,0
ORD-00116,2026-04-12,ACC-104,Sunset Hardware,East,Fatima Sheikh,FF-Anchor Bolt Assortment,Fasteners & Fittings,Mid,22,900,0.021,881.42,630,19391.24,5531.24,0
ORD-00117,2026-04-16,ACC-104,Sunset Hardware,East,Fatima Sheikh,DG-Insulation Tester,Diagnostic Equipment,High,1,21000,0.042,20107.51,11550,20107.51,8557.51,0
ORD-00117,2026-04-16,ACC-104,Sunset Hardware,East,Fatima Sheikh,CM-Degreaser 5L,Cleaning & Maintenance,Low,17,480,0.083,440.15,413,7482.55,461.55,0
ORD-00117,2026-04-16,ACC-104,Sunset Hardware,East,Fatima Sheikh,CN-Cutting Blade 10pk,Consumables,Low,43,420,0.065,392.77,357,16889.11,1538.11,0
ORD-00117,2026-04-16,ACC-104,Sunset Hardware,East,Fatima Sheikh,EA-MCB 32A,Electrical Accessories,Mid,26,650,0.072,603.07,455,15679.82,3849.82,0
ORD-00118,2026-05-11,ACC-104,Sunset Hardware,East,Fatima Sheikh,SB-Safety Gloves 12pr,Safety Basics,Low,25,360,0.059,338.78,306,8469.5,819.5,0
ORD-00118,2026-05-11,ACC-104,Sunset Hardware,East,Fatima Sheikh,DG-Thermal Imager,Diagnostic Equipment,High,1,38000,0.04,36471.28,20900,36471.28,15571.28,0
ORD-00118,2026-05-11,ACC-104,Sunset Hardware,East,Fatima Sheikh,FF-Anchor Bolt Assortment,Fasteners & Fittings,Mid,22,900,0.022,880.0,630,19360.0,5500.0,0
ORD-00118,2026-05-11,ACC-104,Sunset Hardware,East,Fatima Sheikh,PT-Angle Grinder 900W,Power Tools,High,5,6400,0.09,5823.03,3712,29115.15,10555.15,0
ORD-00118,2026-05-11,ACC-104,Sunset Hardware,East,Fatima Sheikh,PH-Precision Torque Wrench,Precision Hardware,High,2,7300,0.028,7097.62,4380,14195.24,5435.24,0
ORD-00118,2026-05-11,ACC-104,Sunset Hardware,East,Fatima Sheikh,CN-Drill Bit Set,Consumables,Low,29,560,0.048,533.17,476,15461.93,1657.93,0
ORD-00118,2026-05-11,ACC-104,Sunset Hardware,East,Fatima Sheikh,EA-Cable Gland Set,Electrical Accessories,Mid,14,1100,0.027,1070.32,770,14984.48,4204.48,0
ORD-00118,2026-05-11,ACC-104,Sunset Hardware,East,Fatima Sheikh,CM-Shop Wipes Bulk,Cleaning & Maintenance,Low,31,260,0.055,245.65,224,7615.15,671.15,0
ORD-00119,2026-06-18,ACC-104,Sunset Hardware,East,Fatima Sheikh,CM-Shop Wipes Bulk,Cleaning & Maintenance,Low,30,260,0.078,239.61,224,7188.3,468.3,0
ORD-00119,2026-06-18,ACC-104,Sunset Hardware,East,Fatima Sheikh,DG-Digital Multimeter Pro,Diagnostic Equipment,High,2,12500,0.081,11482.74,6875,22965.48,9215.48,0
ORD-00119,2026-06-18,ACC-104,Sunset Hardware,East,Fatima Sheikh,SB-Safety Gloves 12pr,Safety Basics,Low,26,360,0.05,342.09,306,8894.34,938.34,0
ORD-00119,2026-06-18,ACC-104,Sunset Hardware,East,Fatima Sheikh,FF-Anchor Bolt Assortment,Fasteners & Fittings,Mid,20,900,0.009,891.9,630,17838.0,5238.0,0
ORD-00119,2026-06-18,ACC-104,Sunset Hardware,East,Fatima Sheikh,CN-Cutting Blade 10pk,Consumables,Low,37,420,0.008,416.83,357,15422.71,2213.71,0
ORD-00119,2026-06-18,ACC-104,Sunset Hardware,East,Fatima Sheikh,PT-Rotary Hammer SDS,Power Tools,High,2,14800,0.075,13694.48,8584,27388.96,10220.96,0
ORD-00119,2026-06-18,ACC-104,Sunset Hardware,East,Fatima Sheikh,PH-Precision Torque Wrench,Precision Hardware,High,2,7300,0.057,6885.32,4380,13770.64,5010.64,0
ORD-00119,2026-06-18,ACC-104,Sunset Hardware,East,Fatima Sheikh,EA-Cable Gland Set,Electrical Accessories,Mid,14,1100,0.037,1059.14,770,14827.96,4047.96,0
ORD-00121,2026-07-03,ACC-104,Sunset Hardware,East,Fatima Sheikh,DG-Digital Multimeter Pro,Diagnostic Equipment,High,2,12500,0.059,11766.0,6875,23532.0,9782.0,0
ORD-00121,2026-07-03,ACC-104,Sunset Hardware,East,Fatima Sheikh,PH-Micrometer Set,Precision Hardware,High,5,4100,0.088,3738.71,2460,18693.55,6393.55,0
ORD-00121,2026-07-03,ACC-104,Sunset Hardware,East,Fatima Sheikh,FF-Anchor Bolt Assortment,Fasteners & Fittings,Mid,20,900,0.042,861.82,630,17236.4,4636.4,0
ORD-00121,2026-07-03,ACC-104,Sunset Hardware,East,Fatima Sheikh,SB-Safety Glasses 10pk,Safety Basics,Low,37,240,0.044,229.4,204,8487.8,939.8,0
ORD-00120,2026-07-18,ACC-104,Sunset Hardware,East,Fatima Sheikh,EA-Cable Gland Set,Electrical Accessories,Mid,13,1100,0.064,1029.28,770,13380.64,3370.64,0
ORD-00120,2026-07-18,ACC-104,Sunset Hardware,East,Fatima Sheikh,CN-Cutting Blade 10pk,Consumables,Low,38,420,0.029,407.76,357,15494.88,1928.88,0
ORD-00120,2026-07-18,ACC-104,Sunset Hardware,East,Fatima Sheikh,CM-Degreaser 5L,Cleaning & Maintenance,Low,14,480,0.01,475.06,413,6650.84,868.84,0
ORD-00120,2026-07-18,ACC-104,Sunset Hardware,East,Fatima Sheikh,PT-Cordless Drill 18V,Power Tools,High,3,9200,0.029,8935.27,5336,26805.81,10797.81,0
ORD-00122,2026-08-10,ACC-104,Sunset Hardware,East,Fatima Sheikh,CM-Degreaser 5L,Cleaning & Maintenance,Low,14,480,0.028,466.4,413,6529.6,747.6,0
ORD-00122,2026-08-10,ACC-104,Sunset Hardware,East,Fatima Sheikh,SB-Safety Glasses 10pk,Safety Basics,Low,39,240,0.041,230.24,204,8979.36,1023.36,0
ORD-00122,2026-08-10,ACC-104,Sunset Hardware,East,Fatima Sheikh,PT-Rotary Hammer SDS,Power Tools,High,2,14800,0.071,13744.13,8584,27488.26,10320.26,0
ORD-00122,2026-08-10,ACC-104,Sunset Hardware,East,Fatima Sheikh,PH-Bearing Puller Kit,Precision Hardware,High,3,5600,0.057,5279.68,3360,15839.04,5759.04,0
ORD-00122,2026-08-10,ACC-104,Sunset Hardware,East,Fatima Sheikh,FF-Stainless Fastener Pack,Fasteners & Fittings,Mid,11,1400,0.049,1331.51,980,14646.61,3866.61,0
ORD-00122,2026-08-10,ACC-104,Sunset Hardware,East,Fatima Sheikh,EA-Cable Gland Set,Electrical Accessories,Mid,13,1100,0.08,1012.08,770,13157.04,3147.04,0
ORD-00122,2026-08-10,ACC-104,Sunset Hardware,East,Fatima Sheikh,DG-Thermal Imager,Diagnostic Equipment,High,1,38000,0.072,35261.27,20900,35261.27,14361.27,0
ORD-00122,2026-08-10,ACC-104,Sunset Hardware,East,Fatima Sheikh,CN-Cutting Blade 10pk,Consumables,Low,32,420,0.014,413.99,357,13247.68,1823.68,0
ORD-00123,2024-09-12,ACC-105,Vertex Retail Group,North,Priya Nair,CN-Drill Bit Set,Consumables,Low,48,560,0.02,548.81,476,26342.88,3494.88,0
ORD-00123,2024-09-12,ACC-105,Vertex Retail Group,North,Priya Nair,CM-Shop Wipes Bulk,Cleaning & Maintenance,Low,50,260,0.031,251.96,224,12598.0,1398.0,0
ORD-00123,2024-09-12,ACC-105,Vertex Retail Group,North,Priya Nair,SB-Safety Glasses 10pk,Safety Basics,Low,71,240,0.054,226.93,204,16112.03,1628.03,0
ORD-00123,2024-09-12,ACC-105,Vertex Retail Group,North,Priya Nair,EA-MCB 32A,Electrical Accessories,Mid,44,650,0.078,599.35,455,26371.4,6351.4,0
ORD-00123,2024-09-12,ACC-105,Vertex Retail Group,North,Priya Nair,PT-Cordless Drill 18V,Power Tools,High,5,9200,0.037,8857.61,5336,44288.05,17608.05,0
ORD-00123,2024-09-12,ACC-105,Vertex Retail Group,North,Priya Nair,DG-Digital Multimeter Pro,Diagnostic Equipment,High,3,12500,0.066,11669.48,6875,35008.44,14383.44,0
ORD-00123,2024-09-12,ACC-105,Vertex Retail Group,North,Priya Nair,PH-Micrometer Set,Precision Hardware,High,8,4100,0.03,3978.77,2460,31830.16,12150.16,0
ORD-00123,2024-09-12,ACC-105,Vertex Retail Group,North,Priya Nair,FF-Stainless Fastener Pack,Fasteners & Fittings,Mid,21,1400,0.041,1343.04,980,28203.84,7623.84,0
ORD-00124,2024-10-12,ACC-105,Vertex Retail Group,North,Priya Nair,PH-Bearing Puller Kit,Precision Hardware,High,6,5600,0.045,5345.73,3360,32074.38,11914.38,0
ORD-00124,2024-10-12,ACC-105,Vertex Retail Group,North,Priya Nair,CN-Cutting Blade 10pk,Consumables,Low,63,420,0.021,411.02,357,25894.26,3403.26,0
ORD-00124,2024-10-12,ACC-105,Vertex Retail Group,North,Priya Nair,CM-Shop Wipes Bulk,Cleaning & Maintenance,Low,54,260,0.065,243.19,224,13132.26,1036.26,0
ORD-00124,2024-10-12,ACC-105,Vertex Retail Group,North,Priya Nair,PT-Angle Grinder 900W,Power Tools,High,8,6400,0.047,6096.94,3712,48775.52,19079.52,0
ORD-00124,2024-10-12,ACC-105,Vertex Retail Group,North,Priya Nair,SB-Safety Gloves 12pr,Safety Basics,Low,45,360,0.052,341.2,306,15354.0,1584.0,0
ORD-00124,2024-10-12,ACC-105,Vertex Retail Group,North,Priya Nair,EA-MCB 32A,Electrical Accessories,Mid,41,650,0.045,620.56,455,25442.96,6787.96,0
ORD-00124,2024-10-12,ACC-105,Vertex Retail Group,North,Priya Nair,DG-Thermal Imager,Diagnostic Equipment,High,1,38000,0.026,37007.69,20900,37007.69,16107.69,0
ORD-00124,2024-10-12,ACC-105,Vertex Retail Group,North,Priya Nair,FF-Anchor Bolt Assortment,Fasteners & Fittings,Mid,40,900,0.078,830.02,630,33200.8,8000.8,0
ORD-00125,2024-11-19,ACC-105,Vertex Retail Group,North,Priya Nair,EA-Cable Gland Set,Electrical Accessories,Mid,25,1100,0.034,1062.65,770,26566.25,7316.25,0
ORD-00125,2024-11-19,ACC-105,Vertex Retail Group,North,Priya Nair,SB-Safety Glasses 10pk,Safety Basics,Low,68,240,0.053,227.37,204,15461.16,1589.16,0
ORD-00125,2024-11-19,ACC-105,Vertex Retail Group,North,Priya Nair,DG-Insulation Tester,Diagnostic Equipment,High,2,21000,0.052,19915.78,11550,39831.56,16731.56,0
ORD-00125,2024-11-19,ACC-105,Vertex Retail Group,North,Priya Nair,PH-Bearing Puller Kit,Precision Hardware,High,6,5600,0.027,5446.37,3360,32678.22,12518.22,0
ORD-00125,2024-11-19,ACC-105,Vertex Retail Group,North,Priya Nair,CN-Abrasive Discs 25pk,Consumables,Low,89,300,0.061,281.65,255,25066.85,2371.85,0
ORD-00125,2024-11-19,ACC-105,Vertex Retail Group,North,Priya Nair,FF-Stainless Fastener Pack,Fasteners & Fittings,Mid,26,1400,0.064,1311.04,980,34087.04,8607.04,0
ORD-00125,2024-11-19,ACC-105,Vertex Retail Group,North,Priya Nair,PT-Angle Grinder 900W,Power Tools,High,7,6400,0.052,6064.49,3712,42451.43,16467.43,0
ORD-00125,2024-11-19,ACC-105,Vertex Retail Group,North,Priya Nair,CM-Degreaser 5L,Cleaning & Maintenance,Low,30,480,0.075,443.93,413,13317.9,927.9,0
ORD-00126,2024-12-24,ACC-105,Vertex Retail Group,North,Priya Nair,FF-Stainless Fastener Pack,Fasteners & Fittings,Mid,22,1400,0.071,1300.68,980,28614.96,7054.96,0
ORD-00126,2024-12-24,ACC-105,Vertex Retail Group,North,Priya Nair,DG-Insulation Tester,Diagnostic Equipment,High,1,21000,0.041,20145.0,11550,20145.0,8595.0,0
ORD-00126,2024-12-24,ACC-105,Vertex Retail Group,North,Priya Nair,CM-Degreaser 5L,Cleaning & Maintenance,Low,26,480,0.054,454.22,413,11809.72,1071.72,0
ORD-00126,2024-12-24,ACC-105,Vertex Retail Group,North,Priya Nair,EA-Cable Gland Set,Electrical Accessories,Mid,26,1100,0.075,1017.88,770,26464.88,6444.88,0
ORD-00126,2024-12-24,ACC-105,Vertex Retail Group,North,Priya Nair,PT-Angle Grinder 900W,Power Tools,High,8,6400,0.073,5935.02,3712,47480.16,17784.16,0
ORD-00126,2024-12-24,ACC-105,Vertex Retail Group,North,Priya Nair,PH-Precision Torque Wrench,Precision Hardware,High,5,7300,0.087,6668.25,4380,33341.25,11441.25,0
ORD-00126,2024-12-24,ACC-105,Vertex Retail Group,North,Priya Nair,SB-Safety Gloves 12pr,Safety Basics,Low,47,360,0.047,343.11,306,16126.17,1744.17,0
ORD-00126,2024-12-24,ACC-105,Vertex Retail Group,North,Priya Nair,CN-Drill Bit Set,Consumables,Low,46,560,0.056,528.57,476,24314.22,2418.22,0
ORD-00127,2025-01-03,ACC-105,Vertex Retail Group,North,Priya Nair,PH-Bearing Puller Kit,Precision Hardware,High,6,5600,0.03,5429.91,3360,32579.46,12419.46,0
ORD-00127,2025-01-03,ACC-105,Vertex Retail Group,North,Priya Nair,CN-Abrasive Discs 25pk,Consumables,Low,104,300,0.075,277.41,255,28850.64,2330.64,0
ORD-00127,2025-01-03,ACC-105,Vertex Retail Group,North,Priya Nair,SB-Safety Gloves 12pr,Safety Basics,Low,42,360,0.032,348.35,306,14630.7,1778.7,0
ORD-00127,2025-01-03,ACC-105,Vertex Retail Group,North,Priya Nair,FF-Anchor Bolt Assortment,Fasteners & Fittings,Mid,39,900,0.05,854.87,630,33339.93,8769.93,0
ORD-00127,2025-01-03,ACC-105,Vertex Retail Group,North,Priya Nair,PT-Angle Grinder 900W,Power Tools,High,7,6400,0.058,6030.07,3712,42210.49,16226.49,0
ORD-00127,2025-01-03,ACC-105,Vertex Retail Group,North,Priya Nair,DG-Insulation Tester,Diagnostic Equipment,High,2,21000,0.074,19451.29,11550,38902.58,15802.58,0
ORD-00127,2025-01-03,ACC-105,Vertex Retail Group,North,Priya Nair,EA-Cable Gland Set,Electrical Accessories,Mid,27,1100,0.072,1020.28,770,27547.56,6757.56,0
ORD-00127,2025-01-03,ACC-105,Vertex Retail Group,North,Priya Nair,CM-Shop Wipes Bulk,Cleaning & Maintenance,Low,49,260,0.027,252.96,224,12395.04,1419.04,0
ORD-00128,2025-02-09,ACC-105,Vertex Retail Group,North,Priya Nair,PT-Rotary Hammer SDS,Power Tools,High,3,14800,0.086,13521.26,8584,40563.78,14811.78,0
ORD-00128,2025-02-09,ACC-105,Vertex Retail Group,North,Priya Nair,DG-Digital Multimeter Pro,Diagnostic Equipment,High,3,12500,0.078,11522.38,6875,34567.14,13942.14,0
ORD-00128,2025-02-09,ACC-105,Vertex Retail Group,North,Priya Nair,CN-Cutting Blade 10pk,Consumables,Low,66,420,0.049,399.42,357,26361.72,2799.72,0
ORD-00128,2025-02-09,ACC-105,Vertex Retail Group,North,Priya Nair,CM-Shop Wipes Bulk,Cleaning & Maintenance,Low,49,260,0.038,250.22,224,12260.78,1284.78,0
ORD-00129,2025-02-21,ACC-105,Vertex Retail Group,North,Priya Nair,EA-MCB 32A,Electrical Accessories,Mid,39,650,0.036,626.61,455,24437.79,6692.79,0
ORD-00129,2025-02-21,ACC-105,Vertex Retail Group,North,Priya Nair,FF-Anchor Bolt Assortment,Fasteners & Fittings,Mid,39,900,0.044,860.01,630,33540.39,8970.39,0
ORD-00129,2025-02-21,ACC-105,Vertex Retail Group,North,Priya Nair,SB-Safety Glasses 10pk,Safety Basics,Low,77,240,0.061,225.47,204,17361.19,1653.19,0
ORD-00129,2025-02-21,ACC-105,Vertex Retail Group,North,Priya Nair,PH-Bearing Puller Kit,Precision Hardware,High,6,5600,0.025,5462.03,3360,32772.18,12612.18,0
ORD-00130,2025-03-11,ACC-105,Vertex Retail Group,North,Priya Nair,SB-Safety Gloves 12pr,Safety Basics,Low,49,360,0.036,346.99,306,17002.51,2008.51,0
ORD-00130,2025-03-11,ACC-105,Vertex Retail Group,North,Priya Nair,PT-Rotary Hammer SDS,Power Tools,High,3,14800,0.047,14098.75,8584,42296.25,16544.25,0
ORD-00130,2025-03-11,ACC-105,Vertex Retail Group,North,Priya Nair,FF-Stainless Fastener Pack,Fasteners & Fittings,Mid,22,1400,0.051,1329.11,980,29240.42,7680.42,0
ORD-00130,2025-03-11,ACC-105,Vertex Retail Group,North,Priya Nair,DG-Insulation Tester,Diagnostic Equipment,High,2,21000,0.073,19457.7,11550,38915.4,15815.4,0
ORD-00130,2025-03-11,ACC-105,Vertex Retail Group,North,Priya Nair,CM-Shop Wipes Bulk,Cleaning & Maintenance,Low,49,260,0.033,251.36,224,12316.64,1340.64,0
ORD-00130,2025-03-11,ACC-105,Vertex Retail Group,North,Priya Nair,CN-Drill Bit Set,Consumables,Low,53,560,0.037,539.32,476,28583.96,3355.96,0
ORD-00130,2025-03-11,ACC-105,Vertex Retail Group,North,Priya Nair,PH-Precision Torque Wrench,Precision Hardware,High,5,7300,0.06,6860.95,4380,34304.75,12404.75,0
ORD-00130,2025-03-11,ACC-105,Vertex Retail Group,North,Priya Nair,EA-MCB 32A,Electrical Accessories,Mid,47,650,0.082,597.02,455,28059.94,6674.94,0
ORD-00131,2025-04-05,ACC-105,Vertex Retail Group,North,Priya Nair,CM-Degreaser 5L,Cleaning & Maintenance,Low,31,480,0.061,450.62,413,13969.22,1166.22,0
ORD-00131,2025-04-05,ACC-105,Vertex Retail Group,North,Priya Nair,CN-Abrasive Discs 25pk,Consumables,Low,96,300,0.063,281.07,255,26982.72,2502.72,0
ORD-00131,2025-04-05,ACC-105,Vertex Retail Group,North,Priya Nair,PT-Rotary Hammer SDS,Power Tools,High,3,14800,0.019,14517.9,8584,43553.7,17801.7,0
ORD-00131,2025-04-05,ACC-105,Vertex Retail Group,North,Priya Nair,SB-Safety Glasses 10pk,Safety Basics,Low,78,240,0.071,222.99,204,17393.22,1481.22,0
ORD-00131,2025-04-05,ACC-105,Vertex Retail Group,North,Priya Nair,FF-Stainless Fastener Pack,Fasteners & Fittings,Mid,22,1400,0.044,1337.78,980,29431.16,7871.16,0
ORD-00131,2025-04-05,ACC-105,Vertex Retail Group,North,Priya Nair,EA-Cable Gland Set,Electrical Accessories,Mid,24,1100,0.021,1077.42,770,25858.08,7378.08,0
ORD-00131,2025-04-05,ACC-105,Vertex Retail Group,North,Priya Nair,PH-Precision Torque Wrench,Precision Hardware,High,5,7300,0.037,7027.46,4380,35137.3,13237.3,0
ORD-00131,2025-04-05,ACC-105,Vertex Retail Group,North,Priya Nair,DG-Insulation Tester,Diagnostic Equipment,High,2,21000,0.014,20708.98,11550,41417.96,18317.96,0
ORD-00132,2025-05-14,ACC-105,Vertex Retail Group,North,Priya Nair,CN-Drill Bit Set,Consumables,Low,56,560,0.041,537.28,476,30087.68,3431.68,0
ORD-00132,2025-05-14,ACC-105,Vertex Retail Group,North,Priya Nair,SB-Safety Glasses 10pk,Safety Basics,Low,73,240,0.077,221.42,204,16163.66,1271.66,0
ORD-00132,2025-05-14,ACC-105,Vertex Retail Group,North,Priya Nair,PT-Rotary Hammer SDS,Power Tools,High,3,14800,0.045,14132.01,8584,42396.03,16644.03,0
ORD-00132,2025-05-14,ACC-105,Vertex Retail Group,North,Priya Nair,EA-MCB 32A,Electrical Accessories,Mid,45,650,0.022,635.64,455,28603.8,8128.8,0
ORD-00132,2025-05-14,ACC-105,Vertex Retail Group,North,Priya Nair,DG-Insulation Tester,Diagnostic Equipment,High,2,21000,0.042,20109.47,11550,40218.94,17118.94,0
ORD-00132,2025-05-14,ACC-105,Vertex Retail Group,North,Priya Nair,CM-Degreaser 5L,Cleaning & Maintenance,Low,28,480,0.036,462.81,413,12958.68,1394.68,0
ORD-00132,2025-05-14,ACC-105,Vertex Retail Group,North,Priya Nair,PH-Micrometer Set,Precision Hardware,High,8,4100,0.069,3815.3,2460,30522.4,10842.4,0
ORD-00132,2025-05-14,ACC-105,Vertex Retail Group,North,Priya Nair,FF-Stainless Fastener Pack,Fasteners & Fittings,Mid,28,1400,0.084,1282.83,980,35919.24,8479.24,0
ORD-00133,2025-06-03,ACC-105,Vertex Retail Group,North,Priya Nair,PT-Cordless Drill 18V,Power Tools,High,5,9200,0.034,8888.64,5336,44443.2,17763.2,0
ORD-00133,2025-06-03,ACC-105,Vertex Retail Group,North,Priya Nair,FF-Anchor Bolt Assortment,Fasteners & Fittings,Mid,42,900,0.04,863.95,630,36285.9,9825.9,0
ORD-00133,2025-06-03,ACC-105,Vertex Retail Group,North,Priya Nair,CM-Shop Wipes Bulk,Cleaning & Maintenance,Low,52,260,0.065,243.12,224,12642.24,994.24,0
ORD-00133,2025-06-03,ACC-105,Vertex Retail Group,North,Priya Nair,CN-Abrasive Discs 25pk,Consumables,Low,106,300,0.057,282.92,255,29989.52,2959.52,0
ORD-00133,2025-06-03,ACC-105,Vertex Retail Group,North,Priya Nair,EA-Cable Gland Set,Electrical Accessories,Mid,27,1100,0.023,1074.5,770,29011.5,8221.5,0
ORD-00133,2025-06-03,ACC-105,Vertex Retail Group,North,Priya Nair,SB-Safety Gloves 12pr,Safety Basics,Low,51,360,0.052,341.19,306,17400.69,1794.69,0
ORD-00133,2025-06-03,ACC-105,Vertex Retail Group,North,Priya Nair,DG-Thermal Imager,Diagnostic Equipment,High,1,38000,0.083,34832.9,20900,34832.9,13932.9,0
ORD-00133,2025-06-03,ACC-105,Vertex Retail Group,North,Priya Nair,PH-Precision Torque Wrench,Precision Hardware,High,5,7300,0.058,6874.17,4380,34370.85,12470.85,0
ORD-00134,2025-07-26,ACC-105,Vertex Retail Group,North,Priya Nair,SB-Safety Glasses 10pk,Safety Basics,Low,75,240,0.053,227.25,204,17043.75,1743.75,0
ORD-00134,2025-07-26,ACC-105,Vertex Retail Group,North,Priya Nair,CN-Abrasive Discs 25pk,Consumables,Low,95,300,0.066,280.08,255,26607.6,2382.6,0
ORD-00134,2025-07-26,ACC-105,Vertex Retail Group,North,Priya Nair,PT-Cordless Drill 18V,Power Tools,High,5,9200,0.027,8948.61,5336,44743.05,18063.05,0
ORD-00134,2025-07-26,ACC-105,Vertex Retail Group,North,Priya Nair,CM-Shop Wipes Bulk,Cleaning & Maintenance,Low,59,260,0.067,242.52,224,14308.68,1092.68,0
ORD-00134,2025-07-26,ACC-105,Vertex Retail Group,North,Priya Nair,PH-Micrometer Set,Precision Hardware,High,8,4100,0.021,4013.84,2460,32110.72,12430.72,0
ORD-00134,2025-07-26,ACC-105,Vertex Retail Group,North,Priya Nair,DG-Thermal Imager,Diagnostic Equipment,High,1,38000,0.051,36072.77,20900,36072.77,15172.77,0
ORD-00134,2025-07-26,ACC-105,Vertex Retail Group,North,Priya Nair,EA-Cable Gland Set,Electrical Accessories,Mid,27,1100,0.056,1038.77,770,28046.79,7256.79,0
ORD-00134,2025-07-26,ACC-105,Vertex Retail Group,North,Priya Nair,FF-Anchor Bolt Assortment,Fasteners & Fittings,Mid,36,900,0.045,859.92,630,30957.12,8277.12,0
ORD-00135,2025-08-03,ACC-105,Vertex Retail Group,North,Priya Nair,CM-Degreaser 5L,Cleaning & Maintenance,Low,29,480,0.036,462.72,413,13418.88,1441.88,0
ORD-00135,2025-08-03,ACC-105,Vertex Retail Group,North,Priya Nair,PT-Rotary Hammer SDS,Power Tools,High,3,14800,0.032,14329.02,8584,42987.06,17235.06,0
ORD-00135,2025-08-03,ACC-105,Vertex Retail Group,North,Priya Nair,DG-Insulation Tester,Diagnostic Equipment,High,2,21000,0.018,20625.45,11550,41250.9,18150.9,0
ORD-00135,2025-08-03,ACC-105,Vertex Retail Group,North,Priya Nair,SB-Safety Glasses 10pk,Safety Basics,Low,84,240,0.078,221.23,204,18583.32,1447.32,0
ORD-00136,2025-08-09,ACC-105,Vertex Retail Group,North,Priya Nair,CN-Drill Bit Set,Consumables,Low,61,560,0.052,531.01,476,32391.61,3355.61,0
ORD-00136,2025-08-09,ACC-105,Vertex Retail Group,North,Priya Nair,PH-Micrometer Set,Precision Hardware,High,8,4100,0.049,3901.05,2460,31208.4,11528.4,0
ORD-00136,2025-08-09,ACC-105,Vertex Retail Group,North,Priya Nair,EA-Cable Gland Set,Electrical Accessories,Mid,24,1100,0.044,1051.77,770,25242.48,6762.48,0
ORD-00136,2025-08-09,ACC-105,Vertex Retail Group,North,Priya Nair,FF-Stainless Fastener Pack,Fasteners & Fittings,Mid,26,1400,0.036,1349.94,980,35098.44,9618.44,0
ORD-00137,2025-09-11,ACC-105,Vertex Retail Group,North,Priya Nair,PH-Precision Torque Wrench,Precision Hardware,High,6,7300,0.087,6666.62,4380,39999.72,13719.72,0
ORD-00137,2025-09-11,ACC-105,Vertex Retail Group,North,Priya Nair,CN-Cutting Blade 10pk,Consumables,Low,71,420,0.069,391.19,357,27774.49,2427.49,0
ORD-00137,2025-09-11,ACC-105,Vertex Retail Group,North,Priya Nair,SB-Safety Gloves 12pr,Safety Basics,Low,51,360,0.041,345.15,306,17602.65,1996.65,0
ORD-00137,2025-09-11,ACC-105,Vertex Retail Group,North,Priya Nair,PT-Angle Grinder 900W,Power Tools,High,8,6400,0.059,6022.77,3712,48182.16,18486.16,0
ORD-00137,2025-09-11,ACC-105,Vertex Retail Group,North,Priya Nair,FF-Anchor Bolt Assortment,Fasteners & Fittings,Mid,41,900,0.061,845.29,630,34656.89,8826.89,0
ORD-00137,2025-09-11,ACC-105,Vertex Retail Group,North,Priya Nair,DG-Insulation Tester,Diagnostic Equipment,High,2,21000,0.042,20122.57,11550,40245.14,17145.14,0
ORD-00137,2025-09-11,ACC-105,Vertex Retail Group,North,Priya Nair,EA-Cable Gland Set,Electrical Accessories,Mid,26,1100,0.021,1076.51,770,27989.26,7969.26,0
ORD-00137,2025-09-11,ACC-105,Vertex Retail Group,North,Priya Nair,CM-Shop Wipes Bulk,Cleaning & Maintenance,Low,58,260,0.05,246.93,224,14321.94,1329.94,0
ORD-00138,2025-10-06,ACC-105,Vertex Retail Group,North,Priya Nair,CN-Abrasive Discs 25pk,Consumables,Low,106,300,0.044,286.85,255,30406.1,3376.1,0
ORD-00138,2025-10-06,ACC-105,Vertex Retail Group,North,Priya Nair,FF-Anchor Bolt Assortment,Fasteners & Fittings,Mid,41,900,0.032,870.99,630,35710.59,9880.59,0
ORD-00138,2025-10-06,ACC-105,Vertex Retail Group,North,Priya Nair,EA-Cable Gland Set,Electrical Accessories,Mid,30,1100,0.041,1054.4,770,31632.0,8532.0,0
ORD-00138,2025-10-06,ACC-105,Vertex Retail Group,North,Priya Nair,CM-Degreaser 5L,Cleaning & Maintenance,Low,30,480,0.028,466.69,413,14000.7,1610.7,0
ORD-00138,2025-10-06,ACC-105,Vertex Retail Group,North,Priya Nair,DG-Digital Multimeter Pro,Diagnostic Equipment,High,3,12500,0.082,11478.53,6875,34435.59,13810.59,0
ORD-00138,2025-10-06,ACC-105,Vertex Retail Group,North,Priya Nair,PH-Micrometer Set,Precision Hardware,High,9,4100,0.009,4062.48,2460,36562.32,14422.32,0
ORD-00138,2025-10-06,ACC-105,Vertex Retail Group,North,Priya Nair,PT-Angle Grinder 900W,Power Tools,High,9,6400,0.067,5973.32,3712,53759.88,20351.88,0
ORD-00138,2025-10-06,ACC-105,Vertex Retail Group,North,Priya Nair,SB-Safety Glasses 10pk,Safety Basics,Low,75,240,0.067,223.97,204,16797.75,1497.75,0
ORD-00139,2025-11-17,ACC-105,Vertex Retail Group,North,Priya Nair,DG-Insulation Tester,Diagnostic Equipment,High,2,21000,0.081,19303.45,11550,38606.9,15506.9,0
ORD-00139,2025-11-17,ACC-105,Vertex Retail Group,North,Priya Nair,PT-Rotary Hammer SDS,Power Tools,High,4,14800,0.081,13603.65,8584,54414.6,20078.6,0
ORD-00139,2025-11-17,ACC-105,Vertex Retail Group,North,Priya Nair,CM-Shop Wipes Bulk,Cleaning & Maintenance,Low,62,260,0.058,244.89,224,15183.18,1295.18,0
ORD-00139,2025-11-17,ACC-105,Vertex Retail Group,North,Priya Nair,EA-MCB 32A,Electrical Accessories,Mid,52,650,0.04,623.92,455,32443.84,8783.84,0
ORD-00139,2025-11-17,ACC-105,Vertex Retail Group,North,Priya Nair,FF-Anchor Bolt Assortment,Fasteners & Fittings,Mid,42,900,0.046,858.45,630,36054.9,9594.9,0
ORD-00139,2025-11-17,ACC-105,Vertex Retail Group,North,Priya Nair,CN-Cutting Blade 10pk,Consumables,Low,77,420,0.062,393.87,357,30327.99,2838.99,0
ORD-00139,2025-11-17,ACC-105,Vertex Retail Group,North,Priya Nair,SB-Safety Glasses 10pk,Safety Basics,Low,70,240,0.001,239.68,204,16777.6,2497.6,0
ORD-00139,2025-11-17,ACC-105,Vertex Retail Group,North,Priya Nair,PH-Micrometer Set,Precision Hardware,High,10,4100,0.044,3920.0,2460,39200.0,14600.0,0
ORD-00140,2025-12-22,ACC-105,Vertex Retail Group,North,Priya Nair,CN-Abrasive Discs 25pk,Consumables,Low,115,300,0.045,286.59,255,32957.85,3632.85,0
ORD-00140,2025-12-22,ACC-105,Vertex Retail Group,North,Priya Nair,SB-Safety Glasses 10pk,Safety Basics,Low,82,240,0.035,231.58,204,18989.56,2261.56,0
ORD-00140,2025-12-22,ACC-105,Vertex Retail Group,North,Priya Nair,FF-Anchor Bolt Assortment,Fasteners & Fittings,Mid,46,900,0.088,820.66,630,37750.36,8770.36,0
ORD-00140,2025-12-22,ACC-105,Vertex Retail Group,North,Priya Nair,CM-Degreaser 5L,Cleaning & Maintenance,Low,30,480,0.063,449.66,413,13489.8,1099.8,0
ORD-00140,2025-12-22,ACC-105,Vertex Retail Group,North,Priya Nair,PT-Cordless Drill 18V,Power Tools,High,6,9200,0.096,8318.13,5336,49908.78,17892.78,0
ORD-00140,2025-12-22,ACC-105,Vertex Retail Group,North,Priya Nair,PH-Micrometer Set,Precision Hardware,High,9,4100,0.032,3967.77,2460,35709.93,13569.93,0
ORD-00140,2025-12-22,ACC-105,Vertex Retail Group,North,Priya Nair,DG-Digital Multimeter Pro,Diagnostic Equipment,High,3,12500,0.082,11472.79,6875,34418.37,13793.37,0
ORD-00140,2025-12-22,ACC-105,Vertex Retail Group,North,Priya Nair,EA-MCB 32A,Electrical Accessories,Mid,53,650,0.07,604.76,455,32052.28,7937.28,0
ORD-00141,2026-01-26,ACC-105,Vertex Retail Group,North,Priya Nair,CN-Drill Bit Set,Consumables,Low,58,560,0.041,536.81,476,31134.98,3526.98,0
ORD-00141,2026-01-26,ACC-105,Vertex Retail Group,North,Priya Nair,DG-Insulation Tester,Diagnostic Equipment,High,2,21000,0.06,19735.06,11550,39470.12,16370.12,0
ORD-00141,2026-01-26,ACC-105,Vertex Retail Group,North,Priya Nair,EA-MCB 32A,Electrical Accessories,Mid,43,650,0.004,647.23,455,27830.89,8265.89,0
ORD-00141,2026-01-26,ACC-105,Vertex Retail Group,North,Priya Nair,SB-Safety Gloves 12pr,Safety Basics,Low,58,360,0.046,343.39,306,19916.62,2168.62,0
ORD-00141,2026-01-26,ACC-105,Vertex Retail Group,North,Priya Nair,PT-Rotary Hammer SDS,Power Tools,High,4,14800,0.06,13912.72,8584,55650.88,21314.88,0
ORD-00141,2026-01-26,ACC-105,Vertex Retail Group,North,Priya Nair,FF-Anchor Bolt Assortment,Fasteners & Fittings,Mid,43,900,0.054,851.12,630,36598.16,9508.16,0
ORD-00141,2026-01-26,ACC-105,Vertex Retail Group,North,Priya Nair,CM-Degreaser 5L,Cleaning & Maintenance,Low,33,480,0.087,438.28,413,14463.24,834.24,0
ORD-00141,2026-01-26,ACC-105,Vertex Retail Group,North,Priya Nair,PH-Micrometer Set,Precision Hardware,High,11,4100,0.077,3783.98,2460,41623.78,14563.78,0
ORD-00142,2026-02-13,ACC-105,Vertex Retail Group,North,Priya Nair,EA-Cable Gland Set,Electrical Accessories,Mid,29,1100,0.053,1041.52,770,30204.08,7874.08,0
ORD-00142,2026-02-13,ACC-105,Vertex Retail Group,North,Priya Nair,SB-Safety Gloves 12pr,Safety Basics,Low,58,360,0.055,340.35,306,19740.3,1992.3,0
ORD-00142,2026-02-13,ACC-105,Vertex Retail Group,North,Priya Nair,DG-Insulation Tester,Diagnostic Equipment,High,2,21000,0.052,19908.54,11550,39817.08,16717.08,0
ORD-00142,2026-02-13,ACC-105,Vertex Retail Group,North,Priya Nair,PH-Bearing Puller Kit,Precision Hardware,High,7,5600,0.05,5321.3,3360,37249.1,13729.1,0
ORD-00142,2026-02-13,ACC-105,Vertex Retail Group,North,Priya Nair,FF-Anchor Bolt Assortment,Fasteners & Fittings,Mid,43,900,0.066,840.89,630,36158.27,9068.27,0
ORD-00142,2026-02-13,ACC-105,Vertex Retail Group,North,Priya Nair,CN-Cutting Blade 10pk,Consumables,Low,75,420,0.062,393.98,357,29548.5,2773.5,0
ORD-00142,2026-02-13,ACC-105,Vertex Retail Group,North,Priya Nair,PT-Cordless Drill 18V,Power Tools,High,7,9200,0.035,8875.76,5336,62130.32,24778.32,0
ORD-00142,2026-02-13,ACC-105,Vertex Retail Group,North,Priya Nair,CM-Shop Wipes Bulk,Cleaning & Maintenance,Low,65,260,0.075,240.47,224,15630.55,1070.55,0
ORD-00143,2026-03-25,ACC-105,Vertex Retail Group,North,Priya Nair,CM-Degreaser 5L,Cleaning & Maintenance,Low,32,480,0.054,454.04,413,14529.28,1313.28,0
ORD-00143,2026-03-25,ACC-105,Vertex Retail Group,North,Priya Nair,FF-Anchor Bolt Assortment,Fasteners & Fittings,Mid,40,900,0.052,853.64,630,34145.6,8945.6,0
ORD-00143,2026-03-25,ACC-105,Vertex Retail Group,North,Priya Nair,CN-Abrasive Discs 25pk,Consumables,Low,120,300,0.049,285.16,255,34219.2,3619.2,0
ORD-00143,2026-03-25,ACC-105,Vertex Retail Group,North,Priya Nair,DG-Digital Multimeter Pro,Diagnostic Equipment,High,3,12500,0.053,11840.79,6875,35522.37,14897.37,0
ORD-00143,2026-03-25,ACC-105,Vertex Retail Group,North,Priya Nair,SB-Safety Glasses 10pk,Safety Basics,Low,74,240,0.055,226.89,204,16789.86,1693.86,0
ORD-00143,2026-03-25,ACC-105,Vertex Retail Group,North,Priya Nair,EA-MCB 32A,Electrical Accessories,Mid,53,650,0.061,610.65,455,32364.45,8249.45,0
ORD-00143,2026-03-25,ACC-105,Vertex Retail Group,North,Priya Nair,PH-Micrometer Set,Precision Hardware,High,10,4100,0.071,3808.2,2460,38082.0,13482.0,0
ORD-00143,2026-03-25,ACC-105,Vertex Retail Group,North,Priya Nair,PT-Angle Grinder 900W,Power Tools,High,9,6400,0.041,6134.44,3712,55209.96,21801.96,0
ORD-00145,2026-04-22,ACC-105,Vertex Retail Group,North,Priya Nair,PH-Bearing Puller Kit,Precision Hardware,High,7,5600,0.029,5436.13,3360,38052.91,14532.91,0
ORD-00145,2026-04-22,ACC-105,Vertex Retail Group,North,Priya Nair,CN-Cutting Blade 10pk,Consumables,Low,78,420,0.048,399.83,357,31186.74,3340.74,0
ORD-00145,2026-04-22,ACC-105,Vertex Retail Group,North,Priya Nair,PT-Rotary Hammer SDS,Power Tools,High,4,14800,0.042,14175.42,8584,56701.68,22365.68,0
ORD-00145,2026-04-22,ACC-105,Vertex Retail Group,North,Priya Nair,EA-MCB 32A,Electrical Accessories,Mid,54,650,0.068,605.92,455,32719.68,8149.68,0
ORD-00144,2026-04-24,ACC-105,Vertex Retail Group,North,Priya Nair,FF-Anchor Bolt Assortment,Fasteners & Fittings,Mid,47,900,0.04,864.02,630,40608.94,10998.94,0
ORD-00144,2026-04-24,ACC-105,Vertex Retail Group,North,Priya Nair,CM-Degreaser 5L,Cleaning & Maintenance,Low,37,480,0.088,437.86,413,16200.82,919.82,0
ORD-00144,2026-04-24,ACC-105,Vertex Retail Group,North,Priya Nair,SB-Safety Glasses 10pk,Safety Basics,Low,85,240,0.026,233.82,204,19874.7,2534.7,0
ORD-00144,2026-04-24,ACC-105,Vertex Retail Group,North,Priya Nair,DG-Thermal Imager,Diagnostic Equipment,High,1,38000,0.03,36844.43,20900,36844.43,15944.43,0
ORD-00146,2026-05-06,ACC-105,Vertex Retail Group,North,Priya Nair,FF-Stainless Fastener Pack,Fasteners & Fittings,Mid,29,1400,0.043,1339.27,980,38838.83,10418.83,0
ORD-00146,2026-05-06,ACC-105,Vertex Retail Group,North,Priya Nair,DG-Thermal Imager,Diagnostic Equipment,High,1,38000,0.046,36249.85,20900,36249.85,15349.85,0
ORD-00146,2026-05-06,ACC-105,Vertex Retail Group,North,Priya Nair,CM-Shop Wipes Bulk,Cleaning & Maintenance,Low,55,260,0.015,256.17,224,14089.35,1769.35,0
ORD-00146,2026-05-06,ACC-105,Vertex Retail Group,North,Priya Nair,EA-Cable Gland Set,Electrical Accessories,Mid,33,1100,0.043,1052.56,770,34734.48,9324.48,0
ORD-00146,2026-05-06,ACC-105,Vertex Retail Group,North,Priya Nair,PH-Bearing Puller Kit,Precision Hardware,High,7,5600,0.042,5365.87,3360,37561.09,14041.09,0
ORD-00146,2026-05-06,ACC-105,Vertex Retail Group,North,Priya Nair,PT-Rotary Hammer SDS,Power Tools,High,4,14800,0.024,14441.79,8584,57767.16,23431.16,0
ORD-00146,2026-05-06,ACC-105,Vertex Retail Group,North,Priya Nair,SB-Safety Gloves 12pr,Safety Basics,Low,53,360,0.076,332.53,306,17624.09,1406.09,0
ORD-00146,2026-05-06,ACC-105,Vertex Retail Group,North,Priya Nair,CN-Cutting Blade 10pk,Consumables,Low,85,420,0.075,388.42,357,33015.7,2670.7,0
ORD-00147,2026-06-01,ACC-105,Vertex Retail Group,North,Priya Nair,FF-Stainless Fastener Pack,Fasteners & Fittings,Mid,26,1400,0.038,1347.19,980,35026.94,9546.94,0
ORD-00147,2026-06-01,ACC-105,Vertex Retail Group,North,Priya Nair,DG-Thermal Imager,Diagnostic Equipment,High,1,38000,0.004,37850.76,20900,37850.76,16950.76,0
ORD-00147,2026-06-01,ACC-105,Vertex Retail Group,North,Priya Nair,CN-Drill Bit Set,Consumables,Low,60,560,0.049,532.44,476,31946.4,3386.4,0
ORD-00147,2026-06-01,ACC-105,Vertex Retail Group,North,Priya Nair,PT-Angle Grinder 900W,Power Tools,High,9,6400,0.042,6134.23,3712,55208.07,21800.07,0
ORD-00147,2026-06-01,ACC-105,Vertex Retail Group,North,Priya Nair,SB-Safety Gloves 12pr,Safety Basics,Low,55,360,0.055,340.19,306,18710.45,1880.45,0
ORD-00147,2026-06-01,ACC-105,Vertex Retail Group,North,Priya Nair,EA-Cable Gland Set,Electrical Accessories,Mid,31,1100,0.048,1047.1,770,32460.1,8590.1,0
ORD-00147,2026-06-01,ACC-105,Vertex Retail Group,North,Priya Nair,PH-Bearing Puller Kit,Precision Hardware,High,7,5600,0.039,5379.31,3360,37655.17,14135.17,0
ORD-00147,2026-06-01,ACC-105,Vertex Retail Group,North,Priya Nair,CM-Shop Wipes Bulk,Cleaning & Maintenance,Low,65,260,0.039,249.77,224,16235.05,1675.05,0
ORD-00148,2026-07-23,ACC-105,Vertex Retail Group,North,Priya Nair,PT-Cordless Drill 18V,Power Tools,High,7,9200,0.028,8940.47,5336,62583.29,25231.29,0
ORD-00148,2026-07-23,ACC-105,Vertex Retail Group,North,Priya Nair,DG-Thermal Imager,Diagnostic Equipment,High,1,38000,0.064,35577.76,20900,35577.76,14677.76,0
ORD-00148,2026-07-23,ACC-105,Vertex Retail Group,North,Priya Nair,EA-Cable Gland Set,Electrical Accessories,Mid,33,1100,0.066,1027.16,770,33896.28,8486.28,0
ORD-00148,2026-07-23,ACC-105,Vertex Retail Group,North,Priya Nair,FF-Anchor Bolt Assortment,Fasteners & Fittings,Mid,45,900,0.046,858.99,630,38654.55,10304.55,0
ORD-00148,2026-07-23,ACC-105,Vertex Retail Group,North,Priya Nair,SB-Safety Gloves 12pr,Safety Basics,Low,58,360,0.052,341.41,306,19801.78,2053.78,0
ORD-00148,2026-07-23,ACC-105,Vertex Retail Group,North,Priya Nair,PH-Bearing Puller Kit,Precision Hardware,High,8,5600,0.038,5386.48,3360,43091.84,16211.84,0
ORD-00148,2026-07-23,ACC-105,Vertex Retail Group,North,Priya Nair,CM-Degreaser 5L,Cleaning & Maintenance,Low,33,480,0.017,471.95,413,15574.35,1945.35,0
ORD-00148,2026-07-23,ACC-105,Vertex Retail Group,North,Priya Nair,CN-Drill Bit Set,Consumables,Low,70,560,0.076,517.66,476,36236.2,2916.2,0
ORD-00149,2026-08-07,ACC-105,Vertex Retail Group,North,Priya Nair,PH-Micrometer Set,Precision Hardware,High,10,4100,0.031,3972.5,2460,39725.0,15125.0,0
ORD-00149,2026-08-07,ACC-105,Vertex Retail Group,North,Priya Nair,CM-Shop Wipes Bulk,Cleaning & Maintenance,Low,64,260,0.09,236.52,224,15137.28,801.28,0
ORD-00149,2026-08-07,ACC-105,Vertex Retail Group,North,Priya Nair,DG-Insulation Tester,Diagnostic Equipment,High,2,21000,0.017,20637.84,11550,41275.68,18175.68,0
ORD-00149,2026-08-07,ACC-105,Vertex Retail Group,North,Priya Nair,FF-Stainless Fastener Pack,Fasteners & Fittings,Mid,30,1400,0.073,1297.35,980,38920.5,9520.5,0
ORD-00149,2026-08-07,ACC-105,Vertex Retail Group,North,Priya Nair,SB-Safety Glasses 10pk,Safety Basics,Low,85,240,0.013,236.99,204,20144.15,2804.15,0
ORD-00149,2026-08-07,ACC-105,Vertex Retail Group,North,Priya Nair,PT-Cordless Drill 18V,Power Tools,High,7,9200,0.084,8426.89,5336,58988.23,21636.23,0
ORD-00149,2026-08-07,ACC-105,Vertex Retail Group,North,Priya Nair,CN-Cutting Blade 10pk,Consumables,Low,80,420,0.018,412.28,357,32982.4,4422.4,0
ORD-00149,2026-08-07,ACC-105,Vertex Retail Group,North,Priya Nair,EA-Cable Gland Set,Electrical Accessories,Mid,33,1100,0.046,1049.16,770,34622.28,9212.28,0
ORD-00150,2024-09-24,ACC-106,Kingsway Distributors,South,Rohit Sharma,DG-Digital Multimeter Pro,Diagnostic Equipment,High,6,12500,0.072,11594.6,6875,69567.6,28317.6,0
ORD-00150,2024-09-24,ACC-106,Kingsway Distributors,South,Rohit Sharma,CM-Degreaser 5L,Cleaning & Maintenance,Low,16,480,0.07,446.57,413,7145.12,537.12,0
ORD-00150,2024-09-24,ACC-106,Kingsway Distributors,South,Rohit Sharma,SB-Safety Gloves 12pr,Safety Basics,Low,23,360,0.029,349.68,306,8042.64,1004.64,0
ORD-00150,2024-09-24,ACC-106,Kingsway Distributors,South,Rohit Sharma,PT-Cordless Drill 18V,Power Tools,High,10,9200,0.078,8479.91,5336,84799.1,31439.1,0
ORD-00150,2024-09-24,ACC-106,Kingsway Distributors,South,Rohit Sharma,EA-MCB 32A,Electrical Accessories,Mid,34,650,0.081,597.38,455,20310.92,4840.92,0
ORD-00150,2024-09-24,ACC-106,Kingsway Distributors,South,Rohit Sharma,FF-Stainless Fastener Pack,Fasteners & Fittings,Mid,19,1400,0.063,1312.15,980,24930.85,6310.85,0
ORD-00150,2024-09-24,ACC-106,Kingsway Distributors,South,Rohit Sharma,PH-Bearing Puller Kit,Precision Hardware,High,8,5600,0.055,5290.08,3360,42320.64,15440.64,0
ORD-00150,2024-09-24,ACC-106,Kingsway Distributors,South,Rohit Sharma,CN-Cutting Blade 10pk,Consumables,Low,37,420,0.043,401.89,357,14869.93,1660.93,0
ORD-00151,2024-10-21,ACC-106,Kingsway Distributors,South,Rohit Sharma,FF-Stainless Fastener Pack,Fasteners & Fittings,Mid,17,1400,0.059,1317.58,980,22398.86,5738.86,0
ORD-00151,2024-10-21,ACC-106,Kingsway Distributors,South,Rohit Sharma,EA-Cable Gland Set,Electrical Accessories,Mid,20,1100,0.045,1050.56,770,21011.2,5611.2,0
ORD-00151,2024-10-21,ACC-106,Kingsway Distributors,South,Rohit Sharma,PT-Rotary Hammer SDS,Power Tools,High,7,14800,0.032,14319.73,8584,100238.11,40150.11,0
ORD-00151,2024-10-21,ACC-106,Kingsway Distributors,South,Rohit Sharma,DG-Thermal Imager,Diagnostic Equipment,High,2,38000,0.058,35785.94,20900,71571.88,29771.88,0
ORD-00151,2024-10-21,ACC-106,Kingsway Distributors,South,Rohit Sharma,CM-Shop Wipes Bulk,Cleaning & Maintenance,Low,26,260,0.025,253.5,224,6591.0,767.0,0
ORD-00151,2024-10-21,ACC-106,Kingsway Distributors,South,Rohit Sharma,CN-Cutting Blade 10pk,Consumables,Low,40,420,0.064,393.26,357,15730.4,1450.4,0
ORD-00151,2024-10-21,ACC-106,Kingsway Distributors,South,Rohit Sharma,PH-Micrometer Set,Precision Hardware,High,10,4100,0.06,3853.72,2460,38537.2,13937.2,0
ORD-00151,2024-10-21,ACC-106,Kingsway Distributors,South,Rohit Sharma,SB-Safety Gloves 12pr,Safety Basics,Low,23,360,0.015,354.58,306,8155.34,1117.34,0
ORD-00152,2024-11-15,ACC-106,Kingsway Distributors,South,Rohit Sharma,SB-Safety Glasses 10pk,Safety Basics,Low,35,240,0.058,226.16,204,7915.6,775.6,0
ORD-00152,2024-11-15,ACC-106,Kingsway Distributors,South,Rohit Sharma,CN-Drill Bit Set,Consumables,Low,31,560,0.039,537.89,476,16674.59,1918.59,0
ORD-00152,2024-11-15,ACC-106,Kingsway Distributors,South,Rohit Sharma,PT-Rotary Hammer SDS,Power Tools,High,6,14800,0.057,13962.16,8584,83772.96,32268.96,0
ORD-00152,2024-11-15,ACC-106,Kingsway Distributors,South,Rohit Sharma,DG-Digital Multimeter Pro,Diagnostic Equipment,High,6,12500,0.052,11844.32,6875,71065.92,29815.92,0
ORD-00152,2024-11-15,ACC-106,Kingsway Distributors,South,Rohit Sharma,CM-Shop Wipes Bulk,Cleaning & Maintenance,Low,30,260,0.037,250.29,224,7508.7,788.7,0
ORD-00152,2024-11-15,ACC-106,Kingsway Distributors,South,Rohit Sharma,PH-Micrometer Set,Precision Hardware,High,9,4100,0.053,3882.4,2460,34941.6,12801.6,0
ORD-00152,2024-11-15,ACC-106,Kingsway Distributors,South,Rohit Sharma,EA-MCB 32A,Electrical Accessories,Mid,31,650,0.068,605.65,455,18775.15,4670.15,0
ORD-00152,2024-11-15,ACC-106,Kingsway Distributors,South,Rohit Sharma,FF-Stainless Fastener Pack,Fasteners & Fittings,Mid,21,1400,0.07,1301.85,980,27338.85,6758.85,0
ORD-00153,2024-12-23,ACC-106,Kingsway Distributors,South,Rohit Sharma,CM-Shop Wipes Bulk,Cleaning & Maintenance,Low,29,260,0.051,246.85,224,7158.65,662.65,0
ORD-00153,2024-12-23,ACC-106,Kingsway Distributors,South,Rohit Sharma,FF-Stainless Fastener Pack,Fasteners & Fittings,Mid,19,1400,0.051,1328.46,980,25240.74,6620.74,0
ORD-00153,2024-12-23,ACC-106,Kingsway Distributors,South,Rohit Sharma,PT-Cordless Drill 18V,Power Tools,High,11,9200,0.048,8755.65,5336,96312.15,37616.15,0
ORD-00153,2024-12-23,ACC-106,Kingsway Distributors,South,Rohit Sharma,CN-Abrasive Discs 25pk,Consumables,Low,50,300,0.041,287.68,255,14384.0,1634.0,0
ORD-00153,2024-12-23,ACC-106,Kingsway Distributors,South,Rohit Sharma,PH-Precision Torque Wrench,Precision Hardware,High,6,7300,0.05,6933.44,4380,41600.64,15320.64,0
ORD-00153,2024-12-23,ACC-106,Kingsway Distributors,South,Rohit Sharma,SB-Safety Glasses 10pk,Safety Basics,Low,34,240,0.034,231.82,204,7881.88,945.88,0
ORD-00153,2024-12-23,ACC-106,Kingsway Distributors,South,Rohit Sharma,EA-MCB 32A,Electrical Accessories,Mid,34,650,0.016,639.59,455,21746.06,6276.06,0
ORD-00153,2024-12-23,ACC-106,Kingsway Distributors,South,Rohit Sharma,DG-Thermal Imager,Diagnostic Equipment,High,2,38000,0.036,36646.24,20900,73292.48,31492.48,0
ORD-00154,2025-01-08,ACC-106,Kingsway Distributors,South,Rohit Sharma,FF-Anchor Bolt Assortment,Fasteners & Fittings,Mid,28,900,0.063,842.99,630,23603.72,5963.72,0
ORD-00154,2025-01-08,ACC-106,Kingsway Distributors,South,Rohit Sharma,CM-Shop Wipes Bulk,Cleaning & Maintenance,Low,31,260,0.072,241.38,224,7482.78,538.78,0
ORD-00154,2025-01-08,ACC-106,Kingsway Distributors,South,Rohit Sharma,DG-Insulation Tester,Diagnostic Equipment,High,3,21000,0.063,19674.81,11550,59024.43,24374.43,0
ORD-00154,2025-01-08,ACC-106,Kingsway Distributors,South,Rohit Sharma,SB-Safety Gloves 12pr,Safety Basics,Low,22,360,0.064,337.07,306,7415.54,683.54,0
ORD-00154,2025-01-08,ACC-106,Kingsway Distributors,South,Rohit Sharma,CN-Cutting Blade 10pk,Consumables,Low,45,420,0.089,382.49,357,17212.05,1147.05,0
ORD-00154,2025-01-08,ACC-106,Kingsway Distributors,South,Rohit Sharma,EA-MCB 32A,Electrical Accessories,Mid,31,650,0.061,610.14,455,18914.34,4809.34,0
ORD-00154,2025-01-08,ACC-106,Kingsway Distributors,South,Rohit Sharma,PH-Precision Torque Wrench,Precision Hardware,High,6,7300,0.055,6900.63,4380,41403.78,15123.78,0
ORD-00154,2025-01-08,ACC-106,Kingsway Distributors,South,Rohit Sharma,PT-Angle Grinder 900W,Power Tools,High,16,6400,0.043,6126.48,3712,98023.68,38631.68,0
ORD-00155,2025-02-15,ACC-106,Kingsway Distributors,South,Rohit Sharma,PH-Precision Torque Wrench,Precision Hardware,High,6,7300,0.036,7039.57,4380,42237.42,15957.42,0
ORD-00155,2025-02-15,ACC-106,Kingsway Distributors,South,Rohit Sharma,FF-Stainless Fastener Pack,Fasteners & Fittings,Mid,18,1400,0.029,1358.97,980,24461.46,6821.46,0
ORD-00155,2025-02-15,ACC-106,Kingsway Distributors,South,Rohit Sharma,PT-Rotary Hammer SDS,Power Tools,High,7,14800,0.04,14207.66,8584,99453.62,39365.62,0
ORD-00155,2025-02-15,ACC-106,Kingsway Distributors,South,Rohit Sharma,CM-Shop Wipes Bulk,Cleaning & Maintenance,Low,32,260,0.074,240.86,224,7707.52,539.52,0
ORD-00156,2025-02-20,ACC-106,Kingsway Distributors,South,Rohit Sharma,CN-Abrasive Discs 25pk,Consumables,Low,51,300,0.061,281.55,255,14359.05,1354.05,0
ORD-00156,2025-02-20,ACC-106,Kingsway Distributors,South,Rohit Sharma,DG-Digital Multimeter Pro,Diagnostic Equipment,High,6,12500,0.061,11732.39,6875,70394.34,29144.34,0
ORD-00156,2025-02-20,ACC-106,Kingsway Distributors,South,Rohit Sharma,EA-Cable Gland Set,Electrical Accessories,Mid,18,1100,0.045,1050.08,770,18901.44,5041.44,0
ORD-00156,2025-02-20,ACC-106,Kingsway Distributors,South,Rohit Sharma,SB-Safety Glasses 10pk,Safety Basics,Low,33,240,0.062,225.01,204,7425.33,693.33,0
ORD-00157,2025-03-10,ACC-106,Kingsway Distributors,South,Rohit Sharma,PH-Bearing Puller Kit,Precision Hardware,High,7,5600,0.054,5295.53,3360,37068.71,13548.71,0
ORD-00157,2025-03-10,ACC-106,Kingsway Distributors,South,Rohit Sharma,CM-Degreaser 5L,Cleaning & Maintenance,Low,15,480,0.046,457.93,413,6868.95,673.95,0
ORD-00157,2025-03-10,ACC-106,Kingsway Distributors,South,Rohit Sharma,FF-Stainless Fastener Pack,Fasteners & Fittings,Mid,20,1400,0.055,1322.97,980,26459.4,6859.4,0
ORD-00157,2025-03-10,ACC-106,Kingsway Distributors,South,Rohit Sharma,DG-Thermal Imager,Diagnostic Equipment,High,2,38000,0.052,36011.75,20900,72023.5,30223.5,0
ORD-00157,2025-03-10,ACC-106,Kingsway Distributors,South,Rohit Sharma,CN-Abrasive Discs 25pk,Consumables,Low,59,300,0.092,272.54,255,16079.86,1034.86,0
ORD-00157,2025-03-10,ACC-106,Kingsway Distributors,South,Rohit Sharma,PT-Angle Grinder 900W,Power Tools,High,14,6400,0.03,6209.64,3712,86934.96,34966.96,0
ORD-00157,2025-03-10,ACC-106,Kingsway Distributors,South,Rohit Sharma,EA-MCB 32A,Electrical Accessories,Mid,35,650,0.034,628.04,455,21981.4,6056.4,0
ORD-00157,2025-03-10,ACC-106,Kingsway Distributors,South,Rohit Sharma,SB-Safety Gloves 12pr,Safety Basics,Low,21,360,0.046,343.55,306,7214.55,788.55,0
ORD-00158,2025-04-04,ACC-106,Kingsway Distributors,South,Rohit Sharma,FF-Anchor Bolt Assortment,Fasteners & Fittings,Mid,27,900,0.014,887.7,630,23967.9,6957.9,0
ORD-00158,2025-04-04,ACC-106,Kingsway Distributors,South,Rohit Sharma,SB-Safety Glasses 10pk,Safety Basics,Low,32,240,0.046,229.06,204,7329.92,801.92,0
ORD-00158,2025-04-04,ACC-106,Kingsway Distributors,South,Rohit Sharma,PT-Cordless Drill 18V,Power Tools,High,12,9200,0.081,8450.57,5336,101406.84,37374.84,0
ORD-00158,2025-04-04,ACC-106,Kingsway Distributors,South,Rohit Sharma,PH-Bearing Puller Kit,Precision Hardware,High,8,5600,0.039,5384.33,3360,43074.64,16194.64,0
ORD-00158,2025-04-04,ACC-106,Kingsway Distributors,South,Rohit Sharma,CM-Degreaser 5L,Cleaning & Maintenance,Low,14,480,0.025,467.77,413,6548.78,766.78,0
ORD-00158,2025-04-04,ACC-106,Kingsway Distributors,South,Rohit Sharma,CN-Abrasive Discs 25pk,Consumables,Low,54,300,0.013,296.09,255,15988.86,2218.86,0
ORD-00158,2025-04-04,ACC-106,Kingsway Distributors,South,Rohit Sharma,DG-Thermal Imager,Diagnostic Equipment,High,2,38000,0.043,36364.2,20900,72728.4,30928.4,0
ORD-00158,2025-04-04,ACC-106,Kingsway Distributors,South,Rohit Sharma,EA-Cable Gland Set,Electrical Accessories,Mid,18,1100,0.072,1020.34,770,18366.12,4506.12,0
ORD-00159,2025-05-07,ACC-106,Kingsway Distributors,South,Rohit Sharma,DG-Insulation Tester,Diagnostic Equipment,High,3,21000,0.033,20310.57,11550,60931.71,26281.71,0
ORD-00159,2025-05-07,ACC-106,Kingsway Distributors,South,Rohit Sharma,CN-Cutting Blade 10pk,Consumables,Low,37,420,0.046,400.48,357,14817.76,1608.76,0
ORD-00159,2025-05-07,ACC-106,Kingsway Distributors,South,Rohit Sharma,FF-Anchor Bolt Assortment,Fasteners & Fittings,Mid,29,900,0.042,862.11,630,25001.19,6731.19,0
ORD-00159,2025-05-07,ACC-106,Kingsway Distributors,South,Rohit Sharma,PH-Precision Torque Wrench,Precision Hardware,High,6,7300,0.082,6699.62,4380,40197.72,13917.72,0
ORD-00159,2025-05-07,ACC-106,Kingsway Distributors,South,Rohit Sharma,EA-MCB 32A,Electrical Accessories,Mid,33,650,0.07,604.58,455,19951.14,4936.14,0
ORD-00159,2025-05-07,ACC-106,Kingsway Distributors,South,Rohit Sharma,SB-Safety Glasses 10pk,Safety Basics,Low,38,240,0.059,225.8,204,8580.4,828.4,0
ORD-00159,2025-05-07,ACC-106,Kingsway Distributors,South,Rohit Sharma,CM-Degreaser 5L,Cleaning & Maintenance,Low,14,480,0.041,460.31,413,6444.34,662.34,0
ORD-00159,2025-05-07,ACC-106,Kingsway Distributors,South,Rohit Sharma,PT-Rotary Hammer SDS,Power Tools,High,7,14800,0.046,14115.07,8584,98805.49,38717.49,0
ORD-00160,2025-06-07,ACC-106,Kingsway Distributors,South,Rohit Sharma,EA-Cable Gland Set,Electrical Accessories,Mid,20,1100,0.042,1053.91,770,21078.2,5678.2,0
ORD-00160,2025-06-07,ACC-106,Kingsway Distributors,South,Rohit Sharma,SB-Safety Glasses 10pk,Safety Basics,Low,37,240,0.063,224.91,204,8321.67,773.67,0
ORD-00160,2025-06-07,ACC-106,Kingsway Distributors,South,Rohit Sharma,FF-Anchor Bolt Assortment,Fasteners & Fittings,Mid,32,900,0.057,848.95,630,27166.4,7006.4,0
ORD-00160,2025-06-07,ACC-106,Kingsway Distributors,South,Rohit Sharma,DG-Thermal Imager,Diagnostic Equipment,High,2,38000,0.072,35277.17,20900,70554.34,28754.34,0
ORD-00161,2025-06-14,ACC-106,Kingsway Distributors,South,Rohit Sharma,PT-Rotary Hammer SDS,Power Tools,High,7,14800,0.035,14277.43,8584,99942.01,39854.01,0
ORD-00161,2025-06-14,ACC-106,Kingsway Distributors,South,Rohit Sharma,PH-Bearing Puller Kit,Precision Hardware,High,8,5600,0.071,5202.16,3360,41617.28,14737.28,0
ORD-00161,2025-06-14,ACC-106,Kingsway Distributors,South,Rohit Sharma,CN-Abrasive Discs 25pk,Consumables,Low,62,300,0.072,278.47,255,17265.14,1455.14,0
ORD-00161,2025-06-14,ACC-106,Kingsway Distributors,South,Rohit Sharma,CM-Shop Wipes Bulk,Cleaning & Maintenance,Low,26,260,0.019,255.04,224,6631.04,807.04,0
ORD-00162,2025-07-22,ACC-106,Kingsway Distributors,South,Rohit Sharma,PT-Rotary Hammer SDS,Power Tools,High,6,14800,0.087,13518.31,8584,81109.86,29605.86,0
ORD-00162,2025-07-22,ACC-106,Kingsway Distributors,South,Rohit Sharma,CM-Degreaser 5L,Cleaning & Maintenance,Low,15,480,0.028,466.52,413,6997.8,802.8,0
ORD-00162,2025-07-22,ACC-106,Kingsway Distributors,South,Rohit Sharma,FF-Stainless Fastener Pack,Fasteners & Fittings,Mid,18,1400,0.068,1304.5,980,23481.0,5841.0,0
ORD-00162,2025-07-22,ACC-106,Kingsway Distributors,South,Rohit Sharma,SB-Safety Glasses 10pk,Safety Basics,Low,38,240,0.066,224.19,204,8519.22,767.22,0
ORD-00162,2025-07-22,ACC-106,Kingsway Distributors,South,Rohit Sharma,PH-Precision Torque Wrench,Precision Hardware,High,6,7300,0.062,6845.61,4380,41073.66,14793.66,0
ORD-00162,2025-07-22,ACC-106,Kingsway Distributors,South,Rohit Sharma,DG-Digital Multimeter Pro,Diagnostic Equipment,High,6,12500,0.02,12249.31,6875,73495.86,32245.86,0
ORD-00162,2025-07-22,ACC-106,Kingsway Distributors,South,Rohit Sharma,EA-Cable Gland Set,Electrical Accessories,Mid,20,1100,0.061,1033.18,770,20663.6,5263.6,0
ORD-00162,2025-07-22,ACC-106,Kingsway Distributors,South,Rohit Sharma,CN-Drill Bit Set,Consumables,Low,30,560,0.019,549.1,476,16473.0,2193.0,0
ORD-00163,2025-08-12,ACC-106,Kingsway Distributors,South,Rohit Sharma,PH-Micrometer Set,Precision Hardware,High,10,4100,0.009,4062.25,2460,40622.5,16022.5,0
ORD-00163,2025-08-12,ACC-106,Kingsway Distributors,South,Rohit Sharma,CM-Degreaser 5L,Cleaning & Maintenance,Low,15,480,0.035,463.07,413,6946.05,751.05,0
ORD-00163,2025-08-12,ACC-106,Kingsway Distributors,South,Rohit Sharma,SB-Safety Glasses 10pk,Safety Basics,Low,38,240,0.077,221.47,204,8415.86,663.86,0
ORD-00163,2025-08-12,ACC-106,Kingsway Distributors,South,Rohit Sharma,PT-Angle Grinder 900W,Power Tools,High,14,6400,0.019,6279.0,3712,87906.0,35938.0,0
ORD-00163,2025-08-12,ACC-106,Kingsway Distributors,South,Rohit Sharma,CN-Cutting Blade 10pk,Consumables,Low,37,420,0.069,390.88,357,14462.56,1253.56,0
ORD-00163,2025-08-12,ACC-106,Kingsway Distributors,South,Rohit Sharma,DG-Digital Multimeter Pro,Diagnostic Equipment,High,6,12500,0.07,11629.58,6875,69777.48,28527.48,0
ORD-00163,2025-08-12,ACC-106,Kingsway Distributors,South,Rohit Sharma,FF-Anchor Bolt Assortment,Fasteners & Fittings,Mid,30,900,0.029,873.67,630,26210.1,7310.1,0
ORD-00163,2025-08-12,ACC-106,Kingsway Distributors,South,Rohit Sharma,EA-Cable Gland Set,Electrical Accessories,Mid,21,1100,0.068,1024.86,770,21522.06,5352.06,0
ORD-00164,2025-09-26,ACC-106,Kingsway Distributors,South,Rohit Sharma,PT-Angle Grinder 900W,Power Tools,High,15,6400,0.054,6056.78,3712,90851.7,35171.7,0
ORD-00164,2025-09-26,ACC-106,Kingsway Distributors,South,Rohit Sharma,CM-Degreaser 5L,Cleaning & Maintenance,Low,16,480,0.067,447.81,413,7164.96,556.96,0
ORD-00164,2025-09-26,ACC-106,Kingsway Distributors,South,Rohit Sharma,DG-Insulation Tester,Diagnostic Equipment,High,3,21000,0.02,20583.15,11550,61749.45,27099.45,0
ORD-00164,2025-09-26,ACC-106,Kingsway Distributors,South,Rohit Sharma,CN-Drill Bit Set,Consumables,Low,29,560,0.043,536.07,476,15546.03,1742.03,0
ORD-00164,2025-09-26,ACC-106,Kingsway Distributors,South,Rohit Sharma,SB-Safety Glasses 10pk,Safety Basics,Low,37,240,0.086,219.26,204,8112.62,564.62,0
ORD-00164,2025-09-26,ACC-106,Kingsway Distributors,South,Rohit Sharma,EA-MCB 32A,Electrical Accessories,Mid,31,650,0.053,615.28,455,19073.68,4968.68,0
ORD-00164,2025-09-26,ACC-106,Kingsway Distributors,South,Rohit Sharma,FF-Anchor Bolt Assortment,Fasteners & Fittings,Mid,32,900,0.063,843.45,630,26990.4,6830.4,0
ORD-00164,2025-09-26,ACC-106,Kingsway Distributors,South,Rohit Sharma,PH-Micrometer Set,Precision Hardware,High,11,4100,0.057,3866.46,2460,42531.06,15471.06,0
ORD-00165,2025-10-01,ACC-106,Kingsway Distributors,South,Rohit Sharma,SB-Safety Glasses 10pk,Safety Basics,Low,38,240,0.067,223.91,204,8508.58,756.58,0
ORD-00165,2025-10-01,ACC-106,Kingsway Distributors,South,Rohit Sharma,CM-Degreaser 5L,Cleaning & Maintenance,Low,17,480,0.076,443.36,413,7537.12,516.12,0
ORD-00165,2025-10-01,ACC-106,Kingsway Distributors,South,Rohit Sharma,DG-Digital Multimeter Pro,Diagnostic Equipment,High,6,12500,0.048,11902.01,6875,71412.06,30162.06,0
ORD-00165,2025-10-01,ACC-106,Kingsway Distributors,South,Rohit Sharma,CN-Cutting Blade 10pk,Consumables,Low,42,420,0.035,405.36,357,17025.12,2031.12,0
ORD-00165,2025-10-01,ACC-106,Kingsway Distributors,South,Rohit Sharma,EA-MCB 32A,Electrical Accessories,Mid,32,650,0.043,622.12,455,19907.84,5347.84,0
ORD-00165,2025-10-01,ACC-106,Kingsway Distributors,South,Rohit Sharma,FF-Stainless Fastener Pack,Fasteners & Fittings,Mid,18,1400,0.065,1309.34,980,23568.12,5928.12,0
ORD-00165,2025-10-01,ACC-106,Kingsway Distributors,South,Rohit Sharma,PH-Micrometer Set,Precision Hardware,High,11,4100,0.068,3820.65,2460,42027.15,14967.15,0
ORD-00165,2025-10-01,ACC-106,Kingsway Distributors,South,Rohit Sharma,PT-Cordless Drill 18V,Power Tools,High,10,9200,0.045,8789.1,5336,87891.0,34531.0,0
ORD-00167,2025-11-11,ACC-106,Kingsway Distributors,South,Rohit Sharma,CN-Abrasive Discs 25pk,Consumables,Low,59,300,0.053,284.14,255,16764.26,1719.26,0
ORD-00167,2025-11-11,ACC-106,Kingsway Distributors,South,Rohit Sharma,SB-Safety Glasses 10pk,Safety Basics,Low,33,240,0.077,221.43,204,7307.19,575.19,0
ORD-00167,2025-11-11,ACC-106,Kingsway Distributors,South,Rohit Sharma,PT-Cordless Drill 18V,Power Tools,High,10,9200,0.038,8846.72,5336,88467.2,35107.2,0
ORD-00166,2025-11-12,ACC-106,Kingsway Distributors,South,Rohit Sharma,PH-Micrometer Set,Precision Hardware,High,10,4100,0.086,3746.25,2460,37462.5,12862.5,0
ORD-00166,2025-11-12,ACC-106,Kingsway Distributors,South,Rohit Sharma,CM-Shop Wipes Bulk,Cleaning & Maintenance,Low,31,260,0.091,236.31,224,7325.61,381.61,0
ORD-00166,2025-11-12,ACC-106,Kingsway Distributors,South,Rohit Sharma,EA-Cable Gland Set,Electrical Accessories,Mid,19,1100,0.033,1064.1,770,20217.9,5587.9,0
ORD-00166,2025-11-12,ACC-106,Kingsway Distributors,South,Rohit Sharma,FF-Anchor Bolt Assortment,Fasteners & Fittings,Mid,31,900,0.083,825.45,630,25588.95,6058.95,0
ORD-00168,2025-12-11,ACC-106,Kingsway Distributors,South,Rohit Sharma,PH-Bearing Puller Kit,Precision Hardware,High,8,5600,0.016,5509.82,3360,44078.56,17198.56,0
ORD-00168,2025-12-11,ACC-106,Kingsway Distributors,South,Rohit Sharma,FF-Stainless Fastener Pack,Fasteners & Fittings,Mid,18,1400,0.009,1387.82,980,24980.76,7340.76,0
ORD-00168,2025-12-11,ACC-106,Kingsway Distributors,South,Rohit Sharma,EA-MCB 32A,Electrical Accessories,Mid,32,650,0.07,604.71,455,19350.72,4790.72,0
ORD-00168,2025-12-11,ACC-106,Kingsway Distributors,South,Rohit Sharma,PT-Angle Grinder 900W,Power Tools,High,16,6400,0.083,5870.59,3712,93929.44,34537.44,0
ORD-00168,2025-12-11,ACC-106,Kingsway Distributors,South,Rohit Sharma,SB-Safety Glasses 10pk,Safety Basics,Low,32,240,0.071,223.01,204,7136.32,608.32,0
ORD-00168,2025-12-11,ACC-106,Kingsway Distributors,South,Rohit Sharma,CN-Drill Bit Set,Consumables,Low,29,560,0.049,532.82,476,15451.78,1647.78,0
ORD-00168,2025-12-11,ACC-106,Kingsway Distributors,South,Rohit Sharma,CM-Shop Wipes Bulk,Cleaning & Maintenance,Low,29,260,0.036,250.69,224,7270.01,774.01,0
ORD-00169,2026-01-20,ACC-106,Kingsway Distributors,South,Rohit Sharma,FF-Stainless Fastener Pack,Fasteners & Fittings,Mid,20,1400,0.055,1323.23,980,26464.6,6864.6,0
ORD-00169,2026-01-20,ACC-106,Kingsway Distributors,South,Rohit Sharma,PH-Micrometer Set,Precision Hardware,High,11,4100,0.074,3794.61,2460,41740.71,14680.71,0
ORD-00169,2026-01-20,ACC-106,Kingsway Distributors,South,Rohit Sharma,EA-Cable Gland Set,Electrical Accessories,Mid,18,1100,0.038,1058.63,770,19055.34,5195.34,0
ORD-00169,2026-01-20,ACC-106,Kingsway Distributors,South,Rohit Sharma,CM-Shop Wipes Bulk,Cleaning & Maintenance,Low,32,260,0.071,241.5,224,7728.0,560.0,0
ORD-00169,2026-01-20,ACC-106,Kingsway Distributors,South,Rohit Sharma,SB-Safety Gloves 12pr,Safety Basics,Low,24,360,0.053,341.09,306,8186.16,842.16,0
ORD-00169,2026-01-20,ACC-106,Kingsway Distributors,South,Rohit Sharma,PT-Angle Grinder 900W,Power Tools,High,16,6400,0.072,5938.85,3712,95021.6,35629.6,0
ORD-00169,2026-01-20,ACC-106,Kingsway Distributors,South,Rohit Sharma,CN-Cutting Blade 10pk,Consumables,Low,44,420,0.069,390.84,357,17196.96,1488.96,0
ORD-00170,2026-02-14,ACC-106,Kingsway Distributors,South,Rohit Sharma,PT-Angle Grinder 900W,Power Tools,High,15,6400,0.021,6263.09,3712,93946.35,38266.35,0
ORD-00170,2026-02-14,ACC-106,Kingsway Distributors,South,Rohit Sharma,CM-Shop Wipes Bulk,Cleaning & Maintenance,Low,29,260,0.074,240.87,224,6985.23,489.23,0
ORD-00170,2026-02-14,ACC-106,Kingsway Distributors,South,Rohit Sharma,SB-Safety Gloves 12pr,Safety Basics,Low,24,360,0.039,345.97,306,8303.28,959.28,0
ORD-00170,2026-02-14,ACC-106,Kingsway Distributors,South,Rohit Sharma,EA-MCB 32A,Electrical Accessories,Mid,34,650,0.068,605.95,455,20602.3,5132.3,0
ORD-00170,2026-02-14,ACC-106,Kingsway Distributors,South,Rohit Sharma,PH-Bearing Puller Kit,Precision Hardware,High,8,5600,0.056,5288.77,3360,42310.16,15430.16,0
ORD-00170,2026-02-14,ACC-106,Kingsway Distributors,South,Rohit Sharma,FF-Stainless Fastener Pack,Fasteners & Fittings,Mid,20,1400,0.03,1357.92,980,27158.4,7558.4,0
ORD-00170,2026-02-14,ACC-106,Kingsway Distributors,South,Rohit Sharma,CN-Abrasive Discs 25pk,Consumables,Low,53,300,0.035,289.56,255,15346.68,1831.68,0
ORD-00171,2026-03-20,ACC-106,Kingsway Distributors,South,Rohit Sharma,CN-Drill Bit Set,Consumables,Low,30,560,0.079,515.98,476,15479.4,1199.4,0
ORD-00171,2026-03-20,ACC-106,Kingsway Distributors,South,Rohit Sharma,PH-Micrometer Set,Precision Hardware,High,11,4100,0.082,3762.15,2460,41383.65,14323.65,0
ORD-00171,2026-03-20,ACC-106,Kingsway Distributors,South,Rohit Sharma,CM-Shop Wipes Bulk,Cleaning & Maintenance,Low,25,260,0.029,252.52,224,6313.0,713.0,0
ORD-00171,2026-03-20,ACC-106,Kingsway Distributors,South,Rohit Sharma,EA-Cable Gland Set,Electrical Accessories,Mid,18,1100,0.032,1064.66,770,19163.88,5303.88,0
ORD-00171,2026-03-20,ACC-106,Kingsway Distributors,South,Rohit Sharma,PT-Rotary Hammer SDS,Power Tools,High,6,14800,0.071,13747.22,8584,82483.32,30979.32,0
ORD-00171,2026-03-20,ACC-106,Kingsway Distributors,South,Rohit Sharma,SB-Safety Gloves 12pr,Safety Basics,Low,23,360,0.023,351.58,306,8086.34,1048.34,0
ORD-00171,2026-03-20,ACC-106,Kingsway Distributors,South,Rohit Sharma,FF-Stainless Fastener Pack,Fasteners & Fittings,Mid,21,1400,0.052,1327.63,980,27880.23,7300.23,0
ORD-00173,2026-04-10,ACC-106,Kingsway Distributors,South,Rohit Sharma,FF-Anchor Bolt Assortment,Fasteners & Fittings,Mid,30,900,0.083,824.95,630,24748.5,5848.5,0
ORD-00173,2026-04-10,ACC-106,Kingsway Distributors,South,Rohit Sharma,SB-Safety Gloves 12pr,Safety Basics,Low,25,360,0.052,341.4,306,8535.0,885.0,0
ORD-00173,2026-04-10,ACC-106,Kingsway Distributors,South,Rohit Sharma,EA-Cable Gland Set,Electrical Accessories,Mid,17,1100,0.021,1077.25,770,18313.25,5223.25,0
ORD-00172,2026-04-17,ACC-106,Kingsway Distributors,South,Rohit Sharma,CM-Degreaser 5L,Cleaning & Maintenance,Low,15,480,0.042,459.86,413,6897.9,702.9,0
ORD-00172,2026-04-17,ACC-106,Kingsway Distributors,South,Rohit Sharma,PT-Rotary Hammer SDS,Power Tools,High,6,14800,0.065,13833.38,8584,83000.28,31496.28,0
ORD-00172,2026-04-17,ACC-106,Kingsway Distributors,South,Rohit Sharma,PH-Bearing Puller Kit,Precision Hardware,High,8,5600,0.086,5118.91,3360,40951.28,14071.28,0
ORD-00172,2026-04-17,ACC-106,Kingsway Distributors,South,Rohit Sharma,CN-Drill Bit Set,Consumables,Low,32,560,0.061,525.87,476,16827.84,1595.84,0
ORD-00174,2026-05-17,ACC-106,Kingsway Distributors,South,Rohit Sharma,PT-Cordless Drill 18V,Power Tools,High,10,9200,0.065,8604.86,5336,86048.6,32688.6,0
ORD-00174,2026-05-17,ACC-106,Kingsway Distributors,South,Rohit Sharma,FF-Anchor Bolt Assortment,Fasteners & Fittings,Mid,27,900,0.06,846.42,630,22853.34,5843.34,0
ORD-00174,2026-05-17,ACC-106,Kingsway Distributors,South,Rohit Sharma,CN-Cutting Blade 10pk,Consumables,Low,36,420,0.007,416.97,357,15010.92,2158.92,0
ORD-00174,2026-05-17,ACC-106,Kingsway Distributors,South,Rohit Sharma,SB-Safety Glasses 10pk,Safety Basics,Low,32,240,0.038,230.96,204,7390.72,862.72,0
ORD-00174,2026-05-17,ACC-106,Kingsway Distributors,South,Rohit Sharma,CM-Shop Wipes Bulk,Cleaning & Maintenance,Low,26,260,0.034,251.08,224,6528.08,704.08,0
ORD-00174,2026-05-17,ACC-106,Kingsway Distributors,South,Rohit Sharma,PH-Bearing Puller Kit,Precision Hardware,High,7,5600,0.029,5437.12,3360,38059.84,14539.84,0
ORD-00174,2026-05-17,ACC-106,Kingsway Distributors,South,Rohit Sharma,EA-MCB 32A,Electrical Accessories,Mid,33,650,0.071,603.72,455,19922.76,4907.76,0
ORD-00176,2026-06-10,ACC-106,Kingsway Distributors,South,Rohit Sharma,PT-Rotary Hammer SDS,Power Tools,High,7,14800,0.012,14619.82,8584,102338.74,42250.74,0
ORD-00176,2026-06-10,ACC-106,Kingsway Distributors,South,Rohit Sharma,CM-Shop Wipes Bulk,Cleaning & Maintenance,Low,27,260,0.033,251.53,224,6791.31,743.31,0
ORD-00176,2026-06-10,ACC-106,Kingsway Distributors,South,Rohit Sharma,EA-MCB 32A,Electrical Accessories,Mid,32,650,0.041,623.56,455,19953.92,5393.92,0
ORD-00175,2026-06-23,ACC-106,Kingsway Distributors,South,Rohit Sharma,FF-Anchor Bolt Assortment,Fasteners & Fittings,Mid,30,900,0.013,888.66,630,26659.8,7759.8,0
ORD-00175,2026-06-23,ACC-106,Kingsway Distributors,South,Rohit Sharma,PH-Bearing Puller Kit,Precision Hardware,High,8,5600,0.023,5473.88,3360,43791.04,16911.04,0
ORD-00175,2026-06-23,ACC-106,Kingsway Distributors,South,Rohit Sharma,CN-Abrasive Discs 25pk,Consumables,Low,58,300,0.031,290.56,255,16852.48,2062.48,0
ORD-00175,2026-06-23,ACC-106,Kingsway Distributors,South,Rohit Sharma,SB-Safety Gloves 12pr,Safety Basics,Low,23,360,0.034,347.9,306,8001.7,963.7,0
ORD-00177,2026-07-25,ACC-106,Kingsway Distributors,South,Rohit Sharma,EA-Cable Gland Set,Electrical Accessories,Mid,17,1100,0.03,1066.91,770,18137.47,5047.47,0
ORD-00177,2026-07-25,ACC-106,Kingsway Distributors,South,Rohit Sharma,SB-Safety Glasses 10pk,Safety Basics,Low,35,240,0.054,226.92,204,7942.2,802.2,0
ORD-00177,2026-07-25,ACC-106,Kingsway Distributors,South,Rohit Sharma,PT-Angle Grinder 900W,Power Tools,High,15,6400,0.031,6198.61,3712,92979.15,37299.15,0
ORD-00177,2026-07-25,ACC-106,Kingsway Distributors,South,Rohit Sharma,CN-Abrasive Discs 25pk,Consumables,Low,60,300,0.057,282.88,255,16972.8,1672.8,0
ORD-00177,2026-07-25,ACC-106,Kingsway Distributors,South,Rohit Sharma,FF-Stainless Fastener Pack,Fasteners & Fittings,Mid,21,1400,0.048,1333.05,980,27994.05,7414.05,0
ORD-00177,2026-07-25,ACC-106,Kingsway Distributors,South,Rohit Sharma,CM-Shop Wipes Bulk,Cleaning & Maintenance,Low,29,260,0.068,242.44,224,7030.76,534.76,0
ORD-00177,2026-07-25,ACC-106,Kingsway Distributors,South,Rohit Sharma,PH-Bearing Puller Kit,Precision Hardware,High,7,5600,0.043,5360.81,3360,37525.67,14005.67,0
ORD-00178,2026-08-03,ACC-106,Kingsway Distributors,South,Rohit Sharma,EA-Cable Gland Set,Electrical Accessories,Mid,20,1100,0.066,1027.89,770,20557.8,5157.8,0
ORD-00178,2026-08-03,ACC-106,Kingsway Distributors,South,Rohit Sharma,PH-Bearing Puller Kit,Precision Hardware,High,8,5600,0.067,5225.01,3360,41800.08,14920.08,0
ORD-00178,2026-08-03,ACC-106,Kingsway Distributors,South,Rohit Sharma,PT-Angle Grinder 900W,Power Tools,High,16,6400,0.035,6173.85,3712,98781.6,39389.6,0
ORD-00178,2026-08-03,ACC-106,Kingsway Distributors,South,Rohit Sharma,CM-Shop Wipes Bulk,Cleaning & Maintenance,Low,30,260,0.044,248.54,224,7456.2,736.2,0
ORD-00178,2026-08-03,ACC-106,Kingsway Distributors,South,Rohit Sharma,FF-Anchor Bolt Assortment,Fasteners & Fittings,Mid,32,900,0.069,837.47,630,26799.04,6639.04,0
ORD-00178,2026-08-03,ACC-106,Kingsway Distributors,South,Rohit Sharma,SB-Safety Glasses 10pk,Safety Basics,Low,36,240,0.022,234.71,204,8449.56,1105.56,0
ORD-00178,2026-08-03,ACC-106,Kingsway Distributors,South,Rohit Sharma,CN-Drill Bit Set,Consumables,Low,31,560,0.096,506.52,476,15702.12,946.12,0
ORD-00179,2024-09-21,ACC-107,Ashford Retail,West,Anil Kumar,SB-Safety Gloves 12pr,Safety Basics,Low,44,360,0.044,344.34,306,15150.96,1686.96,0
ORD-00179,2024-09-21,ACC-107,Ashford Retail,West,Anil Kumar,EA-MCB 32A,Electrical Accessories,Mid,45,650,0.066,607.26,455,27326.7,6851.7,0
ORD-00179,2024-09-21,ACC-107,Ashford Retail,West,Anil Kumar,PT-Angle Grinder 900W,Power Tools,High,7,6400,0.066,5976.78,3712,41837.46,15853.46,0
ORD-00179,2024-09-21,ACC-107,Ashford Retail,West,Anil Kumar,DG-Thermal Imager,Diagnostic Equipment,High,1,38000,0.053,35983.55,20900,35983.55,15083.55,0
ORD-00179,2024-09-21,ACC-107,Ashford Retail,West,Anil Kumar,FF-Stainless Fastener Pack,Fasteners & Fittings,Mid,24,1400,0.04,1343.84,980,32252.16,8732.16,0
ORD-00179,2024-09-21,ACC-107,Ashford Retail,West,Anil Kumar,PH-Precision Torque Wrench,Precision Hardware,High,4,7300,0.045,6972.62,4380,27890.48,10370.48,0
ORD-00179,2024-09-21,ACC-107,Ashford Retail,West,Anil Kumar,CN-Drill Bit Set,Consumables,Low,48,560,0.059,526.86,476,25289.28,2441.28,0
ORD-00179,2024-09-21,ACC-107,Ashford Retail,West,Anil Kumar,CM-Shop Wipes Bulk,Cleaning & Maintenance,Low,52,260,0.031,251.94,224,13100.88,1452.88,0
ORD-00180,2024-10-27,ACC-107,Ashford Retail,West,Anil Kumar,FF-Anchor Bolt Assortment,Fasteners & Fittings,Mid,34,900,0.048,856.82,630,29131.88,7711.88,0
ORD-00180,2024-10-27,ACC-107,Ashford Retail,West,Anil Kumar,PH-Micrometer Set,Precision Hardware,High,8,4100,0.041,3932.57,2460,31460.56,11780.56,0
ORD-00180,2024-10-27,ACC-107,Ashford Retail,West,Anil Kumar,CM-Degreaser 5L,Cleaning & Maintenance,Low,29,480,0.063,449.72,413,13041.88,1064.88,0
ORD-00180,2024-10-27,ACC-107,Ashford Retail,West,Anil Kumar,SB-Safety Gloves 12pr,Safety Basics,Low,43,360,0.077,332.41,306,14293.63,1135.63,0
ORD-00180,2024-10-27,ACC-107,Ashford Retail,West,Anil Kumar,DG-Insulation Tester,Diagnostic Equipment,High,2,21000,0.064,19663.67,11550,39327.34,16227.34,0
ORD-00180,2024-10-27,ACC-107,Ashford Retail,West,Anil Kumar,EA-MCB 32A,Electrical Accessories,Mid,39,650,0.061,610.44,455,23807.16,6062.16,0
ORD-00180,2024-10-27,ACC-107,Ashford Retail,West,Anil Kumar,CN-Abrasive Discs 25pk,Consumables,Low,86,300,0.05,284.86,255,24497.96,2567.96,0
ORD-00180,2024-10-27,ACC-107,Ashford Retail,West,Anil Kumar,PT-Rotary Hammer SDS,Power Tools,High,3,14800,0.062,13878.66,8584,41635.98,15883.98,0
ORD-00181,2024-11-17,ACC-107,Ashford Retail,West,Anil Kumar,DG-Thermal Imager,Diagnostic Equipment,High,1,38000,0.078,35024.91,20900,35024.91,14124.91,0
ORD-00181,2024-11-17,ACC-107,Ashford Retail,West,Anil Kumar,PT-Angle Grinder 900W,Power Tools,High,7,6400,0.071,5945.67,3712,41619.69,15635.69,0
ORD-00181,2024-11-17,ACC-107,Ashford Retail,West,Anil Kumar,CM-Degreaser 5L,Cleaning & Maintenance,Low,28,480,0.049,456.38,413,12778.64,1214.64,0
ORD-00181,2024-11-17,ACC-107,Ashford Retail,West,Anil Kumar,EA-MCB 32A,Electrical Accessories,Mid,44,650,0.085,594.88,455,26174.72,6154.72,0
ORD-00181,2024-11-17,ACC-107,Ashford Retail,West,Anil Kumar,SB-Safety Gloves 12pr,Safety Basics,Low,45,360,0.074,333.23,306,14995.35,1225.35,0
ORD-00181,2024-11-17,ACC-107,Ashford Retail,West,Anil Kumar,CN-Abrasive Discs 25pk,Consumables,Low,91,300,0.076,277.29,255,25233.39,2028.39,0
ORD-00181,2024-11-17,ACC-107,Ashford Retail,West,Anil Kumar,FF-Stainless Fastener Pack,Fasteners & Fittings,Mid,24,1400,0.068,1304.93,980,31318.32,7798.32,0
ORD-00181,2024-11-17,ACC-107,Ashford Retail,West,Anil Kumar,PH-Bearing Puller Kit,Precision Hardware,High,6,5600,0.072,5196.79,3360,31180.74,11020.74,0
ORD-00182,2024-12-25,ACC-107,Ashford Retail,West,Anil Kumar,CM-Degreaser 5L,Cleaning & Maintenance,Low,27,480,0.087,438.23,413,11832.21,681.21,0
ORD-00182,2024-12-25,ACC-107,Ashford Retail,West,Anil Kumar,CN-Abrasive Discs 25pk,Consumables,Low,100,300,0.086,274.13,255,27413.0,1913.0,0
ORD-00182,2024-12-25,ACC-107,Ashford Retail,West,Anil Kumar,PT-Angle Grinder 900W,Power Tools,High,7,6400,0.083,5869.52,3712,41086.64,15102.64,0
ORD-00182,2024-12-25,ACC-107,Ashford Retail,West,Anil Kumar,FF-Anchor Bolt Assortment,Fasteners & Fittings,Mid,35,900,0.09,818.81,630,28658.35,6608.35,0
ORD-00183,2024-12-25,ACC-107,Ashford Retail,West,Anil Kumar,EA-MCB 32A,Electrical Accessories,Mid,46,650,0.096,587.64,455,27031.44,6101.44,0
ORD-00183,2024-12-25,ACC-107,Ashford Retail,West,Anil Kumar,SB-Safety Gloves 12pr,Safety Basics,Low,42,360,0.07,334.97,306,14068.74,1216.74,0
ORD-00183,2024-12-25,ACC-107,Ashford Retail,West,Anil Kumar,DG-Thermal Imager,Diagnostic Equipment,High,1,38000,0.087,34692.9,20900,34692.9,13792.9,0
ORD-00183,2024-12-25,ACC-107,Ashford Retail,West,Anil Kumar,PH-Micrometer Set,Precision Hardware,High,7,4100,0.081,3767.33,2460,26371.31,9151.31,0
ORD-00185,2025-01-08,ACC-107,Ashford Retail,West,Anil Kumar,DG-Thermal Imager,Diagnostic Equipment,High,1,38000,0.097,34320.06,20900,34320.06,13420.06,0
ORD-00185,2025-01-08,ACC-107,Ashford Retail,West,Anil Kumar,SB-Safety Gloves 12pr,Safety Basics,Low,44,360,0.067,335.73,306,14772.12,1308.12,0
ORD-00185,2025-01-08,ACC-107,Ashford Retail,West,Anil Kumar,CN-Abrasive Discs 25pk,Consumables,Low,98,300,0.102,269.42,255,26403.16,1413.16,0
ORD-00185,2025-01-08,ACC-107,Ashford Retail,West,Anil Kumar,EA-Cable Gland Set,Electrical Accessories,Mid,24,1100,0.092,998.93,770,23974.32,5494.32,0
ORD-00184,2025-01-22,ACC-107,Ashford Retail,West,Anil Kumar,PH-Precision Torque Wrench,Precision Hardware,High,4,7300,0.095,6607.86,4380,26431.44,8911.44,0
ORD-00184,2025-01-22,ACC-107,Ashford Retail,West,Anil Kumar,PT-Rotary Hammer SDS,Power Tools,High,3,14800,0.072,13738.51,8584,41215.53,15463.53,0
ORD-00184,2025-01-22,ACC-107,Ashford Retail,West,Anil Kumar,CM-Shop Wipes Bulk,Cleaning & Maintenance,Low,46,260,0.098,234.56,224,10789.76,485.76,0
ORD-00184,2025-01-22,ACC-107,Ashford Retail,West,Anil Kumar,FF-Anchor Bolt Assortment,Fasteners & Fittings,Mid,34,900,0.096,813.88,630,27671.92,6251.92,0
ORD-00186,2025-02-04,ACC-107,Ashford Retail,West,Anil Kumar,DG-Digital Multimeter Pro,Diagnostic Equipment,High,3,12500,0.087,11415.42,6875,34246.26,13621.26,0
ORD-00186,2025-02-04,ACC-107,Ashford Retail,West,Anil Kumar,SB-Safety Glasses 10pk,Safety Basics,Low,70,240,0.094,217.5,204,15225.0,945.0,0
ORD-00186,2025-02-04,ACC-107,Ashford Retail,West,Anil Kumar,FF-Stainless Fastener Pack,Fasteners & Fittings,Mid,24,1400,0.097,1263.68,980,30328.32,6808.32,0
ORD-00186,2025-02-04,ACC-107,Ashford Retail,West,Anil Kumar,EA-MCB 32A,Electrical Accessories,Mid,43,650,0.081,597.24,455,25681.32,6116.32,0
ORD-00186,2025-02-04,ACC-107,Ashford Retail,West,Anil Kumar,CM-Shop Wipes Bulk,Cleaning & Maintenance,Low,50,260,0.11,231.4,224,11570.0,370.0,0
ORD-00186,2025-02-04,ACC-107,Ashford Retail,West,Anil Kumar,CN-Abrasive Discs 25pk,Consumables,Low,92,300,0.098,270.52,255,24887.84,1427.84,0
ORD-00186,2025-02-04,ACC-107,Ashford Retail,West,Anil Kumar,PT-Angle Grinder 900W,Power Tools,High,7,6400,0.09,5822.58,3712,40758.06,14774.06,0
ORD-00186,2025-02-04,ACC-107,Ashford Retail,West,Anil Kumar,PH-Precision Torque Wrench,Precision Hardware,High,4,7300,0.075,6751.49,4380,27005.96,9485.96,0
ORD-00187,2025-03-06,ACC-107,Ashford Retail,West,Anil Kumar,CM-Degreaser 5L,Cleaning & Maintenance,Low,30,480,0.1,431.86,413,12955.8,565.8,0
ORD-00187,2025-03-06,ACC-107,Ashford Retail,West,Anil Kumar,PH-Bearing Puller Kit,Precision Hardware,High,6,5600,0.114,4961.86,3360,29771.16,9611.16,0
ORD-00187,2025-03-06,ACC-107,Ashford Retail,West,Anil Kumar,FF-Stainless Fastener Pack,Fasteners & Fittings,Mid,22,1400,0.088,1276.99,980,28093.78,6533.78,0
ORD-00187,2025-03-06,ACC-107,Ashford Retail,West,Anil Kumar,EA-Cable Gland Set,Electrical Accessories,Mid,25,1100,0.116,972.23,770,24305.75,5055.75,0
ORD-00187,2025-03-06,ACC-107,Ashford Retail,West,Anil Kumar,DG-Insulation Tester,Diagnostic Equipment,High,2,21000,0.096,18982.96,11550,37965.92,14865.92,0
ORD-00187,2025-03-06,ACC-107,Ashford Retail,West,Anil Kumar,PT-Cordless Drill 18V,Power Tools,High,5,9200,0.109,8194.45,5336,40972.25,14292.25,0
ORD-00187,2025-03-06,ACC-107,Ashford Retail,West,Anil Kumar,CN-Abrasive Discs 25pk,Consumables,Low,91,300,0.122,263.45,255,23973.95,768.95,0
ORD-00187,2025-03-06,ACC-107,Ashford Retail,West,Anil Kumar,SB-Safety Glasses 10pk,Safety Basics,Low,72,240,0.122,210.82,204,15179.04,491.04,0
ORD-00189,2025-04-16,ACC-107,Ashford Retail,West,Anil Kumar,PH-Micrometer Set,Precision Hardware,High,8,4100,0.109,3653.84,2460,29230.72,9550.72,0
ORD-00189,2025-04-16,ACC-107,Ashford Retail,West,Anil Kumar,PT-Cordless Drill 18V,Power Tools,High,5,9200,0.1,8275.68,5336,41378.4,14698.4,0
ORD-00189,2025-04-16,ACC-107,Ashford Retail,West,Anil Kumar,CN-Drill Bit Set,Consumables,Low,57,560,0.117,494.61,476,28192.77,1060.77,0
ORD-00189,2025-04-16,ACC-107,Ashford Retail,West,Anil Kumar,EA-MCB 32A,Electrical Accessories,Mid,38,650,0.093,589.37,455,22396.06,5106.06,0
ORD-00188,2025-04-27,ACC-107,Ashford Retail,West,Anil Kumar,FF-Stainless Fastener Pack,Fasteners & Fittings,Mid,26,1400,0.098,1262.18,980,32816.68,7336.68,0
ORD-00188,2025-04-27,ACC-107,Ashford Retail,West,Anil Kumar,DG-Digital Multimeter Pro,Diagnostic Equipment,High,3,12500,0.102,11227.66,6875,33682.98,13057.98,0
ORD-00188,2025-04-27,ACC-107,Ashford Retail,West,Anil Kumar,SB-Safety Glasses 10pk,Safety Basics,Low,66,240,0.098,216.49,204,14288.34,824.34,0
ORD-00188,2025-04-27,ACC-107,Ashford Retail,West,Anil Kumar,CM-Shop Wipes Bulk,Cleaning & Maintenance,Low,49,260,0.095,235.18,224,11523.82,547.82,0
ORD-00190,2025-05-22,ACC-107,Ashford Retail,West,Anil Kumar,DG-Digital Multimeter Pro,Diagnostic Equipment,High,3,12500,0.116,11049.84,6875,33149.52,12524.52,0
ORD-00190,2025-05-22,ACC-107,Ashford Retail,West,Anil Kumar,SB-Safety Gloves 12pr,Safety Basics,Low,44,360,0.113,319.23,306,14046.12,582.12,0
ORD-00190,2025-05-22,ACC-107,Ashford Retail,West,Anil Kumar,FF-Anchor Bolt Assortment,Fasteners & Fittings,Mid,42,900,0.136,777.66,630,32661.72,6201.72,0
ORD-00190,2025-05-22,ACC-107,Ashford Retail,West,Anil Kumar,CM-Shop Wipes Bulk,Cleaning & Maintenance,Low,52,260,0.133,225.47,224,11724.44,76.44,0
ORD-00190,2025-05-22,ACC-107,Ashford Retail,West,Anil Kumar,PH-Precision Torque Wrench,Precision Hardware,High,5,7300,0.135,6314.87,4380,31574.35,9674.35,0
ORD-00190,2025-05-22,ACC-107,Ashford Retail,West,Anil Kumar,PT-Rotary Hammer SDS,Power Tools,High,3,14800,0.108,13200.67,8584,39602.01,13850.01,0
ORD-00190,2025-05-22,ACC-107,Ashford Retail,West,Anil Kumar,CN-Drill Bit Set,Consumables,Low,50,560,0.107,499.97,476,24998.5,1198.5,0
ORD-00190,2025-05-22,ACC-107,Ashford Retail,West,Anil Kumar,EA-Cable Gland Set,Electrical Accessories,Mid,25,1100,0.127,960.07,770,24001.75,4751.75,0
ORD-00191,2025-06-22,ACC-107,Ashford Retail,West,Anil Kumar,FF-Anchor Bolt Assortment,Fasteners & Fittings,Mid,37,900,0.115,796.65,630,29476.05,6166.05,0
ORD-00191,2025-06-22,ACC-107,Ashford Retail,West,Anil Kumar,PT-Cordless Drill 18V,Power Tools,High,5,9200,0.13,8008.42,5336,40042.1,13362.1,0
ORD-00191,2025-06-22,ACC-107,Ashford Retail,West,Anil Kumar,PH-Micrometer Set,Precision Hardware,High,8,4100,0.132,3558.37,2460,28466.96,8786.96,0
ORD-00191,2025-06-22,ACC-107,Ashford Retail,West,Anil Kumar,CN-Abrasive Discs 25pk,Consumables,Low,107,300,0.122,263.39,255,28182.73,897.73,0
ORD-00191,2025-06-22,ACC-107,Ashford Retail,West,Anil Kumar,DG-Digital Multimeter Pro,Diagnostic Equipment,High,3,12500,0.128,10900.33,6875,32700.99,12075.99,0
ORD-00191,2025-06-22,ACC-107,Ashford Retail,West,Anil Kumar,EA-Cable Gland Set,Electrical Accessories,Mid,24,1100,0.13,956.86,770,22964.64,4484.64,0
ORD-00191,2025-06-22,ACC-107,Ashford Retail,West,Anil Kumar,SB-Safety Glasses 10pk,Safety Basics,Low,76,240,0.135,207.69,204,15784.44,280.44,0
ORD-00191,2025-06-22,ACC-107,Ashford Retail,West,Anil Kumar,CM-Shop Wipes Bulk,Cleaning & Maintenance,Low,58,260,0.141,223.31,224,12951.98,-40.02,0
ORD-00193,2025-07-11,ACC-107,Ashford Retail,West,Anil Kumar,PH-Bearing Puller Kit,Precision Hardware,High,6,5600,0.15,4759.9,3360,28559.4,8399.4,0
ORD-00193,2025-07-11,ACC-107,Ashford Retail,West,Anil Kumar,CN-Abrasive Discs 25pk,Consumables,Low,95,300,0.156,253.15,255,24049.25,-175.75,0
ORD-00193,2025-07-11,ACC-107,Ashford Retail,West,Anil Kumar,SB-Safety Gloves 12pr,Safety Basics,Low,45,360,0.12,316.93,306,14261.85,491.85,0
ORD-00193,2025-07-11,ACC-107,Ashford Retail,West,Anil Kumar,FF-Stainless Fastener Pack,Fasteners & Fittings,Mid,26,1400,0.121,1230.41,980,31990.66,6510.66,0
ORD-00192,2025-07-19,ACC-107,Ashford Retail,West,Anil Kumar,PT-Rotary Hammer SDS,Power Tools,High,3,14800,0.153,12537.2,8584,37611.6,11859.6,0
ORD-00192,2025-07-19,ACC-107,Ashford Retail,West,Anil Kumar,CM-Degreaser 5L,Cleaning & Maintenance,Low,30,480,0.147,409.67,413,12290.1,-99.9,0
ORD-00192,2025-07-19,ACC-107,Ashford Retail,West,Anil Kumar,DG-Thermal Imager,Diagnostic Equipment,High,1,38000,0.13,33058.92,20900,33058.92,12158.92,0
ORD-00192,2025-07-19,ACC-107,Ashford Retail,West,Anil Kumar,EA-MCB 32A,Electrical Accessories,Mid,45,650,0.136,561.91,455,25285.95,4810.95,0
ORD-00194,2025-08-05,ACC-107,Ashford Retail,West,Anil Kumar,SB-Safety Glasses 10pk,Safety Basics,Low,66,240,0.127,209.58,204,13832.28,368.28,0
ORD-00194,2025-08-05,ACC-107,Ashford Retail,West,Anil Kumar,PH-Precision Torque Wrench,Precision Hardware,High,5,7300,0.136,6310.84,4380,31554.2,9654.2,0
ORD-00194,2025-08-05,ACC-107,Ashford Retail,West,Anil Kumar,FF-Stainless Fastener Pack,Fasteners & Fittings,Mid,25,1400,0.157,1179.65,980,29491.25,4991.25,0
ORD-00194,2025-08-05,ACC-107,Ashford Retail,West,Anil Kumar,DG-Insulation Tester,Diagnostic Equipment,High,2,21000,0.156,17732.85,11550,35465.7,12365.7,0
ORD-00195,2025-08-15,ACC-107,Ashford Retail,West,Anil Kumar,PT-Cordless Drill 18V,Power Tools,High,5,9200,0.161,7722.7,5336,38613.5,11933.5,0
ORD-00195,2025-08-15,ACC-107,Ashford Retail,West,Anil Kumar,CN-Abrasive Discs 25pk,Consumables,Low,95,300,0.131,260.57,255,24754.15,529.15,0
ORD-00195,2025-08-15,ACC-107,Ashford Retail,West,Anil Kumar,EA-MCB 32A,Electrical Accessories,Mid,41,650,0.157,547.99,455,22467.59,3812.59,0
ORD-00195,2025-08-15,ACC-107,Ashford Retail,West,Anil Kumar,CM-Degreaser 5L,Cleaning & Maintenance,Low,29,480,0.134,415.5,413,12049.5,72.5,0
ORD-00196,2025-09-15,ACC-107,Ashford Retail,West,Anil Kumar,PH-Bearing Puller Kit,Precision Hardware,High,7,5600,0.153,4740.73,3360,33185.11,9665.11,0
ORD-00196,2025-09-15,ACC-107,Ashford Retail,West,Anil Kumar,SB-Safety Glasses 10pk,Safety Basics,Low,73,240,0.154,203.13,204,14828.49,-63.51,0
ORD-00196,2025-09-15,ACC-107,Ashford Retail,West,Anil Kumar,DG-Thermal Imager,Diagnostic Equipment,High,1,38000,0.167,31642.98,20900,31642.98,10742.98,0
ORD-00196,2025-09-15,ACC-107,Ashford Retail,West,Anil Kumar,CM-Degreaser 5L,Cleaning & Maintenance,Low,31,480,0.143,411.27,413,12749.37,-53.63,0
ORD-00196,2025-09-15,ACC-107,Ashford Retail,West,Anil Kumar,CN-Drill Bit Set,Consumables,Low,51,560,0.138,482.87,476,24626.37,350.37,0
ORD-00196,2025-09-15,ACC-107,Ashford Retail,West,Anil Kumar,PT-Rotary Hammer SDS,Power Tools,High,3,14800,0.157,12469.69,8584,37409.07,11657.07,0
ORD-00196,2025-09-15,ACC-107,Ashford Retail,West,Anil Kumar,EA-MCB 32A,Electrical Accessories,Mid,48,650,0.147,554.14,455,26598.72,4758.72,0
ORD-00196,2025-09-15,ACC-107,Ashford Retail,West,Anil Kumar,FF-Stainless Fastener Pack,Fasteners & Fittings,Mid,24,1400,0.149,1191.61,980,28598.64,5078.64,0
ORD-00197,2025-10-17,ACC-107,Ashford Retail,West,Anil Kumar,PT-Rotary Hammer SDS,Power Tools,High,4,14800,0.176,12195.37,8584,48781.48,14445.48,0
ORD-00197,2025-10-17,ACC-107,Ashford Retail,West,Anil Kumar,DG-Digital Multimeter Pro,Diagnostic Equipment,High,3,12500,0.161,10482.39,6875,31447.17,10822.17,0
ORD-00197,2025-10-17,ACC-107,Ashford Retail,West,Anil Kumar,FF-Stainless Fastener Pack,Fasteners & Fittings,Mid,24,1400,0.18,1147.45,980,27538.8,4018.8,0
ORD-00197,2025-10-17,ACC-107,Ashford Retail,West,Anil Kumar,SB-Safety Glasses 10pk,Safety Basics,Low,72,240,0.149,204.12,204,14696.64,8.64,0
ORD-00198,2025-10-25,ACC-107,Ashford Retail,West,Anil Kumar,EA-MCB 32A,Electrical Accessories,Mid,48,650,0.164,543.2,455,26073.6,4233.6,0
ORD-00198,2025-10-25,ACC-107,Ashford Retail,West,Anil Kumar,CM-Degreaser 5L,Cleaning & Maintenance,Low,32,480,0.182,392.69,413,12566.08,-649.92,0
ORD-00198,2025-10-25,ACC-107,Ashford Retail,West,Anil Kumar,CN-Drill Bit Set,Consumables,Low,50,560,0.162,469.24,476,23462.0,-338.0,0
ORD-00198,2025-10-25,ACC-107,Ashford Retail,West,Anil Kumar,PH-Precision Torque Wrench,Precision Hardware,High,5,7300,0.18,5983.48,4380,29917.4,8017.4,0
ORD-00199,2025-11-03,ACC-107,Ashford Retail,West,Anil Kumar,FF-Anchor Bolt Assortment,Fasteners & Fittings,Mid,42,900,0.178,740.1,630,31084.2,4624.2,0
ORD-00199,2025-11-03,ACC-107,Ashford Retail,West,Anil Kumar,CM-Shop Wipes Bulk,Cleaning & Maintenance,Low,62,260,0.19,210.54,224,13053.48,-834.52,0
ORD-00199,2025-11-03,ACC-107,Ashford Retail,West,Anil Kumar,SB-Safety Gloves 12pr,Safety Basics,Low,48,360,0.169,299.06,306,14354.88,-333.12,0
ORD-00199,2025-11-03,ACC-107,Ashford Retail,West,Anil Kumar,EA-Cable Gland Set,Electrical Accessories,Mid,26,1100,0.179,903.11,770,23480.86,3460.86,0
ORD-00199,2025-11-03,ACC-107,Ashford Retail,West,Anil Kumar,PT-Angle Grinder 900W,Power Tools,High,8,6400,0.161,5371.53,3712,42972.24,13276.24,0
ORD-00199,2025-11-03,ACC-107,Ashford Retail,West,Anil Kumar,DG-Thermal Imager,Diagnostic Equipment,High,1,38000,0.172,31455.22,20900,31455.22,10555.22,0
ORD-00199,2025-11-03,ACC-107,Ashford Retail,West,Anil Kumar,CN-Cutting Blade 10pk,Consumables,Low,80,420,0.154,355.48,357,28438.4,-121.6,0
ORD-00199,2025-11-03,ACC-107,Ashford Retail,West,Anil Kumar,PH-Precision Torque Wrench,Precision Hardware,High,5,7300,0.154,6179.44,4380,30897.2,8997.2,0
ORD-00201,2025-12-07,ACC-107,Ashford Retail,West,Anil Kumar,EA-Cable Gland Set,Electrical Accessories,Mid,29,1100,0.167,916.65,770,26582.85,4252.85,0
ORD-00201,2025-12-07,ACC-107,Ashford Retail,West,Anil Kumar,PT-Rotary Hammer SDS,Power Tools,High,4,14800,0.182,12110.82,8584,48443.28,14107.28,0
ORD-00201,2025-12-07,ACC-107,Ashford Retail,West,Anil Kumar,PH-Bearing Puller Kit,Precision Hardware,High,6,5600,0.172,4637.05,3360,27822.3,7662.3,0
ORD-00201,2025-12-07,ACC-107,Ashford Retail,West,Anil Kumar,CN-Cutting Blade 10pk,Consumables,Low,71,420,0.181,343.91,357,24417.61,-929.39,0
ORD-00200,2025-12-09,ACC-107,Ashford Retail,West,Anil Kumar,CM-Shop Wipes Bulk,Cleaning & Maintenance,Low,56,260,0.199,208.21,224,11659.76,-884.24,0
ORD-00200,2025-12-09,ACC-107,Ashford Retail,West,Anil Kumar,FF-Stainless Fastener Pack,Fasteners & Fittings,Mid,26,1400,0.162,1173.76,980,30517.76,5037.76,0
ORD-00200,2025-12-09,ACC-107,Ashford Retail,West,Anil Kumar,SB-Safety Gloves 12pr,Safety Basics,Low,52,360,0.164,300.86,306,15644.72,-267.28,0
ORD-00200,2025-12-09,ACC-107,Ashford Retail,West,Anil Kumar,DG-Insulation Tester,Diagnostic Equipment,High,2,21000,0.172,17397.27,11550,34794.54,11694.54,0
ORD-00202,2026-01-14,ACC-107,Ashford Retail,West,Anil Kumar,PH-Precision Torque Wrench,Precision Hardware,High,5,7300,0.181,5981.92,4380,29909.6,8009.6,0
ORD-00202,2026-01-14,ACC-107,Ashford Retail,West,Anil Kumar,EA-MCB 32A,Electrical Accessories,Mid,44,650,0.2,519.76,455,22869.44,2849.44,0
ORD-00202,2026-01-14,ACC-107,Ashford Retail,West,Anil Kumar,SB-Safety Gloves 12pr,Safety Basics,Low,56,360,0.195,289.64,306,16219.84,-916.16,0
ORD-00202,2026-01-14,ACC-107,Ashford Retail,West,Anil Kumar,FF-Anchor Bolt Assortment,Fasteners & Fittings,Mid,37,900,0.182,736.45,630,27248.65,3938.65,0
ORD-00202,2026-01-14,ACC-107,Ashford Retail,West,Anil Kumar,CM-Shop Wipes Bulk,Cleaning & Maintenance,Low,52,260,0.207,206.22,224,10723.44,-924.56,0
ORD-00202,2026-01-14,ACC-107,Ashford Retail,West,Anil Kumar,CN-Cutting Blade 10pk,Consumables,Low,75,420,0.187,341.51,357,25613.25,-1161.75,0
ORD-00202,2026-01-14,ACC-107,Ashford Retail,West,Anil Kumar,DG-Digital Multimeter Pro,Diagnostic Equipment,High,3,12500,0.184,10196.06,6875,30588.18,9963.18,0
ORD-00202,2026-01-14,ACC-107,Ashford Retail,West,Anil Kumar,PT-Rotary Hammer SDS,Power Tools,High,4,14800,0.171,12267.14,8584,49068.56,14732.56,0
ORD-00203,2026-02-05,ACC-107,Ashford Retail,West,Anil Kumar,PT-Rotary Hammer SDS,Power Tools,High,4,14800,0.214,11626.46,8584,46505.84,12169.84,0
ORD-00203,2026-02-05,ACC-107,Ashford Retail,West,Anil Kumar,CM-Shop Wipes Bulk,Cleaning & Maintenance,Low,57,260,0.207,206.19,224,11752.83,-1015.17,0
ORD-00203,2026-02-05,ACC-107,Ashford Retail,West,Anil Kumar,EA-Cable Gland Set,Electrical Accessories,Mid,27,1100,0.179,902.66,770,24371.82,3581.82,0
ORD-00203,2026-02-05,ACC-107,Ashford Retail,West,Anil Kumar,PH-Precision Torque Wrench,Precision Hardware,High,5,7300,0.198,5851.75,4380,29258.75,7358.75,0
ORD-00204,2026-02-22,ACC-107,Ashford Retail,West,Anil Kumar,SB-Safety Glasses 10pk,Safety Basics,Low,87,240,0.216,188.05,204,16360.35,-1387.65,0
ORD-00204,2026-02-22,ACC-107,Ashford Retail,West,Anil Kumar,CN-Cutting Blade 10pk,Consumables,Low,72,420,0.178,345.21,357,24855.12,-848.88,0
ORD-00204,2026-02-22,ACC-107,Ashford Retail,West,Anil Kumar,DG-Digital Multimeter Pro,Diagnostic Equipment,High,3,12500,0.212,9855.07,6875,29565.21,8940.21,0
ORD-00204,2026-02-22,ACC-107,Ashford Retail,West,Anil Kumar,FF-Anchor Bolt Assortment,Fasteners & Fittings,Mid,40,900,0.201,719.33,630,28773.2,3573.2,0
ORD-00205,2026-03-23,ACC-107,Ashford Retail,West,Anil Kumar,PT-Angle Grinder 900W,Power Tools,High,9,6400,0.224,4963.89,3712,44675.01,11267.01,0
ORD-00205,2026-03-23,ACC-107,Ashford Retail,West,Anil Kumar,EA-Cable Gland Set,Electrical Accessories,Mid,30,1100,0.214,864.55,770,25936.5,2836.5,0
ORD-00205,2026-03-23,ACC-107,Ashford Retail,West,Anil Kumar,FF-Anchor Bolt Assortment,Fasteners & Fittings,Mid,38,900,0.211,710.4,630,26995.2,3055.2,0
ORD-00205,2026-03-23,ACC-107,Ashford Retail,West,Anil Kumar,CM-Degreaser 5L,Cleaning & Maintenance,Low,29,480,0.199,384.57,413,11152.53,-824.47,0
ORD-00206,2026-03-25,ACC-107,Ashford Retail,West,Anil Kumar,DG-Digital Multimeter Pro,Diagnostic Equipment,High,3,12500,0.218,9776.83,6875,29330.49,8705.49,0
ORD-00206,2026-03-25,ACC-107,Ashford Retail,West,Anil Kumar,PH-Bearing Puller Kit,Precision Hardware,High,7,5600,0.226,4333.64,3360,30335.48,6815.48,0
ORD-00206,2026-03-25,ACC-107,Ashford Retail,West,Anil Kumar,SB-Safety Glasses 10pk,Safety Basics,Low,74,240,0.211,189.26,204,14005.24,-1090.76,0
ORD-00206,2026-03-25,ACC-107,Ashford Retail,West,Anil Kumar,CN-Abrasive Discs 25pk,Consumables,Low,103,300,0.224,232.78,255,23976.34,-2288.66,0
ORD-00208,2026-04-02,ACC-107,Ashford Retail,West,Anil Kumar,EA-MCB 32A,Electrical Accessories,Mid,44,650,0.202,518.96,455,22834.24,2814.24,0
ORD-00208,2026-04-02,ACC-107,Ashford Retail,West,Anil Kumar,CM-Degreaser 5L,Cleaning & Maintenance,Low,34,480,0.207,380.45,413,12935.3,-1106.7,0
ORD-00208,2026-04-02,ACC-107,Ashford Retail,West,Anil Kumar,CN-Abrasive Discs 25pk,Consumables,Low,105,300,0.198,240.51,255,25253.55,-1521.45,0
ORD-00208,2026-04-02,ACC-107,Ashford Retail,West,Anil Kumar,FF-Stainless Fastener Pack,Fasteners & Fittings,Mid,27,1400,0.227,1081.62,980,29203.74,2743.74,0
ORD-00207,2026-04-17,ACC-107,Ashford Retail,West,Anil Kumar,SB-Safety Glasses 10pk,Safety Basics,Low,77,240,0.228,185.18,204,14258.86,-1449.14,0
ORD-00207,2026-04-17,ACC-107,Ashford Retail,West,Anil Kumar,PT-Angle Grinder 900W,Power Tools,High,8,6400,0.218,5005.86,3712,40046.88,10350.88,0
ORD-00207,2026-04-17,ACC-107,Ashford Retail,West,Anil Kumar,DG-Digital Multimeter Pro,Diagnostic Equipment,High,3,12500,0.227,9661.18,6875,28983.54,8358.54,0
ORD-00207,2026-04-17,ACC-107,Ashford Retail,West,Anil Kumar,PH-Micrometer Set,Precision Hardware,High,10,4100,0.223,3186.38,2460,31863.8,7263.8,0
ORD-00209,2026-05-27,ACC-107,Ashford Retail,West,Anil Kumar,DG-Insulation Tester,Diagnostic Equipment,High,2,21000,0.221,16365.02,11550,32730.04,9630.04,0
ORD-00209,2026-05-27,ACC-107,Ashford Retail,West,Anil Kumar,SB-Safety Glasses 10pk,Safety Basics,Low,79,240,0.227,185.63,204,14664.77,-1451.23,0
ORD-00209,2026-05-27,ACC-107,Ashford Retail,West,Anil Kumar,FF-Anchor Bolt Assortment,Fasteners & Fittings,Mid,46,900,0.242,682.4,630,31390.4,2410.4,0
ORD-00209,2026-05-27,ACC-107,Ashford Retail,West,Anil Kumar,CM-Degreaser 5L,Cleaning & Maintenance,Low,28,480,0.206,380.93,413,10666.04,-897.96,0
ORD-00210,2026-05-27,ACC-107,Ashford Retail,West,Anil Kumar,EA-Cable Gland Set,Electrical Accessories,Mid,31,1100,0.216,861.89,770,26718.59,2848.59,0
ORD-00210,2026-05-27,ACC-107,Ashford Retail,West,Anil Kumar,PH-Bearing Puller Kit,Precision Hardware,High,6,5600,0.238,4265.91,3360,25595.46,5435.46,0
ORD-00210,2026-05-27,ACC-107,Ashford Retail,West,Anil Kumar,PT-Angle Grinder 900W,Power Tools,High,8,6400,0.241,4857.67,3712,38861.36,9165.36,0
ORD-00210,2026-05-27,ACC-107,Ashford Retail,West,Anil Kumar,CN-Cutting Blade 10pk,Consumables,Low,77,420,0.232,322.63,357,24842.51,-2646.49,0
ORD-00211,2026-06-23,ACC-107,Ashford Retail,West,Anil Kumar,DG-Thermal Imager,Diagnostic Equipment,High,1,38000,0.235,29085.07,20900,29085.07,8185.07,0
ORD-00211,2026-06-23,ACC-107,Ashford Retail,West,Anil Kumar,EA-MCB 32A,Electrical Accessories,Mid,47,650,0.222,505.93,455,23778.71,2393.71,0
ORD-00211,2026-06-23,ACC-107,Ashford Retail,West,Anil Kumar,CM-Shop Wipes Bulk,Cleaning & Maintenance,Low,59,260,0.247,195.67,224,11544.53,-1671.47,0
ORD-00211,2026-06-23,ACC-107,Ashford Retail,West,Anil Kumar,PT-Cordless Drill 18V,Power Tools,High,6,9200,0.249,6911.24,5336,41467.44,9451.44,0
ORD-00211,2026-06-23,ACC-107,Ashford Retail,West,Anil Kumar,CN-Cutting Blade 10pk,Consumables,Low,88,420,0.25,315.07,357,27726.16,-3689.84,0
ORD-00211,2026-06-23,ACC-107,Ashford Retail,West,Anil Kumar,PH-Micrometer Set,Precision Hardware,High,9,4100,0.23,3158.42,2460,28425.78,6285.78,0
ORD-00211,2026-06-23,ACC-107,Ashford Retail,West,Anil Kumar,SB-Safety Gloves 12pr,Safety Basics,Low,50,360,0.231,276.98,306,13849.0,-1451.0,0
ORD-00211,2026-06-23,ACC-107,Ashford Retail,West,Anil Kumar,FF-Anchor Bolt Assortment,Fasteners & Fittings,Mid,47,900,0.245,679.65,630,31943.55,2333.55,0
ORD-00212,2026-07-16,ACC-107,Ashford Retail,West,Anil Kumar,PT-Rotary Hammer SDS,Power Tools,High,4,14800,0.248,11132.32,8584,44529.28,10193.28,0
ORD-00212,2026-07-16,ACC-107,Ashford Retail,West,Anil Kumar,DG-Digital Multimeter Pro,Diagnostic Equipment,High,3,12500,0.252,9354.15,6875,28062.45,7437.45,0
ORD-00212,2026-07-16,ACC-107,Ashford Retail,West,Anil Kumar,CN-Abrasive Discs 25pk,Consumables,Low,112,300,0.258,222.68,255,24940.16,-3619.84,0
ORD-00212,2026-07-16,ACC-107,Ashford Retail,West,Anil Kumar,EA-MCB 32A,Electrical Accessories,Mid,47,650,0.23,500.73,455,23534.31,2149.31,0
ORD-00213,2026-07-18,ACC-107,Ashford Retail,West,Anil Kumar,SB-Safety Gloves 12pr,Safety Basics,Low,56,360,0.251,269.76,306,15106.56,-2029.44,0
ORD-00213,2026-07-18,ACC-107,Ashford Retail,West,Anil Kumar,CM-Shop Wipes Bulk,Cleaning & Maintenance,Low,59,260,0.238,198.22,224,11694.98,-1521.02,0
ORD-00213,2026-07-18,ACC-107,Ashford Retail,West,Anil Kumar,PH-Bearing Puller Kit,Precision Hardware,High,7,5600,0.241,4252.19,3360,29765.33,6245.33,0
ORD-00213,2026-07-18,ACC-107,Ashford Retail,West,Anil Kumar,FF-Stainless Fastener Pack,Fasteners & Fittings,Mid,29,1400,0.243,1059.22,980,30717.38,2297.38,0
ORD-00214,2026-08-18,ACC-107,Ashford Retail,West,Anil Kumar,DG-Thermal Imager,Diagnostic Equipment,High,1,38000,0.262,28039.67,20900,28039.67,7139.67,0
ORD-00214,2026-08-18,ACC-107,Ashford Retail,West,Anil Kumar,EA-Cable Gland Set,Electrical Accessories,Mid,29,1100,0.235,841.63,770,24407.27,2077.27,0
ORD-00214,2026-08-18,ACC-107,Ashford Retail,West,Anil Kumar,CN-Cutting Blade 10pk,Consumables,Low,77,420,0.256,312.51,357,24063.27,-3425.73,0
ORD-00214,2026-08-18,ACC-107,Ashford Retail,West,Anil Kumar,PT-Angle Grinder 900W,Power Tools,High,9,6400,0.253,4778.28,3712,43004.52,9596.52,0
ORD-00214,2026-08-18,ACC-107,Ashford Retail,West,Anil Kumar,CM-Shop Wipes Bulk,Cleaning & Maintenance,Low,57,260,0.252,194.53,224,11088.21,-1679.79,0
ORD-00214,2026-08-18,ACC-107,Ashford Retail,West,Anil Kumar,SB-Safety Glasses 10pk,Safety Basics,Low,91,240,0.262,177.21,204,16126.11,-2437.89,0
ORD-00214,2026-08-18,ACC-107,Ashford Retail,West,Anil Kumar,PH-Micrometer Set,Precision Hardware,High,10,4100,0.269,2996.93,2460,29969.3,5369.3,0
ORD-00214,2026-08-18,ACC-107,Ashford Retail,West,Anil Kumar,FF-Stainless Fastener Pack,Fasteners & Fittings,Mid,27,1400,0.243,1059.11,980,28595.97,2135.97,0
ORD-00215,2024-09-21,ACC-108,Belmont Stores,East,Fatima Sheikh,PT-Rotary Hammer SDS,Power Tools,High,3,14800,0.039,14224.32,8584,42672.96,16920.96,0
ORD-00215,2024-09-21,ACC-108,Belmont Stores,East,Fatima Sheikh,PH-Precision Torque Wrench,Precision Hardware,High,4,7300,0.066,6819.64,4380,27278.56,9758.56,0
ORD-00215,2024-09-21,ACC-108,Belmont Stores,East,Fatima Sheikh,CM-Degreaser 5L,Cleaning & Maintenance,Low,27,480,0.059,451.63,413,12194.01,1043.01,0
ORD-00215,2024-09-21,ACC-108,Belmont Stores,East,Fatima Sheikh,SB-Safety Gloves 12pr,Safety Basics,Low,43,360,0.039,346.01,306,14878.43,1720.43,0
ORD-00215,2024-09-21,ACC-108,Belmont Stores,East,Fatima Sheikh,EA-Cable Gland Set,Electrical Accessories,Mid,25,1100,0.069,1023.76,770,25594.0,6344.0,0
ORD-00215,2024-09-21,ACC-108,Belmont Stores,East,Fatima Sheikh,FF-Stainless Fastener Pack,Fasteners & Fittings,Mid,26,1400,0.09,1273.45,980,33109.7,7629.7,0
ORD-00215,2024-09-21,ACC-108,Belmont Stores,East,Fatima Sheikh,DG-Digital Multimeter Pro,Diagnostic Equipment,High,2,12500,0.051,11861.22,6875,23722.44,9972.44,0
ORD-00215,2024-09-21,ACC-108,Belmont Stores,East,Fatima Sheikh,CN-Drill Bit Set,Consumables,Low,47,560,0.053,530.41,476,24929.27,2557.27,0
ORD-00216,2024-10-02,ACC-108,Belmont Stores,East,Fatima Sheikh,SB-Safety Glasses 10pk,Safety Basics,Low,69,240,0.014,236.6,204,16325.4,2249.4,0
ORD-00216,2024-10-02,ACC-108,Belmont Stores,East,Fatima Sheikh,PT-Angle Grinder 900W,Power Tools,High,7,6400,0.022,6259.82,3712,43818.74,17834.74,0
ORD-00216,2024-10-02,ACC-108,Belmont Stores,East,Fatima Sheikh,CM-Degreaser 5L,Cleaning & Maintenance,Low,30,480,0.087,438.11,413,13143.3,753.3,0
ORD-00216,2024-10-02,ACC-108,Belmont Stores,East,Fatima Sheikh,DG-Thermal Imager,Diagnostic Equipment,High,1,38000,0.057,35828.85,20900,35828.85,14928.85,0
ORD-00216,2024-10-02,ACC-108,Belmont Stores,East,Fatima Sheikh,FF-Stainless Fastener Pack,Fasteners & Fittings,Mid,22,1400,0.07,1301.49,980,28632.78,7072.78,0
ORD-00216,2024-10-02,ACC-108,Belmont Stores,East,Fatima Sheikh,EA-Cable Gland Set,Electrical Accessories,Mid,25,1100,0.057,1037.72,770,25943.0,6693.0,0
ORD-00216,2024-10-02,ACC-108,Belmont Stores,East,Fatima Sheikh,CN-Cutting Blade 10pk,Consumables,Low,58,420,0.021,411.18,357,23848.44,3142.44,0
ORD-00216,2024-10-02,ACC-108,Belmont Stores,East,Fatima Sheikh,PH-Bearing Puller Kit,Precision Hardware,High,5,5600,0.048,5331.5,3360,26657.5,9857.5,0
ORD-00217,2024-11-20,ACC-108,Belmont Stores,East,Fatima Sheikh,EA-MCB 32A,Electrical Accessories,Mid,41,650,0.053,615.7,455,25243.7,6588.7,0
ORD-00217,2024-11-20,ACC-108,Belmont Stores,East,Fatima Sheikh,FF-Anchor Bolt Assortment,Fasteners & Fittings,Mid,32,900,0.009,892.05,630,28545.6,8385.6,0
ORD-00217,2024-11-20,ACC-108,Belmont Stores,East,Fatima Sheikh,PH-Precision Torque Wrench,Precision Hardware,High,4,7300,0.067,6807.96,4380,27231.84,9711.84,0
ORD-00217,2024-11-20,ACC-108,Belmont Stores,East,Fatima Sheikh,SB-Safety Gloves 12pr,Safety Basics,Low,47,360,0.039,346.13,306,16268.11,1886.11,0
ORD-00217,2024-11-20,ACC-108,Belmont Stores,East,Fatima Sheikh,PT-Rotary Hammer SDS,Power Tools,High,3,14800,0.037,14255.65,8584,42766.95,17014.95,0
ORD-00217,2024-11-20,ACC-108,Belmont Stores,East,Fatima Sheikh,CM-Degreaser 5L,Cleaning & Maintenance,Low,23,480,0.015,472.68,413,10871.64,1372.64,0
ORD-00217,2024-11-20,ACC-108,Belmont Stores,East,Fatima Sheikh,CN-Drill Bit Set,Consumables,Low,51,560,0.04,537.81,476,27428.31,3152.31,0
ORD-00217,2024-11-20,ACC-108,Belmont Stores,East,Fatima Sheikh,DG-Digital Multimeter Pro,Diagnostic Equipment,High,3,12500,0.041,11984.12,6875,35952.36,15327.36,0
ORD-00218,2024-12-24,ACC-108,Belmont Stores,East,Fatima Sheikh,FF-Stainless Fastener Pack,Fasteners & Fittings,Mid,22,1400,0.011,1384.68,980,30462.96,8902.96,0
ORD-00218,2024-12-24,ACC-108,Belmont Stores,East,Fatima Sheikh,DG-Digital Multimeter Pro,Diagnostic Equipment,High,3,12500,0.055,11813.84,6875,35441.52,14816.52,0
ORD-00218,2024-12-24,ACC-108,Belmont Stores,East,Fatima Sheikh,SB-Safety Gloves 12pr,Safety Basics,Low,43,360,0.091,327.33,306,14075.19,917.19,0
ORD-00218,2024-12-24,ACC-108,Belmont Stores,East,Fatima Sheikh,CN-Cutting Blade 10pk,Consumables,Low,62,420,0.083,385.34,357,23891.08,1757.08,0
ORD-00218,2024-12-24,ACC-108,Belmont Stores,East,Fatima Sheikh,PH-Bearing Puller Kit,Precision Hardware,High,6,5600,0.056,5285.77,3360,31714.62,11554.62,0
ORD-00218,2024-12-24,ACC-108,Belmont Stores,East,Fatima Sheikh,EA-Cable Gland Set,Electrical Accessories,Mid,24,1100,0.066,1026.97,770,24647.28,6167.28,0
ORD-00218,2024-12-24,ACC-108,Belmont Stores,East,Fatima Sheikh,CM-Shop Wipes Bulk,Cleaning & Maintenance,Low,53,260,0.087,237.42,224,12583.26,711.26,0
ORD-00218,2024-12-24,ACC-108,Belmont Stores,East,Fatima Sheikh,PT-Angle Grinder 900W,Power Tools,High,7,6400,0.074,5929.21,3712,41504.47,15520.47,0
ORD-00219,2025-01-08,ACC-108,Belmont Stores,East,Fatima Sheikh,CM-Shop Wipes Bulk,Cleaning & Maintenance,Low,49,260,0.022,254.21,224,12456.29,1480.29,0
ORD-00219,2025-01-08,ACC-108,Belmont Stores,East,Fatima Sheikh,DG-Digital Multimeter Pro,Diagnostic Equipment,High,3,12500,0.018,12277.58,6875,36832.74,16207.74,0
ORD-00219,2025-01-08,ACC-108,Belmont Stores,East,Fatima Sheikh,PT-Cordless Drill 18V,Power Tools,High,5,9200,0.068,8576.54,5336,42882.7,16202.7,0
ORD-00219,2025-01-08,ACC-108,Belmont Stores,East,Fatima Sheikh,SB-Safety Glasses 10pk,Safety Basics,Low,63,240,0.087,219.21,204,13810.23,958.23,0
ORD-00220,2025-01-27,ACC-108,Belmont Stores,East,Fatima Sheikh,CN-Cutting Blade 10pk,Consumables,Low,64,420,0.026,409.1,357,26182.4,3334.4,0
ORD-00220,2025-01-27,ACC-108,Belmont Stores,East,Fatima Sheikh,PH-Precision Torque Wrench,Precision Hardware,High,4,7300,0.04,7011.31,4380,28045.24,10525.24,0
ORD-00220,2025-01-27,ACC-108,Belmont Stores,East,Fatima Sheikh,FF-Anchor Bolt Assortment,Fasteners & Fittings,Mid,36,900,0.036,867.37,630,31225.32,8545.32,0
ORD-00220,2025-01-27,ACC-108,Belmont Stores,East,Fatima Sheikh,EA-MCB 32A,Electrical Accessories,Mid,42,650,0.046,620.09,455,26043.78,6933.78,0
ORD-00221,2025-02-22,ACC-108,Belmont Stores,East,Fatima Sheikh,CM-Degreaser 5L,Cleaning & Maintenance,Low,29,480,0.075,444.1,413,12878.9,901.9,0
ORD-00221,2025-02-22,ACC-108,Belmont Stores,East,Fatima Sheikh,PT-Rotary Hammer SDS,Power Tools,High,3,14800,0.054,14000.54,8584,42001.62,16249.62,0
ORD-00221,2025-02-22,ACC-108,Belmont Stores,East,Fatima Sheikh,CN-Abrasive Discs 25pk,Consumables,Low,98,300,0.029,291.26,255,28543.48,3553.48,0
ORD-00221,2025-02-22,ACC-108,Belmont Stores,East,Fatima Sheikh,FF-Anchor Bolt Assortment,Fasteners & Fittings,Mid,38,900,0.076,831.55,630,31598.9,7658.9,0
ORD-00222,2025-02-26,ACC-108,Belmont Stores,East,Fatima Sheikh,PH-Bearing Puller Kit,Precision Hardware,High,5,5600,0.085,5125.72,3360,25628.6,8828.6,0
ORD-00222,2025-02-26,ACC-108,Belmont Stores,East,Fatima Sheikh,EA-Cable Gland Set,Electrical Accessories,Mid,25,1100,0.05,1045.34,770,26133.5,6883.5,0
ORD-00222,2025-02-26,ACC-108,Belmont Stores,East,Fatima Sheikh,SB-Safety Gloves 12pr,Safety Basics,Low,42,360,0.012,355.85,306,14945.7,2093.7,0
ORD-00222,2025-02-26,ACC-108,Belmont Stores,East,Fatima Sheikh,DG-Digital Multimeter Pro,Diagnostic Equipment,High,2,12500,0.039,12010.12,6875,24020.24,10270.24,0
ORD-00223,2025-03-15,ACC-108,Belmont Stores,East,Fatima Sheikh,PH-Precision Torque Wrench,Precision Hardware,High,4,7300,0.075,6750.56,4380,27002.24,9482.24,0
ORD-00223,2025-03-15,ACC-108,Belmont Stores,East,Fatima Sheikh,CN-Abrasive Discs 25pk,Consumables,Low,88,300,0.065,280.42,255,24676.96,2236.96,0
ORD-00223,2025-03-15,ACC-108,Belmont Stores,East,Fatima Sheikh,EA-Cable Gland Set,Electrical Accessories,Mid,24,1100,0.03,1066.91,770,25605.84,7125.84,0
ORD-00223,2025-03-15,ACC-108,Belmont Stores,East,Fatima Sheikh,DG-Digital Multimeter Pro,Diagnostic Equipment,High,2,12500,0.041,11983.5,6875,23967.0,10217.0,0
ORD-00224,2025-03-21,ACC-108,Belmont Stores,East,Fatima Sheikh,CM-Degreaser 5L,Cleaning & Maintenance,Low,27,480,0.058,451.99,413,12203.73,1052.73,0
ORD-00224,2025-03-21,ACC-108,Belmont Stores,East,Fatima Sheikh,FF-Stainless Fastener Pack,Fasteners & Fittings,Mid,23,1400,0.051,1328.01,980,30544.23,8004.23,0
ORD-00224,2025-03-21,ACC-108,Belmont Stores,East,Fatima Sheikh,SB-Safety Glasses 10pk,Safety Basics,Low,71,240,0.037,231.18,204,16413.78,1929.78,0
ORD-00224,2025-03-21,ACC-108,Belmont Stores,East,Fatima Sheikh,PT-Rotary Hammer SDS,Power Tools,High,3,14800,0.072,13733.93,8584,41201.79,15449.79,0
ORD-00225,2025-04-08,ACC-108,Belmont Stores,East,Fatima Sheikh,CM-Degreaser 5L,Cleaning & Maintenance,Low,27,480,0.048,456.81,413,12333.87,1182.87,0
ORD-00225,2025-04-08,ACC-108,Belmont Stores,East,Fatima Sheikh,DG-Insulation Tester,Diagnostic Equipment,High,2,21000,0.043,20103.21,11550,40206.42,17106.42,0
ORD-00225,2025-04-08,ACC-108,Belmont Stores,East,Fatima Sheikh,FF-Anchor Bolt Assortment,Fasteners & Fittings,Mid,38,900,0.089,819.93,630,31157.34,7217.34,0
ORD-00225,2025-04-08,ACC-108,Belmont Stores,East,Fatima Sheikh,SB-Safety Gloves 12pr,Safety Basics,Low,42,360,0.048,342.76,306,14395.92,1543.92,0
ORD-00226,2025-04-27,ACC-108,Belmont Stores,East,Fatima Sheikh,EA-MCB 32A,Electrical Accessories,Mid,38,650,0.006,646.15,455,24553.7,7263.7,0
ORD-00226,2025-04-27,ACC-108,Belmont Stores,East,Fatima Sheikh,PT-Cordless Drill 18V,Power Tools,High,5,9200,0.023,8988.46,5336,44942.3,18262.3,0
ORD-00226,2025-04-27,ACC-108,Belmont Stores,East,Fatima Sheikh,CN-Drill Bit Set,Consumables,Low,48,560,0.077,516.95,476,24813.6,1965.6,0
ORD-00226,2025-04-27,ACC-108,Belmont Stores,East,Fatima Sheikh,PH-Micrometer Set,Precision Hardware,High,7,4100,0.048,3905.12,2460,27335.84,10115.84,0
ORD-00227,2025-05-11,ACC-108,Belmont Stores,East,Fatima Sheikh,PH-Bearing Puller Kit,Precision Hardware,High,6,5600,0.058,5275.75,3360,31654.5,11494.5,0
ORD-00227,2025-05-11,ACC-108,Belmont Stores,East,Fatima Sheikh,CM-Degreaser 5L,Cleaning & Maintenance,Low,27,480,0.06,451.14,413,12180.78,1029.78,0
ORD-00227,2025-05-11,ACC-108,Belmont Stores,East,Fatima Sheikh,FF-Stainless Fastener Pack,Fasteners & Fittings,Mid,23,1400,0.081,1286.73,980,29594.79,7054.79,0
ORD-00227,2025-05-11,ACC-108,Belmont Stores,East,Fatima Sheikh,PT-Rotary Hammer SDS,Power Tools,High,3,14800,0.057,13962.27,8584,41886.81,16134.81,0
ORD-00228,2025-05-15,ACC-108,Belmont Stores,East,Fatima Sheikh,EA-Cable Gland Set,Electrical Accessories,Mid,27,1100,0.062,1031.68,770,27855.36,7065.36,0
ORD-00228,2025-05-15,ACC-108,Belmont Stores,East,Fatima Sheikh,DG-Digital Multimeter Pro,Diagnostic Equipment,High,3,12500,0.088,11402.36,6875,34207.08,13582.08,0
ORD-00228,2025-05-15,ACC-108,Belmont Stores,East,Fatima Sheikh,SB-Safety Gloves 12pr,Safety Basics,Low,45,360,0.033,348.04,306,15661.8,1891.8,0
ORD-00228,2025-05-15,ACC-108,Belmont Stores,East,Fatima Sheikh,CN-Drill Bit Set,Consumables,Low,55,560,0.075,518.05,476,28492.75,2312.75,0
ORD-00230,2025-06-07,ACC-108,Belmont Stores,East,Fatima Sheikh,PT-Rotary Hammer SDS,Power Tools,High,3,14800,0.068,13799.29,8584,41397.87,15645.87,0
ORD-00230,2025-06-07,ACC-108,Belmont Stores,East,Fatima Sheikh,FF-Stainless Fastener Pack,Fasteners & Fittings,Mid,25,1400,0.07,1301.38,980,32534.5,8034.5,0
ORD-00230,2025-06-07,ACC-108,Belmont Stores,East,Fatima Sheikh,PH-Bearing Puller Kit,Precision Hardware,High,5,5600,0.011,5538.7,3360,27693.5,10893.5,0
ORD-00230,2025-06-07,ACC-108,Belmont Stores,East,Fatima Sheikh,CM-Shop Wipes Bulk,Cleaning & Maintenance,Low,44,260,0.019,255.04,224,11221.76,1365.76,0
ORD-00229,2025-06-25,ACC-108,Belmont Stores,East,Fatima Sheikh,CN-Cutting Blade 10pk,Consumables,Low,66,420,0.043,401.8,357,26518.8,2956.8,0
ORD-00229,2025-06-25,ACC-108,Belmont Stores,East,Fatima Sheikh,SB-Safety Glasses 10pk,Safety Basics,Low,65,240,0.054,227.01,204,14755.65,1495.65,0
ORD-00229,2025-06-25,ACC-108,Belmont Stores,East,Fatima Sheikh,EA-Cable Gland Set,Electrical Accessories,Mid,26,1100,0.025,1072.97,770,27897.22,7877.22,0
ORD-00229,2025-06-25,ACC-108,Belmont Stores,East,Fatima Sheikh,DG-Insulation Tester,Diagnostic Equipment,High,1,21000,0.012,20739.45,11550,20739.45,9189.45,0
ORD-00231,2025-07-04,ACC-108,Belmont Stores,East,Fatima Sheikh,EA-MCB 32A,Electrical Accessories,Mid,36,650,0.017,638.85,455,22998.6,6618.6,0
ORD-00231,2025-07-04,ACC-108,Belmont Stores,East,Fatima Sheikh,CN-Abrasive Discs 25pk,Consumables,Low,88,300,0.059,282.32,255,24844.16,2404.16,0
ORD-00231,2025-07-04,ACC-108,Belmont Stores,East,Fatima Sheikh,CM-Degreaser 5L,Cleaning & Maintenance,Low,29,480,0.068,447.22,413,12969.38,992.38,0
ORD-00231,2025-07-04,ACC-108,Belmont Stores,East,Fatima Sheikh,PT-Rotary Hammer SDS,Power Tools,High,3,14800,0.041,14187.29,8584,42561.87,16809.87,0
ORD-00232,2025-07-05,ACC-108,Belmont Stores,East,Fatima Sheikh,SB-Safety Glasses 10pk,Safety Basics,Low,65,240,0.016,236.21,204,15353.65,2093.65,0
ORD-00232,2025-07-05,ACC-108,Belmont Stores,East,Fatima Sheikh,FF-Stainless Fastener Pack,Fasteners & Fittings,Mid,21,1400,0.017,1376.11,980,28898.31,8318.31,0
ORD-00232,2025-07-05,ACC-108,Belmont Stores,East,Fatima Sheikh,PH-Bearing Puller Kit,Precision Hardware,High,5,5600,0.065,5235.29,3360,26176.45,9376.45,0
ORD-00232,2025-07-05,ACC-108,Belmont Stores,East,Fatima Sheikh,DG-Insulation Tester,Diagnostic Equipment,High,1,21000,0.037,20227.68,11550,20227.68,8677.68,0
ORD-00233,2025-08-05,ACC-108,Belmont Stores,East,Fatima Sheikh,FF-Stainless Fastener Pack,Fasteners & Fittings,Mid,24,1400,0.054,1324.04,980,31776.96,8256.96,0
ORD-00233,2025-08-05,ACC-108,Belmont Stores,East,Fatima Sheikh,EA-MCB 32A,Electrical Accessories,Mid,39,650,0.091,590.63,455,23034.57,5289.57,0
ORD-00233,2025-08-05,ACC-108,Belmont Stores,East,Fatima Sheikh,PT-Rotary Hammer SDS,Power Tools,High,3,14800,0.087,13518.62,8584,40555.86,14803.86,0
ORD-00233,2025-08-05,ACC-108,Belmont Stores,East,Fatima Sheikh,PH-Micrometer Set,Precision Hardware,High,7,4100,0.071,3809.1,2460,26663.7,9443.7,0
ORD-00234,2025-08-12,ACC-108,Belmont Stores,East,Fatima Sheikh,CN-Cutting Blade 10pk,Consumables,Low,61,420,0.045,401.13,357,24468.93,2691.93,0
ORD-00234,2025-08-12,ACC-108,Belmont Stores,East,Fatima Sheikh,DG-Thermal Imager,Diagnostic Equipment,High,1,38000,0.053,35989.28,20900,35989.28,15089.28,0
ORD-00234,2025-08-12,ACC-108,Belmont Stores,East,Fatima Sheikh,SB-Safety Gloves 12pr,Safety Basics,Low,43,360,0.054,340.49,306,14641.07,1483.07,0
ORD-00234,2025-08-12,ACC-108,Belmont Stores,East,Fatima Sheikh,CM-Shop Wipes Bulk,Cleaning & Maintenance,Low,53,260,0.06,244.51,224,12959.03,1087.03,0
ORD-00235,2025-09-06,ACC-108,Belmont Stores,East,Sandeep Rao,CN-Cutting Blade 10pk,Consumables,Low,63,420,0.036,405.0,357,25515.0,3024.0,0
ORD-00235,2025-09-06,ACC-108,Belmont Stores,East,Sandeep Rao,FF-Stainless Fastener Pack,Fasteners & Fittings,Mid,22,1400,0.027,1361.85,980,29960.7,8400.7,0
ORD-00235,2025-09-06,ACC-108,Belmont Stores,East,Sandeep Rao,EA-MCB 32A,Electrical Accessories,Mid,43,650,0.032,629.43,455,27065.49,7500.49,0
ORD-00236,2025-09-10,ACC-108,Belmont Stores,East,Sandeep Rao,CM-Shop Wipes Bulk,Cleaning & Maintenance,Low,52,260,0.066,242.76,224,12623.52,975.52,0
ORD-00236,2025-09-10,ACC-108,Belmont Stores,East,Sandeep Rao,PH-Bearing Puller Kit,Precision Hardware,High,5,5600,0.052,5307.96,3360,26539.8,9739.8,0
ORD-00236,2025-09-10,ACC-108,Belmont Stores,East,Sandeep Rao,DG-Thermal Imager,Diagnostic Equipment,High,1,38000,0.06,35717.09,20900,35717.09,14817.09,0
ORD-00237,2025-09-25,ACC-108,Belmont Stores,East,Sandeep Rao,PT-Angle Grinder 900W,Power Tools,High,7,6400,0.041,6140.0,3712,42980.0,16996.0,0
ORD-00237,2025-09-25,ACC-108,Belmont Stores,East,Sandeep Rao,SB-Safety Gloves 12pr,Safety Basics,Low,47,360,0.049,342.21,306,16083.87,1701.87,0
ORD-00239,2025-10-03,ACC-108,Belmont Stores,East,Sandeep Rao,EA-MCB 32A,Electrical Accessories,Mid,40,650,0.072,603.23,455,24129.2,5929.2,0
ORD-00239,2025-10-03,ACC-108,Belmont Stores,East,Sandeep Rao,CN-Abrasive Discs 25pk,Consumables,Low,88,300,0.038,288.6,255,25396.8,2956.8,0
ORD-00239,2025-10-03,ACC-108,Belmont Stores,East,Sandeep Rao,PH-Precision Torque Wrench,Precision Hardware,High,3,7300,0.03,7084.35,4380,21253.05,8113.05,0
ORD-00240,2025-10-08,ACC-108,Belmont Stores,East,Sandeep Rao,PT-Angle Grinder 900W,Power Tools,High,6,6400,0.011,6331.07,3712,37986.42,15714.42,0
ORD-00240,2025-10-08,ACC-108,Belmont Stores,East,Sandeep Rao,SB-Safety Glasses 10pk,Safety Basics,Low,61,240,0.054,226.97,204,13845.17,1401.17,0
ORD-00238,2025-10-19,ACC-108,Belmont Stores,East,Sandeep Rao,DG-Thermal Imager,Diagnostic Equipment,High,1,38000,0.026,36993.66,20900,36993.66,16093.66,0
ORD-00238,2025-10-19,ACC-108,Belmont Stores,East,Sandeep Rao,FF-Anchor Bolt Assortment,Fasteners & Fittings,Mid,39,900,0.081,827.1,630,32256.9,7686.9,0
ORD-00238,2025-10-19,ACC-108,Belmont Stores,East,Sandeep Rao,CM-Degreaser 5L,Cleaning & Maintenance,Low,27,480,0.057,452.5,413,12217.5,1066.5,0
ORD-00241,2025-11-14,ACC-108,Belmont Stores,East,Sandeep Rao,PH-Micrometer Set,Precision Hardware,High,7,4100,0.068,3822.23,2460,26755.61,9535.61,0
ORD-00241,2025-11-14,ACC-108,Belmont Stores,East,Sandeep Rao,SB-Safety Gloves 12pr,Safety Basics,Low,44,360,0.045,343.69,306,15122.36,1658.36,0
ORD-00241,2025-11-14,ACC-108,Belmont Stores,East,Sandeep Rao,DG-Thermal Imager,Diagnostic Equipment,High,1,38000,0.024,37100.15,20900,37100.15,16200.15,0
ORD-00243,2025-11-14,ACC-108,Belmont Stores,East,Sandeep Rao,CM-Shop Wipes Bulk,Cleaning & Maintenance,Low,55,260,0.091,236.37,224,13000.35,680.35,0
ORD-00243,2025-11-14,ACC-108,Belmont Stores,East,Sandeep Rao,CN-Drill Bit Set,Consumables,Low,49,560,0.04,537.44,476,26334.56,3010.56,0
ORD-00242,2025-11-16,ACC-108,Belmont Stores,East,Sandeep Rao,PT-Cordless Drill 18V,Power Tools,High,4,9200,0.031,8918.23,5336,35672.92,14328.92,0
ORD-00242,2025-11-16,ACC-108,Belmont Stores,East,Sandeep Rao,FF-Stainless Fastener Pack,Fasteners & Fittings,Mid,21,1400,0.044,1339.08,980,28120.68,7540.68,0
ORD-00242,2025-11-16,ACC-108,Belmont Stores,East,Sandeep Rao,EA-Cable Gland Set,Electrical Accessories,Mid,26,1100,0.085,1006.0,770,26156.0,6136.0,0
ORD-00245,2025-12-05,ACC-108,Belmont Stores,East,Sandeep Rao,SB-Safety Glasses 10pk,Safety Basics,Low,63,240,0.081,220.47,204,13889.61,1037.61,0
ORD-00245,2025-12-05,ACC-108,Belmont Stores,East,Sandeep Rao,EA-Cable Gland Set,Electrical Accessories,Mid,23,1100,0.046,1049.4,770,24136.2,6426.2,0
ORD-00245,2025-12-05,ACC-108,Belmont Stores,East,Sandeep Rao,CM-Shop Wipes Bulk,Cleaning & Maintenance,Low,50,260,0.035,250.99,224,12549.5,1349.5,0
ORD-00244,2025-12-13,ACC-108,Belmont Stores,East,Sandeep Rao,PT-Cordless Drill 18V,Power Tools,High,4,9200,0.061,8638.17,5336,34552.68,13208.68,0
ORD-00244,2025-12-13,ACC-108,Belmont Stores,East,Sandeep Rao,DG-Thermal Imager,Diagnostic Equipment,High,1,38000,0.063,35619.64,20900,35619.64,14719.64,0
ORD-00244,2025-12-13,ACC-108,Belmont Stores,East,Sandeep Rao,PH-Precision Torque Wrench,Precision Hardware,High,3,7300,0.036,7034.61,4380,21103.83,7963.83,0
ORD-00246,2025-12-25,ACC-108,Belmont Stores,East,Sandeep Rao,CN-Abrasive Discs 25pk,Consumables,Low,81,300,0.027,291.84,255,23639.04,2984.04,0
ORD-00246,2025-12-25,ACC-108,Belmont Stores,East,Sandeep Rao,FF-Stainless Fastener Pack,Fasteners & Fittings,Mid,21,1400,0.066,1307.74,980,27462.54,6882.54,0
ORD-00247,2026-01-01,ACC-108,Belmont Stores,East,Sandeep Rao,PT-Rotary Hammer SDS,Power Tools,High,2,14800,0.045,14128.63,8584,28257.26,11089.26,0
ORD-00247,2026-01-01,ACC-108,Belmont Stores,East,Sandeep Rao,DG-Insulation Tester,Diagnostic Equipment,High,1,21000,0.02,20579.55,11550,20579.55,9029.55,0
ORD-00247,2026-01-01,ACC-108,Belmont Stores,East,Sandeep Rao,CN-Cutting Blade 10pk,Consumables,Low,66,420,0.067,391.68,357,25850.88,2288.88,0
ORD-00248,2026-01-19,ACC-108,Belmont Stores,East,Sandeep Rao,PH-Precision Torque Wrench,Precision Hardware,High,4,7300,0.051,6925.27,4380,27701.08,10181.08,0
ORD-00248,2026-01-19,ACC-108,Belmont Stores,East,Sandeep Rao,FF-Stainless Fastener Pack,Fasteners & Fittings,Mid,24,1400,0.064,1310.93,980,31462.32,7942.32,0
ORD-00248,2026-01-19,ACC-108,Belmont Stores,East,Sandeep Rao,EA-Cable Gland Set,Electrical Accessories,Mid,26,1100,0.087,1004.4,770,26114.4,6094.4,0
ORD-00249,2026-01-27,ACC-108,Belmont Stores,East,Sandeep Rao,CM-Shop Wipes Bulk,Cleaning & Maintenance,Low,51,260,0.046,248.14,224,12655.14,1231.14,0
ORD-00249,2026-01-27,ACC-108,Belmont Stores,East,Sandeep Rao,SB-Safety Glasses 10pk,Safety Basics,Low,64,240,0.009,237.89,204,15224.96,2168.96,0
ORD-00251,2026-02-11,ACC-108,Belmont Stores,East,Sandeep Rao,PT-Angle Grinder 900W,Power Tools,High,5,6400,0.049,6085.37,3712,30426.85,11866.85,0
ORD-00251,2026-02-11,ACC-108,Belmont Stores,East,Sandeep Rao,FF-Anchor Bolt Assortment,Fasteners & Fittings,Mid,33,900,0.069,838.15,630,27658.95,6868.95,0
ORD-00251,2026-02-11,ACC-108,Belmont Stores,East,Sandeep Rao,CM-Degreaser 5L,Cleaning & Maintenance,Low,28,480,0.066,448.51,413,12558.28,994.28,0
ORD-00250,2026-02-13,ACC-108,Belmont Stores,East,Sandeep Rao,SB-Safety Gloves 12pr,Safety Basics,Low,42,360,0.033,347.98,306,14615.16,1763.16,0
ORD-00250,2026-02-13,ACC-108,Belmont Stores,East,Sandeep Rao,PH-Micrometer Set,Precision Hardware,High,6,4100,0.06,3854.58,2460,23127.48,8367.48,0
ORD-00250,2026-02-13,ACC-108,Belmont Stores,East,Sandeep Rao,CN-Abrasive Discs 25pk,Consumables,Low,91,300,0.031,290.66,255,26450.06,3245.06,0
ORD-00252,2026-02-18,ACC-108,Belmont Stores,East,Sandeep Rao,EA-MCB 32A,Electrical Accessories,Mid,44,650,0.03,630.58,455,27745.52,7725.52,0
ORD-00252,2026-02-18,ACC-108,Belmont Stores,East,Sandeep Rao,DG-Thermal Imager,Diagnostic Equipment,High,1,38000,0.058,35814.15,20900,35814.15,14914.15,0
ORD-00255,2026-03-06,ACC-108,Belmont Stores,East,Sandeep Rao,PH-Micrometer Set,Precision Hardware,High,6,4100,0.016,4035.61,2460,24213.66,9453.66,0
ORD-00255,2026-03-06,ACC-108,Belmont Stores,East,Sandeep Rao,FF-Anchor Bolt Assortment,Fasteners & Fittings,Mid,37,900,0.044,860.15,630,31825.55,8515.55,0
ORD-00254,2026-03-09,ACC-108,Belmont Stores,East,Sandeep Rao,DG-Insulation Tester,Diagnostic Equipment,High,1,21000,0.043,20104.95,11550,20104.95,8554.95,0
ORD-00254,2026-03-09,ACC-108,Belmont Stores,East,Sandeep Rao,PT-Angle Grinder 900W,Power Tools,High,5,6400,0.029,6217.23,3712,31086.15,12526.15,0
ORD-00254,2026-03-09,ACC-108,Belmont Stores,East,Sandeep Rao,SB-Safety Glasses 10pk,Safety Basics,Low,60,240,0.032,232.21,204,13932.6,1692.6,0
ORD-00253,2026-03-18,ACC-108,Belmont Stores,East,Sandeep Rao,EA-Cable Gland Set,Electrical Accessories,Mid,25,1100,0.066,1027.52,770,25688.0,6438.0,0
ORD-00253,2026-03-18,ACC-108,Belmont Stores,East,Sandeep Rao,CN-Cutting Blade 10pk,Consumables,Low,69,420,0.056,396.42,357,27352.98,2719.98,0
ORD-00253,2026-03-18,ACC-108,Belmont Stores,East,Sandeep Rao,CM-Degreaser 5L,Cleaning & Maintenance,Low,27,480,0.042,459.67,413,12411.09,1260.09,0
ORD-00258,2026-04-01,ACC-108,Belmont Stores,East,Sandeep Rao,EA-MCB 32A,Electrical Accessories,Mid,38,650,0.05,617.79,455,23476.02,6186.02,0
ORD-00258,2026-04-01,ACC-108,Belmont Stores,East,Sandeep Rao,SB-Safety Gloves 12pr,Safety Basics,Low,43,360,0.07,334.82,306,14397.26,1239.26,0
ORD-00256,2026-04-10,ACC-108,Belmont Stores,East,Sandeep Rao,CM-Degreaser 5L,Cleaning & Maintenance,Low,26,480,0.028,466.57,413,12130.82,1392.82,0
ORD-00256,2026-04-10,ACC-108,Belmont Stores,East,Sandeep Rao,DG-Thermal Imager,Diagnostic Equipment,High,1,38000,0.011,37565.87,20900,37565.87,16665.87,0
ORD-00256,2026-04-10,ACC-108,Belmont Stores,East,Sandeep Rao,CN-Drill Bit Set,Consumables,Low,48,560,0.031,542.74,476,26051.52,3203.52,0
ORD-00257,2026-04-19,ACC-108,Belmont Stores,East,Sandeep Rao,PT-Rotary Hammer SDS,Power Tools,High,2,14800,0.018,14530.54,8584,29061.08,11893.08,0
ORD-00257,2026-04-19,ACC-108,Belmont Stores,East,Sandeep Rao,PH-Bearing Puller Kit,Precision Hardware,High,4,5600,0.005,5572.61,3360,22290.44,8850.44,0
ORD-00257,2026-04-19,ACC-108,Belmont Stores,East,Sandeep Rao,FF-Stainless Fastener Pack,Fasteners & Fittings,Mid,23,1400,0.027,1362.6,980,31339.8,8799.8,0
ORD-00260,2026-05-05,ACC-108,Belmont Stores,East,Sandeep Rao,SB-Safety Gloves 12pr,Safety Basics,Low,47,360,0.085,329.32,306,15478.04,1096.04,0
ORD-00260,2026-05-05,ACC-108,Belmont Stores,East,Sandeep Rao,CM-Degreaser 5L,Cleaning & Maintenance,Low,24,480,0.045,458.56,413,11005.44,1093.44,0
ORD-00262,2026-05-15,ACC-108,Belmont Stores,East,Sandeep Rao,CN-Drill Bit Set,Consumables,Low,51,560,0.027,544.99,476,27794.49,3518.49,0
ORD-00262,2026-05-15,ACC-108,Belmont Stores,East,Sandeep Rao,DG-Insulation Tester,Diagnostic Equipment,High,1,21000,0.057,19806.62,11550,19806.62,8256.62,0
ORD-00261,2026-05-20,ACC-108,Belmont Stores,East,Sandeep Rao,FF-Stainless Fastener Pack,Fasteners & Fittings,Mid,20,1400,0.031,1356.55,980,27131.0,7531.0,0
ORD-00261,2026-05-20,ACC-108,Belmont Stores,East,Sandeep Rao,PH-Bearing Puller Kit,Precision Hardware,High,4,5600,0.04,5374.95,3360,21499.8,8059.8,0
ORD-00259,2026-05-23,ACC-108,Belmont Stores,East,Sandeep Rao,PT-Rotary Hammer SDS,Power Tools,High,2,14800,0.022,14477.46,8584,28954.92,11786.92,0
ORD-00259,2026-05-23,ACC-108,Belmont Stores,East,Sandeep Rao,EA-Cable Gland Set,Electrical Accessories,Mid,22,1100,0.033,1063.69,770,23401.18,6461.18,0
ORD-00264,2026-06-14,ACC-108,Belmont Stores,East,Sandeep Rao,PH-Bearing Puller Kit,Precision Hardware,High,4,5600,0.012,5531.7,3360,22126.8,8686.8,0
ORD-00264,2026-06-14,ACC-108,Belmont Stores,East,Sandeep Rao,PT-Angle Grinder 900W,Power Tools,High,5,6400,0.078,5900.71,3712,29503.55,10943.55,0
ORD-00266,2026-06-19,ACC-108,Belmont Stores,East,Sandeep Rao,DG-Thermal Imager,Diagnostic Equipment,High,1,38000,0.055,35921.46,20900,35921.46,15021.46,0
ORD-00266,2026-06-19,ACC-108,Belmont Stores,East,Sandeep Rao,EA-Cable Gland Set,Electrical Accessories,Mid,23,1100,0.072,1021.3,770,23489.9,5779.9,0
ORD-00263,2026-06-23,ACC-108,Belmont Stores,East,Sandeep Rao,CM-Degreaser 5L,Cleaning & Maintenance,Low,26,480,0.084,439.48,413,11426.48,688.48,0
ORD-00263,2026-06-23,ACC-108,Belmont Stores,East,Sandeep Rao,CN-Cutting Blade 10pk,Consumables,Low,67,420,0.045,401.24,357,26883.08,2964.08,0
ORD-00265,2026-06-26,ACC-108,Belmont Stores,East,Sandeep Rao,SB-Safety Glasses 10pk,Safety Basics,Low,68,240,0.035,231.56,204,15746.08,1874.08,0
ORD-00265,2026-06-26,ACC-108,Belmont Stores,East,Sandeep Rao,FF-Anchor Bolt Assortment,Fasteners & Fittings,Mid,37,900,0.024,878.22,630,32494.14,9184.14,0
ORD-00270,2026-07-06,ACC-108,Belmont Stores,East,Sandeep Rao,CN-Drill Bit Set,Consumables,Low,46,560,0.021,548.05,476,25210.3,3314.3,0
ORD-00270,2026-07-06,ACC-108,Belmont Stores,East,Sandeep Rao,CM-Shop Wipes Bulk,Cleaning & Maintenance,Low,51,260,0.05,246.99,224,12596.49,1172.49,0
ORD-00267,2026-07-14,ACC-108,Belmont Stores,East,Sandeep Rao,DG-Thermal Imager,Diagnostic Equipment,High,1,38000,0.011,37598.48,20900,37598.48,16698.48,0
ORD-00267,2026-07-14,ACC-108,Belmont Stores,East,Sandeep Rao,SB-Safety Gloves 12pr,Safety Basics,Low,49,360,0.082,330.58,306,16198.42,1204.42,0
ORD-00268,2026-07-17,ACC-108,Belmont Stores,East,Sandeep Rao,FF-Stainless Fastener Pack,Fasteners & Fittings,Mid,23,1400,0.028,1360.93,980,31301.39,8761.39,0
ORD-00268,2026-07-17,ACC-108,Belmont Stores,East,Sandeep Rao,PT-Angle Grinder 900W,Power Tools,High,5,6400,0.015,6302.99,3712,31514.95,12954.95,0
ORD-00269,2026-07-19,ACC-108,Belmont Stores,East,Sandeep Rao,EA-Cable Gland Set,Electrical Accessories,Mid,22,1100,0.044,1051.34,770,23129.48,6189.48,0
ORD-00269,2026-07-19,ACC-108,Belmont Stores,East,Sandeep Rao,PH-Precision Torque Wrench,Precision Hardware,High,3,7300,0.051,6927.91,4380,20783.73,7643.73,0
ORD-00272,2026-08-06,ACC-108,Belmont Stores,East,Sandeep Rao,DG-Thermal Imager,Diagnostic Equipment,High,1,38000,0.049,36155.46,20900,36155.46,15255.46,0
ORD-00272,2026-08-06,ACC-108,Belmont Stores,East,Sandeep Rao,EA-MCB 32A,Electrical Accessories,Mid,43,650,0.053,615.62,455,26471.66,6906.66,0
ORD-00271,2026-08-11,ACC-108,Belmont Stores,East,Sandeep Rao,SB-Safety Gloves 12pr,Safety Basics,Low,40,360,0.049,342.21,306,13688.4,1448.4,0
ORD-00271,2026-08-11,ACC-108,Belmont Stores,East,Sandeep Rao,FF-Anchor Bolt Assortment,Fasteners & Fittings,Mid,37,900,0.09,818.62,630,30288.94,6978.94,0
ORD-00273,2026-08-14,ACC-108,Belmont Stores,East,Sandeep Rao,PT-Cordless Drill 18V,Power Tools,High,3,9200,0.033,8895.91,5336,26687.73,10679.73,0
ORD-00273,2026-08-14,ACC-108,Belmont Stores,East,Sandeep Rao,CM-Degreaser 5L,Cleaning & Maintenance,Low,24,480,0.021,469.96,413,11279.04,1367.04,0
ORD-00274,2026-08-19,ACC-108,Belmont Stores,East,Sandeep Rao,CN-Abrasive Discs 25pk,Consumables,Low,85,300,0.064,280.7,255,23859.5,2184.5,0
ORD-00274,2026-08-19,ACC-108,Belmont Stores,East,Sandeep Rao,PH-Bearing Puller Kit,Precision Hardware,High,3,5600,0.055,5289.63,3360,15868.89,5788.89,0
ORD-00275,2026-04-05,ACC-109,Quarry Lane Supply,North,Priya Nair,PH-Precision Torque Wrench,Precision Hardware,High,5,7300,0.088,6660.1,4380,33300.5,11400.5,0
ORD-00275,2026-04-05,ACC-109,Quarry Lane Supply,North,Priya Nair,CN-Cutting Blade 10pk,Consumables,Low,71,420,0.066,392.16,357,27843.36,2496.36,0
ORD-00275,2026-04-05,ACC-109,Quarry Lane Supply,North,Priya Nair,CM-Shop Wipes Bulk,Cleaning & Maintenance,Low,51,260,0.054,245.9,224,12540.9,1116.9,0
ORD-00275,2026-04-05,ACC-109,Quarry Lane Supply,North,Priya Nair,EA-Cable Gland Set,Electrical Accessories,Mid,25,1100,0.051,1044.35,770,26108.75,6858.75,0
ORD-00275,2026-04-05,ACC-109,Quarry Lane Supply,North,Priya Nair,DG-Digital Multimeter Pro,Diagnostic Equipment,High,3,12500,0.064,11701.84,6875,35105.52,14480.52,0
ORD-00275,2026-04-05,ACC-109,Quarry Lane Supply,North,Priya Nair,PT-Rotary Hammer SDS,Power Tools,High,3,14800,0.05,14054.32,8584,42162.96,16410.96,0
ORD-00275,2026-04-05,ACC-109,Quarry Lane Supply,North,Priya Nair,FF-Stainless Fastener Pack,Fasteners & Fittings,Mid,23,1400,0.031,1356.89,980,31208.47,8668.47,0
ORD-00275,2026-04-05,ACC-109,Quarry Lane Supply,North,Priya Nair,SB-Safety Gloves 12pr,Safety Basics,Low,40,360,0.044,343.98,306,13759.2,1519.2,0
ORD-00276,2026-05-08,ACC-109,Quarry Lane Supply,North,Priya Nair,PT-Rotary Hammer SDS,Power Tools,High,3,14800,0.06,13906.75,8584,41720.25,15968.25,0
ORD-00276,2026-05-08,ACC-109,Quarry Lane Supply,North,Priya Nair,CM-Shop Wipes Bulk,Cleaning & Maintenance,Low,50,260,0.057,245.15,224,12257.5,1057.5,0
ORD-00276,2026-05-08,ACC-109,Quarry Lane Supply,North,Priya Nair,EA-Cable Gland Set,Electrical Accessories,Mid,22,1100,0.049,1046.13,770,23014.86,6074.86,0
ORD-00276,2026-05-08,ACC-109,Quarry Lane Supply,North,Priya Nair,SB-Safety Gloves 12pr,Safety Basics,Low,47,360,0.042,344.95,306,16212.65,1830.65,0
ORD-00276,2026-05-08,ACC-109,Quarry Lane Supply,North,Priya Nair,FF-Anchor Bolt Assortment,Fasteners & Fittings,Mid,37,900,0.021,881.38,630,32611.06,9301.06,0
ORD-00276,2026-05-08,ACC-109,Quarry Lane Supply,North,Priya Nair,CN-Drill Bit Set,Consumables,Low,46,560,0.018,549.78,476,25289.88,3393.88,0
ORD-00276,2026-05-08,ACC-109,Quarry Lane Supply,North,Priya Nair,PH-Bearing Puller Kit,Precision Hardware,High,6,5600,0.056,5284.42,3360,31706.52,11546.52,0
ORD-00276,2026-05-08,ACC-109,Quarry Lane Supply,North,Priya Nair,DG-Digital Multimeter Pro,Diagnostic Equipment,High,3,12500,0.093,11333.7,6875,34001.1,13376.1,0
ORD-00278,2026-06-11,ACC-109,Quarry Lane Supply,North,Priya Nair,CN-Drill Bit Set,Consumables,Low,49,560,0.062,525.37,476,25743.13,2419.13,0
ORD-00278,2026-06-11,ACC-109,Quarry Lane Supply,North,Priya Nair,DG-Thermal Imager,Diagnostic Equipment,High,1,38000,0.014,37483.38,20900,37483.38,16583.38,0
ORD-00278,2026-06-11,ACC-109,Quarry Lane Supply,North,Priya Nair,SB-Safety Glasses 10pk,Safety Basics,Low,66,240,0.045,229.32,204,15135.12,1671.12,0
ORD-00278,2026-06-11,ACC-109,Quarry Lane Supply,North,Priya Nair,EA-Cable Gland Set,Electrical Accessories,Mid,23,1100,0.02,1078.38,770,24802.74,7092.74,0
ORD-00277,2026-06-17,ACC-109,Quarry Lane Supply,North,Priya Nair,PH-Bearing Puller Kit,Precision Hardware,High,5,5600,0.017,5504.83,3360,27524.15,10724.15,0
ORD-00277,2026-06-17,ACC-109,Quarry Lane Supply,North,Priya Nair,FF-Anchor Bolt Assortment,Fasteners & Fittings,Mid,33,900,0.007,893.82,630,29496.06,8706.06,0
ORD-00277,2026-06-17,ACC-109,Quarry Lane Supply,North,Priya Nair,PT-Rotary Hammer SDS,Power Tools,High,3,14800,0.096,13376.4,8584,40129.2,14377.2,0
ORD-00277,2026-06-17,ACC-109,Quarry Lane Supply,North,Priya Nair,CM-Degreaser 5L,Cleaning & Maintenance,Low,29,480,0.088,437.84,413,12697.36,720.36,0
ORD-00279,2026-07-04,ACC-109,Quarry Lane Supply,North,Priya Nair,PH-Precision Torque Wrench,Precision Hardware,High,3,7300,0.016,7185.81,4380,21557.43,8417.43,0
ORD-00279,2026-07-04,ACC-109,Quarry Lane Supply,North,Priya Nair,PT-Cordless Drill 18V,Power Tools,High,3,9200,0.04,8832.03,5336,26496.09,10488.09,0
ORD-00279,2026-07-04,ACC-109,Quarry Lane Supply,North,Priya Nair,CN-Abrasive Discs 25pk,Consumables,Low,69,300,0.05,285.07,255,19669.83,2074.83,0
ORD-00279,2026-07-04,ACC-109,Quarry Lane Supply,North,Priya Nair,FF-Anchor Bolt Assortment,Fasteners & Fittings,Mid,26,900,0.053,851.95,630,22150.7,5770.7,0
ORD-00279,2026-07-04,ACC-109,Quarry Lane Supply,North,Priya Nair,CM-Shop Wipes Bulk,Cleaning & Maintenance,Low,38,260,0.042,249.05,224,9463.9,951.9,0
ORD-00279,2026-07-04,ACC-109,Quarry Lane Supply,North,Priya Nair,DG-Thermal Imager,Diagnostic Equipment,High,1,38000,0.057,35824.7,20900,35824.7,14924.7,0
ORD-00279,2026-07-04,ACC-109,Quarry Lane Supply,North,Priya Nair,EA-Cable Gland Set,Electrical Accessories,Mid,19,1100,0.028,1068.68,770,20304.92,5674.92,0
ORD-00279,2026-07-04,ACC-109,Quarry Lane Supply,North,Priya Nair,SB-Safety Gloves 12pr,Safety Basics,Low,36,360,0.079,331.55,306,11935.8,919.8,0
ORD-00281,2026-08-10,ACC-109,Quarry Lane Supply,North,Priya Nair,CN-Drill Bit Set,Consumables,Low,39,560,0.084,512.96,476,20005.44,1441.44,0
ORD-00281,2026-08-10,ACC-109,Quarry Lane Supply,North,Priya Nair,PT-Angle Grinder 900W,Power Tools,High,5,6400,0.034,6181.5,3712,30907.5,12347.5,0
ORD-00281,2026-08-10,ACC-109,Quarry Lane Supply,North,Priya Nair,FF-Anchor Bolt Assortment,Fasteners & Fittings,Mid,27,900,0.041,862.69,630,23292.63,6282.63,0
ORD-00281,2026-08-10,ACC-109,Quarry Lane Supply,North,Priya Nair,PH-Bearing Puller Kit,Precision Hardware,High,4,5600,0.016,5511.59,3360,22046.36,8606.36,0
ORD-00280,2026-08-18,ACC-109,Quarry Lane Supply,North,Priya Nair,SB-Safety Glasses 10pk,Safety Basics,Low,52,240,0.042,230.02,204,11961.04,1353.04,0
ORD-00280,2026-08-18,ACC-109,Quarry Lane Supply,North,Priya Nair,DG-Insulation Tester,Diagnostic Equipment,High,1,21000,0.044,20075.05,11550,20075.05,8525.05,0
ORD-00280,2026-08-18,ACC-109,Quarry Lane Supply,North,Priya Nair,EA-MCB 32A,Electrical Accessories,Mid,28,650,0.057,613.15,455,17168.2,4428.2,0
ORD-00280,2026-08-18,ACC-109,Quarry Lane Supply,North,Priya Nair,CM-Degreaser 5L,Cleaning & Maintenance,Low,20,480,0.035,463.4,413,9268.0,1008.0,0
ORD-00282,2024-09-22,ACC-110,Fairview Depot,South,Rohit Sharma,PH-Precision Torque Wrench,Precision Hardware,High,6,7300,0.021,7146.6,4380,42879.6,16599.6,0
ORD-00282,2024-09-22,ACC-110,Fairview Depot,South,Rohit Sharma,CN-Drill Bit Set,Consumables,Low,28,560,0.024,546.66,476,15306.48,1978.48,0
ORD-00282,2024-09-22,ACC-110,Fairview Depot,South,Rohit Sharma,SB-Safety Glasses 10pk,Safety Basics,Low,32,240,0.033,231.97,204,7423.04,895.04,0
ORD-00282,2024-09-22,ACC-110,Fairview Depot,South,Rohit Sharma,EA-Cable Gland Set,Electrical Accessories,Mid,19,1100,0.05,1045.36,770,19861.84,5231.84,0
ORD-00282,2024-09-22,ACC-110,Fairview Depot,South,Rohit Sharma,PT-Angle Grinder 900W,Power Tools,High,16,6400,0.036,6166.71,3712,98667.36,39275.36,0
ORD-00282,2024-09-22,ACC-110,Fairview Depot,South,Rohit Sharma,DG-Digital Multimeter Pro,Diagnostic Equipment,High,7,12500,0.055,11808.17,6875,82657.19,34532.19,0
ORD-00282,2024-09-22,ACC-110,Fairview Depot,South,Rohit Sharma,FF-Stainless Fastener Pack,Fasteners & Fittings,Mid,18,1400,0.047,1334.42,980,24019.56,6379.56,0
ORD-00282,2024-09-22,ACC-110,Fairview Depot,South,Rohit Sharma,CM-Shop Wipes Bulk,Cleaning & Maintenance,Low,27,260,0.04,249.57,224,6738.39,690.39,0
ORD-00283,2024-10-22,ACC-110,Fairview Depot,South,Rohit Sharma,FF-Stainless Fastener Pack,Fasteners & Fittings,Mid,18,1400,0.052,1327.35,980,23892.3,6252.3,0
ORD-00283,2024-10-22,ACC-110,Fairview Depot,South,Rohit Sharma,CM-Degreaser 5L,Cleaning & Maintenance,Low,15,480,0.058,452.0,413,6780.0,585.0,0
ORD-00283,2024-10-22,ACC-110,Fairview Depot,South,Rohit Sharma,CN-Drill Bit Set,Consumables,Low,32,560,0.044,535.22,476,17127.04,1895.04,0
ORD-00283,2024-10-22,ACC-110,Fairview Depot,South,Rohit Sharma,PT-Cordless Drill 18V,Power Tools,High,11,9200,0.043,8806.39,5336,96870.29,38174.29,0
ORD-00283,2024-10-22,ACC-110,Fairview Depot,South,Rohit Sharma,SB-Safety Glasses 10pk,Safety Basics,Low,35,240,0.043,229.71,204,8039.85,899.85,0
ORD-00283,2024-10-22,ACC-110,Fairview Depot,South,Rohit Sharma,EA-MCB 32A,Electrical Accessories,Mid,32,650,0.01,643.34,455,20586.88,6026.88,0
ORD-00283,2024-10-22,ACC-110,Fairview Depot,South,Rohit Sharma,PH-Precision Torque Wrench,Precision Hardware,High,5,7300,0.031,7075.89,4380,35379.45,13479.45,0
ORD-00283,2024-10-22,ACC-110,Fairview Depot,South,Rohit Sharma,DG-Thermal Imager,Diagnostic Equipment,High,2,38000,0.06,35734.7,20900,71469.4,29669.4,0
ORD-00284,2024-11-06,ACC-110,Fairview Depot,South,Rohit Sharma,DG-Digital Multimeter Pro,Diagnostic Equipment,High,6,12500,0.033,12087.72,6875,72526.32,31276.32,0
ORD-00284,2024-11-06,ACC-110,Fairview Depot,South,Rohit Sharma,CM-Shop Wipes Bulk,Cleaning & Maintenance,Low,26,260,0.056,245.49,224,6382.74,558.74,0
ORD-00284,2024-11-06,ACC-110,Fairview Depot,South,Rohit Sharma,FF-Anchor Bolt Assortment,Fasteners & Fittings,Mid,33,900,0.087,821.4,630,27106.2,6316.2,0
ORD-00284,2024-11-06,ACC-110,Fairview Depot,South,Rohit Sharma,PH-Micrometer Set,Precision Hardware,High,11,4100,0.057,3868.33,2460,42551.63,15491.63,0
ORD-00285,2024-11-13,ACC-110,Fairview Depot,South,Rohit Sharma,SB-Safety Gloves 12pr,Safety Basics,Low,24,360,0.051,341.57,306,8197.68,853.68,0
ORD-00285,2024-11-13,ACC-110,Fairview Depot,South,Rohit Sharma,CN-Drill Bit Set,Consumables,Low,29,560,0.06,526.39,476,15265.31,1461.31,0
ORD-00285,2024-11-13,ACC-110,Fairview Depot,South,Rohit Sharma,PT-Rotary Hammer SDS,Power Tools,High,6,14800,0.04,14202.22,8584,85213.32,33709.32,0
ORD-00285,2024-11-13,ACC-110,Fairview Depot,South,Rohit Sharma,EA-MCB 32A,Electrical Accessories,Mid,32,650,0.064,608.68,455,19477.76,4917.76,0
ORD-00286,2024-12-07,ACC-110,Fairview Depot,South,Rohit Sharma,CN-Cutting Blade 10pk,Consumables,Low,39,420,0.045,400.96,357,15637.44,1714.44,0
ORD-00286,2024-12-07,ACC-110,Fairview Depot,South,Rohit Sharma,DG-Insulation Tester,Diagnostic Equipment,High,4,21000,0.023,20519.86,11550,82079.44,35879.44,0
ORD-00286,2024-12-07,ACC-110,Fairview Depot,South,Rohit Sharma,CM-Degreaser 5L,Cleaning & Maintenance,Low,17,480,0.07,446.47,413,7589.99,568.99,0
ORD-00286,2024-12-07,ACC-110,Fairview Depot,South,Rohit Sharma,PH-Bearing Puller Kit,Precision Hardware,High,7,5600,0.061,5255.91,3360,36791.37,13271.37,0
ORD-00286,2024-12-07,ACC-110,Fairview Depot,South,Rohit Sharma,EA-Cable Gland Set,Electrical Accessories,Mid,21,1100,0.054,1040.7,770,21854.7,5684.7,0
ORD-00286,2024-12-07,ACC-110,Fairview Depot,South,Rohit Sharma,PT-Rotary Hammer SDS,Power Tools,High,6,14800,0.055,13990.95,8584,83945.7,32441.7,0
ORD-00286,2024-12-07,ACC-110,Fairview Depot,South,Rohit Sharma,SB-Safety Gloves 12pr,Safety Basics,Low,23,360,0.093,326.52,306,7509.96,471.96,0
ORD-00286,2024-12-07,ACC-110,Fairview Depot,South,Rohit Sharma,FF-Stainless Fastener Pack,Fasteners & Fittings,Mid,17,1400,0.05,1329.78,980,22606.26,5946.26,0
ORD-00287,2025-01-23,ACC-110,Fairview Depot,South,Rohit Sharma,DG-Insulation Tester,Diagnostic Equipment,High,3,21000,0.033,20311.85,11550,60935.55,26285.55,0
ORD-00287,2025-01-23,ACC-110,Fairview Depot,South,Rohit Sharma,EA-Cable Gland Set,Electrical Accessories,Mid,20,1100,0.064,1029.71,770,20594.2,5194.2,0
ORD-00287,2025-01-23,ACC-110,Fairview Depot,South,Rohit Sharma,CN-Drill Bit Set,Consumables,Low,29,560,0.058,527.74,476,15304.46,1500.46,0
ORD-00287,2025-01-23,ACC-110,Fairview Depot,South,Rohit Sharma,CM-Degreaser 5L,Cleaning & Maintenance,Low,14,480,0.067,447.97,413,6271.58,489.58,0
ORD-00287,2025-01-23,ACC-110,Fairview Depot,South,Rohit Sharma,PT-Rotary Hammer SDS,Power Tools,High,6,14800,0.044,14145.13,8584,84870.78,33366.78,0
ORD-00287,2025-01-23,ACC-110,Fairview Depot,South,Rohit Sharma,FF-Stainless Fastener Pack,Fasteners & Fittings,Mid,17,1400,0.026,1363.26,980,23175.42,6515.42,0
ORD-00287,2025-01-23,ACC-110,Fairview Depot,South,Rohit Sharma,SB-Safety Glasses 10pk,Safety Basics,Low,35,240,0.055,226.74,204,7935.9,795.9,0
ORD-00287,2025-01-23,ACC-110,Fairview Depot,South,Rohit Sharma,PH-Precision Torque Wrench,Precision Hardware,High,6,7300,0.028,7094.01,4380,42564.06,16284.06,0
ORD-00288,2025-02-13,ACC-110,Fairview Depot,South,Rohit Sharma,PT-Rotary Hammer SDS,Power Tools,High,6,14800,0.054,14000.11,8584,84000.66,32496.66,0
ORD-00288,2025-02-13,ACC-110,Fairview Depot,South,Rohit Sharma,DG-Digital Multimeter Pro,Diagnostic Equipment,High,5,12500,0.046,11922.24,6875,59611.2,25236.2,0
ORD-00288,2025-02-13,ACC-110,Fairview Depot,South,Rohit Sharma,CM-Shop Wipes Bulk,Cleaning & Maintenance,Low,29,260,0.075,240.44,224,6972.76,476.76,0
ORD-00288,2025-02-13,ACC-110,Fairview Depot,South,Rohit Sharma,EA-Cable Gland Set,Electrical Accessories,Mid,17,1100,0.034,1062.64,770,18064.88,4974.88,0
ORD-00289,2025-02-17,ACC-110,Fairview Depot,South,Rohit Sharma,SB-Safety Glasses 10pk,Safety Basics,Low,38,240,0.042,229.92,204,8736.96,984.96,0
ORD-00289,2025-02-17,ACC-110,Fairview Depot,South,Rohit Sharma,FF-Anchor Bolt Assortment,Fasteners & Fittings,Mid,28,900,0.042,862.36,630,24146.08,6506.08,0
ORD-00289,2025-02-17,ACC-110,Fairview Depot,South,Rohit Sharma,CN-Cutting Blade 10pk,Consumables,Low,39,420,0.062,393.95,357,15364.05,1441.05,0
ORD-00289,2025-02-17,ACC-110,Fairview Depot,South,Rohit Sharma,PH-Precision Torque Wrench,Precision Hardware,High,5,7300,0.011,7221.73,4380,36108.65,14208.65,0
ORD-00290,2025-03-12,ACC-110,Fairview Depot,South,Rohit Sharma,FF-Stainless Fastener Pack,Fasteners & Fittings,Mid,18,1400,0.016,1377.83,980,24800.94,7160.94,0
ORD-00290,2025-03-12,ACC-110,Fairview Depot,South,Rohit Sharma,DG-Insulation Tester,Diagnostic Equipment,High,3,21000,0.058,19781.78,11550,59345.34,24695.34,0
ORD-00290,2025-03-12,ACC-110,Fairview Depot,South,Rohit Sharma,SB-Safety Glasses 10pk,Safety Basics,Low,34,240,0.071,223.05,204,7583.7,647.7,0
ORD-00290,2025-03-12,ACC-110,Fairview Depot,South,Rohit Sharma,CN-Abrasive Discs 25pk,Consumables,Low,52,300,0.057,282.93,255,14712.36,1452.36,0
ORD-00290,2025-03-12,ACC-110,Fairview Depot,South,Rohit Sharma,PT-Cordless Drill 18V,Power Tools,High,11,9200,0.042,8813.02,5336,96943.22,38247.22,0
ORD-00290,2025-03-12,ACC-110,Fairview Depot,South,Rohit Sharma,EA-Cable Gland Set,Electrical Accessories,Mid,19,1100,0.048,1047.31,770,19898.89,5268.89,0
ORD-00290,2025-03-12,ACC-110,Fairview Depot,South,Rohit Sharma,PH-Precision Torque Wrench,Precision Hardware,High,5,7300,0.053,6909.85,4380,34549.25,12649.25,0
ORD-00290,2025-03-12,ACC-110,Fairview Depot,South,Rohit Sharma,CM-Shop Wipes Bulk,Cleaning & Maintenance,Low,27,260,0.077,239.93,224,6478.11,430.11,0
ORD-00291,2025-04-01,ACC-110,Fairview Depot,South,Rohit Sharma,PT-Rotary Hammer SDS,Power Tools,High,6,14800,0.048,14093.51,8584,84561.06,33057.06,0
ORD-00291,2025-04-01,ACC-110,Fairview Depot,South,Rohit Sharma,EA-MCB 32A,Electrical Accessories,Mid,31,650,0.004,647.59,455,20075.29,5970.29,0
ORD-00291,2025-04-01,ACC-110,Fairview Depot,South,Rohit Sharma,CN-Abrasive Discs 25pk,Consumables,Low,55,300,0.054,283.93,255,15616.15,1591.15,0
ORD-00291,2025-04-01,ACC-110,Fairview Depot,South,Rohit Sharma,PH-Bearing Puller Kit,Precision Hardware,High,8,5600,0.05,5321.95,3360,42575.6,15695.6,0
ORD-00291,2025-04-01,ACC-110,Fairview Depot,South,Rohit Sharma,FF-Stainless Fastener Pack,Fasteners & Fittings,Mid,19,1400,0.032,1354.84,980,25741.96,7121.96,0
ORD-00291,2025-04-01,ACC-110,Fairview Depot,South,Rohit Sharma,DG-Insulation Tester,Diagnostic Equipment,High,4,21000,0.089,19122.45,11550,76489.8,30289.8,0
ORD-00291,2025-04-01,ACC-110,Fairview Depot,South,Rohit Sharma,CM-Degreaser 5L,Cleaning & Maintenance,Low,14,480,0.031,465.3,413,6514.2,732.2,0
ORD-00291,2025-04-01,ACC-110,Fairview Depot,South,Rohit Sharma,SB-Safety Glasses 10pk,Safety Basics,Low,36,240,0.055,226.73,204,8162.28,818.28,0
ORD-00292,2025-05-23,ACC-110,Fairview Depot,South,Rohit Sharma,PH-Bearing Puller Kit,Precision Hardware,High,4,5600,0.056,5283.8,3360,21135.2,7695.2,0
ORD-00292,2025-05-23,ACC-110,Fairview Depot,South,Rohit Sharma,CM-Degreaser 5L,Cleaning & Maintenance,Low,9,480,0.089,437.3,413,3935.7,218.7,0
ORD-00292,2025-05-23,ACC-110,Fairview Depot,South,Rohit Sharma,SB-Safety Gloves 12pr,Safety Basics,Low,12,360,0.029,349.63,306,4195.56,523.56,0
ORD-00292,2025-05-23,ACC-110,Fairview Depot,South,Rohit Sharma,EA-Cable Gland Set,Electrical Accessories,Mid,11,1100,0.048,1047.41,770,11521.51,3051.51,0
ORD-00292,2025-05-23,ACC-110,Fairview Depot,South,Rohit Sharma,PT-Angle Grinder 900W,Power Tools,High,7,6400,0.027,6226.73,3712,43587.11,17603.11,0
ORD-00292,2025-05-23,ACC-110,Fairview Depot,South,Rohit Sharma,FF-Anchor Bolt Assortment,Fasteners & Fittings,Mid,16,900,0.064,842.11,630,13473.76,3393.76,0
ORD-00292,2025-05-23,ACC-110,Fairview Depot,South,Rohit Sharma,CN-Drill Bit Set,Consumables,Low,15,560,0.016,551.24,476,8268.6,1128.6,0
ORD-00292,2025-05-23,ACC-110,Fairview Depot,South,Rohit Sharma,DG-Insulation Tester,Diagnostic Equipment,High,2,21000,0.048,19986.27,11550,39972.54,16872.54,0
ORD-00293,2025-06-09,ACC-110,Fairview Depot,South,Rohit Sharma,FF-Anchor Bolt Assortment,Fasteners & Fittings,Mid,14,900,0.05,855.11,630,11971.54,3151.54,0
ORD-00293,2025-06-09,ACC-110,Fairview Depot,South,Rohit Sharma,SB-Safety Glasses 10pk,Safety Basics,Low,15,240,0.052,227.57,204,3413.55,353.55,0
ORD-00293,2025-06-09,ACC-110,Fairview Depot,South,Rohit Sharma,PH-Micrometer Set,Precision Hardware,High,4,4100,0.015,4038.37,2460,16153.48,6313.48,0
ORD-00293,2025-06-09,ACC-110,Fairview Depot,South,Rohit Sharma,PT-Angle Grinder 900W,Power Tools,High,7,6400,0.068,5964.39,3712,41750.73,15766.73,0
ORD-00294,2025-06-15,ACC-110,Fairview Depot,South,Rohit Sharma,DG-Digital Multimeter Pro,Diagnostic Equipment,High,3,12500,0.077,11539.62,6875,34618.86,13993.86,0
ORD-00294,2025-06-15,ACC-110,Fairview Depot,South,Rohit Sharma,CM-Degreaser 5L,Cleaning & Maintenance,Low,8,480,0.076,443.54,413,3548.32,244.32,0
ORD-00294,2025-06-15,ACC-110,Fairview Depot,South,Rohit Sharma,CN-Abrasive Discs 25pk,Consumables,Low,24,300,0.054,283.66,255,6807.84,687.84,0
ORD-00294,2025-06-15,ACC-110,Fairview Depot,South,Rohit Sharma,EA-MCB 32A,Electrical Accessories,Mid,14,650,0.057,613.15,455,8584.1,2214.1,0
ORD-00295,2025-07-05,ACC-110,Fairview Depot,South,Rohit Sharma,PH-Precision Torque Wrench,Precision Hardware,High,3,7300,0.064,6830.99,4380,20492.97,7352.97,0
ORD-00295,2025-07-05,ACC-110,Fairview Depot,South,Rohit Sharma,DG-Insulation Tester,Diagnostic Equipment,High,2,21000,0.068,19574.06,11550,39148.12,16048.12,0
ORD-00295,2025-07-05,ACC-110,Fairview Depot,South,Rohit Sharma,FF-Anchor Bolt Assortment,Fasteners & Fittings,Mid,17,900,0.077,830.78,630,14123.26,3413.26,0
ORD-00295,2025-07-05,ACC-110,Fairview Depot,South,Rohit Sharma,EA-Cable Gland Set,Electrical Accessories,Mid,10,1100,0.032,1064.57,770,10645.7,2945.7,0
ORD-00295,2025-07-05,ACC-110,Fairview Depot,South,Rohit Sharma,CM-Degreaser 5L,Cleaning & Maintenance,Low,8,480,0.076,443.6,413,3548.8,244.8,0
ORD-00295,2025-07-05,ACC-110,Fairview Depot,South,Rohit Sharma,PT-Rotary Hammer SDS,Power Tools,High,3,14800,0.014,14587.4,8584,43762.2,18010.2,0
ORD-00295,2025-07-05,ACC-110,Fairview Depot,South,Rohit Sharma,CN-Abrasive Discs 25pk,Consumables,Low,28,300,0.039,288.16,255,8068.48,928.48,0
ORD-00295,2025-07-05,ACC-110,Fairview Depot,South,Rohit Sharma,SB-Safety Glasses 10pk,Safety Basics,Low,19,240,0.043,229.76,204,4365.44,489.44,0
ORD-00296,2025-08-01,ACC-110,Fairview Depot,South,Rohit Sharma,EA-Cable Gland Set,Electrical Accessories,Mid,16,1100,0.015,1084.0,770,17344.0,5024.0,0
ORD-00296,2025-08-01,ACC-110,Fairview Depot,South,Rohit Sharma,PH-Bearing Puller Kit,Precision Hardware,High,6,5600,0.051,5317.01,3360,31902.06,11742.06,0
ORD-00296,2025-08-01,ACC-110,Fairview Depot,South,Rohit Sharma,PT-Cordless Drill 18V,Power Tools,High,9,9200,0.069,8561.51,5336,77053.59,29029.59,0
ORD-00296,2025-08-01,ACC-110,Fairview Depot,South,Rohit Sharma,CN-Cutting Blade 10pk,Consumables,Low,32,420,0.057,396.06,357,12673.92,1249.92,0
ORD-00296,2025-08-01,ACC-110,Fairview Depot,South,Rohit Sharma,CM-Shop Wipes Bulk,Cleaning & Maintenance,Low,25,260,0.075,240.38,224,6009.5,409.5,0
ORD-00296,2025-08-01,ACC-110,Fairview Depot,South,Rohit Sharma,FF-Anchor Bolt Assortment,Fasteners & Fittings,Mid,22,900,0.039,864.85,630,19026.7,5166.7,0
ORD-00296,2025-08-01,ACC-110,Fairview Depot,South,Rohit Sharma,SB-Safety Gloves 12pr,Safety Basics,Low,18,360,0.047,342.95,306,6173.1,665.1,0
ORD-00296,2025-08-01,ACC-110,Fairview Depot,South,Rohit Sharma,DG-Digital Multimeter Pro,Diagnostic Equipment,High,4,12500,0.065,11688.3,6875,46753.2,19253.2,0
ORD-00297,2025-09-26,ACC-110,Fairview Depot,South,Rohit Sharma,EA-MCB 32A,Electrical Accessories,Mid,33,650,0.034,628.2,455,20730.6,5715.6,0
ORD-00297,2025-09-26,ACC-110,Fairview Depot,South,Rohit Sharma,SB-Safety Glasses 10pk,Safety Basics,Low,36,240,0.022,234.67,204,8448.12,1104.12,0
ORD-00297,2025-09-26,ACC-110,Fairview Depot,South,Rohit Sharma,CM-Shop Wipes Bulk,Cleaning & Maintenance,Low,28,260,0.049,247.36,224,6926.08,654.08,0
ORD-00297,2025-09-26,ACC-110,Fairview Depot,South,Rohit Sharma,PT-Angle Grinder 900W,Power Tools,High,15,6400,0.021,6264.36,3712,93965.4,38285.4,0
ORD-00297,2025-09-26,ACC-110,Fairview Depot,South,Rohit Sharma,CN-Drill Bit Set,Consumables,Low,28,560,0.009,555.11,476,15543.08,2215.08,0
ORD-00297,2025-09-26,ACC-110,Fairview Depot,South,Rohit Sharma,DG-Digital Multimeter Pro,Diagnostic Equipment,High,6,12500,0.056,11803.6,6875,70821.6,29571.6,0
ORD-00297,2025-09-26,ACC-110,Fairview Depot,South,Rohit Sharma,FF-Anchor Bolt Assortment,Fasteners & Fittings,Mid,28,900,0.079,828.84,630,23207.52,5567.52,0
ORD-00297,2025-09-26,ACC-110,Fairview Depot,South,Rohit Sharma,PH-Bearing Puller Kit,Precision Hardware,High,8,5600,0.064,5242.49,3360,41939.92,15059.92,0
ORD-00298,2025-10-08,ACC-110,Fairview Depot,South,Rohit Sharma,CM-Degreaser 5L,Cleaning & Maintenance,Low,17,480,0.076,443.55,413,7540.35,519.35,0
ORD-00298,2025-10-08,ACC-110,Fairview Depot,South,Rohit Sharma,PH-Precision Torque Wrench,Precision Hardware,High,6,7300,0.061,6853.71,4380,41122.26,14842.26,0
ORD-00298,2025-10-08,ACC-110,Fairview Depot,South,Rohit Sharma,PT-Rotary Hammer SDS,Power Tools,High,6,14800,0.004,14736.4,8584,88418.4,36914.4,0
ORD-00298,2025-10-08,ACC-110,Fairview Depot,South,Rohit Sharma,DG-Insulation Tester,Diagnostic Equipment,High,4,21000,0.009,20813.43,11550,83253.72,37053.72,0
ORD-00298,2025-10-08,ACC-110,Fairview Depot,South,Rohit Sharma,FF-Stainless Fastener Pack,Fasteners & Fittings,Mid,18,1400,0.02,1371.5,980,24687.0,7047.0,0
ORD-00298,2025-10-08,ACC-110,Fairview Depot,South,Rohit Sharma,CN-Abrasive Discs 25pk,Consumables,Low,52,300,0.021,293.68,255,15271.36,2011.36,0
ORD-00298,2025-10-08,ACC-110,Fairview Depot,South,Rohit Sharma,EA-Cable Gland Set,Electrical Accessories,Mid,19,1100,0.048,1047.69,770,19906.11,5276.11,0
ORD-00298,2025-10-08,ACC-110,Fairview Depot,South,Rohit Sharma,SB-Safety Gloves 12pr,Safety Basics,Low,22,360,0.085,329.53,306,7249.66,517.66,0
ORD-00299,2025-11-05,ACC-110,Fairview Depot,South,Rohit Sharma,EA-Cable Gland Set,Electrical Accessories,Mid,19,1100,0.029,1068.41,770,20299.79,5669.79,0
ORD-00299,2025-11-05,ACC-110,Fairview Depot,South,Rohit Sharma,CM-Degreaser 5L,Cleaning & Maintenance,Low,15,480,0.039,461.1,413,6916.5,721.5,0
ORD-00299,2025-11-05,ACC-110,Fairview Depot,South,Rohit Sharma,SB-Safety Glasses 10pk,Safety Basics,Low,32,240,0.04,230.52,204,7376.64,848.64,0
ORD-00299,2025-11-05,ACC-110,Fairview Depot,South,Rohit Sharma,DG-Digital Multimeter Pro,Diagnostic Equipment,High,6,12500,0.057,11790.71,6875,70744.26,29494.26,0
ORD-00299,2025-11-05,ACC-110,Fairview Depot,South,Rohit Sharma,PT-Cordless Drill 18V,Power Tools,High,10,9200,0.056,8684.14,5336,86841.4,33481.4,0
ORD-00299,2025-11-05,ACC-110,Fairview Depot,South,Rohit Sharma,CN-Drill Bit Set,Consumables,Low,32,560,0.054,529.68,476,16949.76,1717.76,0
ORD-00299,2025-11-05,ACC-110,Fairview Depot,South,Rohit Sharma,PH-Bearing Puller Kit,Precision Hardware,High,7,5600,0.058,5276.73,3360,36937.11,13417.11,0
ORD-00299,2025-11-05,ACC-110,Fairview Depot,South,Rohit Sharma,FF-Stainless Fastener Pack,Fasteners & Fittings,Mid,19,1400,0.079,1289.14,980,24493.66,5873.66,0
ORD-00300,2025-12-16,ACC-110,Fairview Depot,South,Rohit Sharma,PH-Bearing Puller Kit,Precision Hardware,High,8,5600,0.075,5180.61,3360,41444.88,14564.88,0
ORD-00300,2025-12-16,ACC-110,Fairview Depot,South,Rohit Sharma,SB-Safety Gloves 12pr,Safety Basics,Low,24,360,0.037,346.51,306,8316.24,972.24,0
ORD-00300,2025-12-16,ACC-110,Fairview Depot,South,Rohit Sharma,CM-Shop Wipes Bulk,Cleaning & Maintenance,Low,28,260,0.015,255.98,224,7167.44,895.44,0
ORD-00300,2025-12-16,ACC-110,Fairview Depot,South,Rohit Sharma,FF-Stainless Fastener Pack,Fasteners & Fittings,Mid,19,1400,0.02,1371.63,980,26060.97,7440.97,0
ORD-00300,2025-12-16,ACC-110,Fairview Depot,South,Rohit Sharma,DG-Digital Multimeter Pro,Diagnostic Equipment,High,6,12500,0.062,11722.03,6875,70332.18,29082.18,0
ORD-00300,2025-12-16,ACC-110,Fairview Depot,South,Rohit Sharma,PT-Rotary Hammer SDS,Power Tools,High,7,14800,0.04,14214.15,8584,99499.05,39411.05,0
ORD-00300,2025-12-16,ACC-110,Fairview Depot,South,Rohit Sharma,CN-Abrasive Discs 25pk,Consumables,Low,57,300,0.025,292.37,255,16665.09,2130.09,0
ORD-00300,2025-12-16,ACC-110,Fairview Depot,South,Rohit Sharma,EA-MCB 32A,Electrical Accessories,Mid,32,650,0.085,594.79,455,19033.28,4473.28,0
ORD-00301,2026-01-10,ACC-110,Fairview Depot,South,Rohit Sharma,DG-Thermal Imager,Diagnostic Equipment,High,2,38000,0.043,36366.97,20900,72733.94,30933.94,0
ORD-00301,2026-01-10,ACC-110,Fairview Depot,South,Rohit Sharma,PT-Cordless Drill 18V,Power Tools,High,10,9200,0.067,8579.52,5336,85795.2,32435.2,0
ORD-00301,2026-01-10,ACC-110,Fairview Depot,South,Rohit Sharma,CN-Drill Bit Set,Consumables,Low,33,560,0.056,528.38,476,17436.54,1728.54,0
ORD-00301,2026-01-10,ACC-110,Fairview Depot,South,Rohit Sharma,PH-Bearing Puller Kit,Precision Hardware,High,7,5600,0.035,5405.31,3360,37837.17,14317.17,0
ORD-00301,2026-01-10,ACC-110,Fairview Depot,South,Rohit Sharma,FF-Anchor Bolt Assortment,Fasteners & Fittings,Mid,27,900,0.059,846.53,630,22856.31,5846.31,0
ORD-00301,2026-01-10,ACC-110,Fairview Depot,South,Rohit Sharma,EA-MCB 32A,Electrical Accessories,Mid,34,650,0.027,632.62,455,21509.08,6039.08,0
ORD-00301,2026-01-10,ACC-110,Fairview Depot,South,Rohit Sharma,CM-Degreaser 5L,Cleaning & Maintenance,Low,17,480,0.055,453.54,413,7710.18,689.18,0
ORD-00301,2026-01-10,ACC-110,Fairview Depot,South,Rohit Sharma,SB-Safety Glasses 10pk,Safety Basics,Low,34,240,0.086,219.32,204,7456.88,520.88,0
ORD-00302,2026-02-09,ACC-110,Fairview Depot,South,Rohit Sharma,CM-Degreaser 5L,Cleaning & Maintenance,Low,16,480,0.026,467.44,413,7479.04,871.04,0
ORD-00302,2026-02-09,ACC-110,Fairview Depot,South,Rohit Sharma,DG-Digital Multimeter Pro,Diagnostic Equipment,High,6,12500,0.064,11700.55,6875,70203.3,28953.3,0
ORD-00302,2026-02-09,ACC-110,Fairview Depot,South,Rohit Sharma,CN-Drill Bit Set,Consumables,Low,33,560,0.055,529.36,476,17468.88,1760.88,0
ORD-00302,2026-02-09,ACC-110,Fairview Depot,South,Rohit Sharma,PH-Precision Torque Wrench,Precision Hardware,High,6,7300,0.047,6957.89,4380,41747.34,15467.34,0
ORD-00302,2026-02-09,ACC-110,Fairview Depot,South,Rohit Sharma,EA-MCB 32A,Electrical Accessories,Mid,36,650,0.067,606.27,455,21825.72,5445.72,0
ORD-00302,2026-02-09,ACC-110,Fairview Depot,South,Rohit Sharma,FF-Anchor Bolt Assortment,Fasteners & Fittings,Mid,28,900,0.029,873.77,630,24465.56,6825.56,0
ORD-00302,2026-02-09,ACC-110,Fairview Depot,South,Rohit Sharma,SB-Safety Gloves 12pr,Safety Basics,Low,23,360,0.059,338.62,306,7788.26,750.26,0
ORD-00302,2026-02-09,ACC-110,Fairview Depot,South,Rohit Sharma,PT-Angle Grinder 900W,Power Tools,High,14,6400,0.048,6093.04,3712,85302.56,33334.56,0
ORD-00303,2026-03-15,ACC-110,Fairview Depot,South,Rohit Sharma,FF-Anchor Bolt Assortment,Fasteners & Fittings,Mid,28,900,0.026,876.33,630,24537.24,6897.24,0
ORD-00303,2026-03-15,ACC-110,Fairview Depot,South,Rohit Sharma,PT-Angle Grinder 900W,Power Tools,High,15,6400,0.054,6052.64,3712,90789.6,35109.6,0
ORD-00303,2026-03-15,ACC-110,Fairview Depot,South,Rohit Sharma,SB-Safety Gloves 12pr,Safety Basics,Low,24,360,0.045,343.86,306,8252.64,908.64,0
ORD-00303,2026-03-15,ACC-110,Fairview Depot,South,Rohit Sharma,PH-Micrometer Set,Precision Hardware,High,10,4100,0.035,3955.76,2460,39557.6,14957.6,0
ORD-00303,2026-03-15,ACC-110,Fairview Depot,South,Rohit Sharma,CN-Drill Bit Set,Consumables,Low,31,560,0.057,528.27,476,16376.37,1620.37,0
ORD-00303,2026-03-15,ACC-110,Fairview Depot,South,Rohit Sharma,CM-Shop Wipes Bulk,Cleaning & Maintenance,Low,26,260,0.068,242.33,224,6300.58,476.58,0
ORD-00303,2026-03-15,ACC-110,Fairview Depot,South,Rohit Sharma,EA-MCB 32A,Electrical Accessories,Mid,33,650,0.059,611.57,455,20181.81,5166.81,0
ORD-00303,2026-03-15,ACC-110,Fairview Depot,South,Rohit Sharma,DG-Insulation Tester,Diagnostic Equipment,High,4,21000,0.016,20663.2,11550,82652.8,36452.8,0
ORD-00304,2026-04-23,ACC-110,Fairview Depot,South,Rohit Sharma,PH-Micrometer Set,Precision Hardware,High,10,4100,0.061,3850.78,2460,38507.8,13907.8,0
ORD-00304,2026-04-23,ACC-110,Fairview Depot,South,Rohit Sharma,SB-Safety Gloves 12pr,Safety Basics,Low,22,360,0.079,331.71,306,7297.62,565.62,0
ORD-00304,2026-04-23,ACC-110,Fairview Depot,South,Rohit Sharma,CM-Shop Wipes Bulk,Cleaning & Maintenance,Low,26,260,0.012,256.88,224,6678.88,854.88,0
ORD-00304,2026-04-23,ACC-110,Fairview Depot,South,Rohit Sharma,PT-Angle Grinder 900W,Power Tools,High,16,6400,0.039,6148.98,3712,98383.68,38991.68,0
ORD-00304,2026-04-23,ACC-110,Fairview Depot,South,Rohit Sharma,CN-Cutting Blade 10pk,Consumables,Low,43,420,0.03,407.38,357,17517.34,2166.34,0
ORD-00304,2026-04-23,ACC-110,Fairview Depot,South,Rohit Sharma,EA-MCB 32A,Electrical Accessories,Mid,35,650,0.076,600.67,455,21023.45,5098.45,0
ORD-00304,2026-04-23,ACC-110,Fairview Depot,South,Rohit Sharma,FF-Anchor Bolt Assortment,Fasteners & Fittings,Mid,31,900,0.037,866.96,630,26875.76,7345.76,0
ORD-00304,2026-04-23,ACC-110,Fairview Depot,South,Rohit Sharma,DG-Insulation Tester,Diagnostic Equipment,High,4,21000,0.042,20109.57,11550,80438.28,34238.28,0
ORD-00305,2026-05-01,ACC-110,Fairview Depot,South,Rohit Sharma,CM-Shop Wipes Bulk,Cleaning & Maintenance,Low,28,260,0.063,243.57,224,6819.96,547.96,0
ORD-00305,2026-05-01,ACC-110,Fairview Depot,South,Rohit Sharma,FF-Anchor Bolt Assortment,Fasteners & Fittings,Mid,31,900,0.012,888.78,630,27552.18,8022.18,0
ORD-00305,2026-05-01,ACC-110,Fairview Depot,South,Rohit Sharma,SB-Safety Glasses 10pk,Safety Basics,Low,32,240,0.037,231.07,204,7394.24,866.24,0
ORD-00305,2026-05-01,ACC-110,Fairview Depot,South,Rohit Sharma,DG-Digital Multimeter Pro,Diagnostic Equipment,High,6,12500,0.064,11704.34,6875,70226.04,28976.04,0
ORD-00306,2026-05-17,ACC-110,Fairview Depot,South,Rohit Sharma,PT-Cordless Drill 18V,Power Tools,High,10,9200,0.044,8793.25,5336,87932.5,34572.5,0
ORD-00306,2026-05-17,ACC-110,Fairview Depot,South,Rohit Sharma,CN-Cutting Blade 10pk,Consumables,Low,36,420,0.041,402.96,357,14506.56,1654.56,0
ORD-00306,2026-05-17,ACC-110,Fairview Depot,South,Rohit Sharma,PH-Bearing Puller Kit,Precision Hardware,High,7,5600,0.059,5267.32,3360,36871.24,13351.24,0
ORD-00306,2026-05-17,ACC-110,Fairview Depot,South,Rohit Sharma,EA-MCB 32A,Electrical Accessories,Mid,30,650,0.055,614.01,455,18420.3,4770.3,0
ORD-00307,2026-06-20,ACC-110,Fairview Depot,South,Rohit Sharma,DG-Thermal Imager,Diagnostic Equipment,High,2,38000,0.009,37668.69,20900,75337.38,33537.38,0
ORD-00307,2026-06-20,ACC-110,Fairview Depot,South,Rohit Sharma,SB-Safety Gloves 12pr,Safety Basics,Low,26,360,0.067,336.02,306,8736.52,780.52,0
ORD-00307,2026-06-20,ACC-110,Fairview Depot,South,Rohit Sharma,CN-Drill Bit Set,Consumables,Low,33,560,0.035,540.15,476,17824.95,2116.95,0
ORD-00307,2026-06-20,ACC-110,Fairview Depot,South,Rohit Sharma,FF-Stainless Fastener Pack,Fasteners & Fittings,Mid,18,1400,0.038,1346.53,980,24237.54,6597.54,0
ORD-00307,2026-06-20,ACC-110,Fairview Depot,South,Rohit Sharma,PT-Cordless Drill 18V,Power Tools,High,11,9200,0.049,8748.09,5336,96228.99,37532.99,0
ORD-00307,2026-06-20,ACC-110,Fairview Depot,South,Rohit Sharma,PH-Micrometer Set,Precision Hardware,High,10,4100,0.074,3794.83,2460,37948.3,13348.3,0
ORD-00307,2026-06-20,ACC-110,Fairview Depot,South,Rohit Sharma,EA-MCB 32A,Electrical Accessories,Mid,34,650,0.066,607.24,455,20646.16,5176.16,0
ORD-00307,2026-06-20,ACC-110,Fairview Depot,South,Rohit Sharma,CM-Shop Wipes Bulk,Cleaning & Maintenance,Low,31,260,0.041,249.42,224,7732.02,788.02,0
ORD-00308,2026-07-02,ACC-110,Fairview Depot,South,Rohit Sharma,EA-MCB 32A,Electrical Accessories,Mid,33,650,0.024,634.39,455,20934.87,5919.87,0
ORD-00308,2026-07-02,ACC-110,Fairview Depot,South,Rohit Sharma,SB-Safety Gloves 12pr,Safety Basics,Low,23,360,0.058,338.94,306,7795.62,757.62,0
ORD-00308,2026-07-02,ACC-110,Fairview Depot,South,Rohit Sharma,FF-Anchor Bolt Assortment,Fasteners & Fittings,Mid,31,900,0.041,862.71,630,26744.01,7214.01,0
ORD-00308,2026-07-02,ACC-110,Fairview Depot,South,Rohit Sharma,DG-Digital Multimeter Pro,Diagnostic Equipment,High,6,12500,0.058,11780.68,6875,70684.08,29434.08,0
ORD-00309,2026-07-19,ACC-110,Fairview Depot,South,Rohit Sharma,CN-Cutting Blade 10pk,Consumables,Low,36,420,0.042,402.48,357,14489.28,1637.28,0
ORD-00309,2026-07-19,ACC-110,Fairview Depot,South,Rohit Sharma,PH-Micrometer Set,Precision Hardware,High,11,4100,0.066,3829.21,2460,42121.31,15061.31,0
ORD-00309,2026-07-19,ACC-110,Fairview Depot,South,Rohit Sharma,CM-Degreaser 5L,Cleaning & Maintenance,Low,15,480,0.053,454.75,413,6821.25,626.25,0
ORD-00309,2026-07-19,ACC-110,Fairview Depot,South,Rohit Sharma,PT-Angle Grinder 900W,Power Tools,High,16,6400,0.064,5990.81,3712,95852.96,36460.96,0
ORD-00310,2026-08-19,ACC-110,Fairview Depot,South,Rohit Sharma,DG-Digital Multimeter Pro,Diagnostic Equipment,High,6,12500,0.048,11896.83,6875,71380.98,30130.98,0
ORD-00310,2026-08-19,ACC-110,Fairview Depot,South,Rohit Sharma,FF-Stainless Fastener Pack,Fasteners & Fittings,Mid,19,1400,0.09,1273.63,980,24198.97,5578.97,0
ORD-00310,2026-08-19,ACC-110,Fairview Depot,South,Rohit Sharma,CM-Shop Wipes Bulk,Cleaning & Maintenance,Low,25,260,0.021,254.45,224,6361.25,761.25,0
ORD-00310,2026-08-19,ACC-110,Fairview Depot,South,Rohit Sharma,SB-Safety Gloves 12pr,Safety Basics,Low,24,360,0.014,354.81,306,8515.44,1171.44,0
ORD-00310,2026-08-19,ACC-110,Fairview Depot,South,Rohit Sharma,EA-MCB 32A,Electrical Accessories,Mid,31,650,0.057,613.06,455,19004.86,4899.86,0
ORD-00310,2026-08-19,ACC-110,Fairview Depot,South,Rohit Sharma,PT-Cordless Drill 18V,Power Tools,High,11,9200,0.059,8660.71,5336,95267.81,36571.81,0
ORD-00310,2026-08-19,ACC-110,Fairview Depot,South,Rohit Sharma,PH-Bearing Puller Kit,Precision Hardware,High,8,5600,0.071,5201.01,3360,41608.08,14728.08,0
ORD-00310,2026-08-19,ACC-110,Fairview Depot,South,Rohit Sharma,CN-Drill Bit Set,Consumables,Low,26,560,0.01,554.36,476,14413.36,2037.36,0
ORD-00311,2024-09-17,ACC-111,Oakridge Traders,West,Anil Kumar,SB-Safety Glasses 10pk,Safety Basics,Low,63,240,0.065,224.5,204,14143.5,1291.5,0
ORD-00311,2024-09-17,ACC-111,Oakridge Traders,West,Anil Kumar,CN-Cutting Blade 10pk,Consumables,Low,60,420,0.016,413.27,357,24796.2,3376.2,0
ORD-00311,2024-09-17,ACC-111,Oakridge Traders,West,Anil Kumar,CM-Shop Wipes Bulk,Cleaning & Maintenance,Low,45,260,0.069,242.17,224,10897.65,817.65,0
ORD-00311,2024-09-17,ACC-111,Oakridge Traders,West,Anil Kumar,PH-Bearing Puller Kit,Precision Hardware,High,5,5600,0.015,5513.89,3360,27569.45,10769.45,0
ORD-00312,2024-09-18,ACC-111,Oakridge Traders,West,Anil Kumar,DG-Digital Multimeter Pro,Diagnostic Equipment,High,2,12500,0.055,11813.73,6875,23627.46,9877.46,0
ORD-00312,2024-09-18,ACC-111,Oakridge Traders,West,Anil Kumar,FF-Anchor Bolt Assortment,Fasteners & Fittings,Mid,36,900,0.061,844.81,630,30413.16,7733.16,0
ORD-00312,2024-09-18,ACC-111,Oakridge Traders,West,Anil Kumar,PT-Cordless Drill 18V,Power Tools,High,5,9200,0.084,8429.05,5336,42145.25,15465.25,0
ORD-00312,2024-09-18,ACC-111,Oakridge Traders,West,Anil Kumar,EA-Cable Gland Set,Electrical Accessories,Mid,25,1100,0.041,1054.6,770,26365.0,7115.0,0
ORD-00313,2024-10-07,ACC-111,Oakridge Traders,West,Anil Kumar,PH-Bearing Puller Kit,Precision Hardware,High,6,5600,0.048,5330.83,3360,31984.98,11824.98,0
ORD-00313,2024-10-07,ACC-111,Oakridge Traders,West,Anil Kumar,PT-Cordless Drill 18V,Power Tools,High,5,9200,0.082,8446.07,5336,42230.35,15550.35,0
ORD-00313,2024-10-07,ACC-111,Oakridge Traders,West,Anil Kumar,DG-Thermal Imager,Diagnostic Equipment,High,1,38000,0.018,37301.4,20900,37301.4,16401.4,0
ORD-00313,2024-10-07,ACC-111,Oakridge Traders,West,Anil Kumar,CN-Drill Bit Set,Consumables,Low,51,560,0.017,550.73,476,28087.23,3811.23,0
ORD-00314,2024-10-25,ACC-111,Oakridge Traders,West,Anil Kumar,CM-Shop Wipes Bulk,Cleaning & Maintenance,Low,45,260,0.055,245.74,224,11058.3,978.3,0
ORD-00314,2024-10-25,ACC-111,Oakridge Traders,West,Anil Kumar,SB-Safety Glasses 10pk,Safety Basics,Low,61,240,0.016,236.07,204,14400.27,1956.27,0
ORD-00314,2024-10-25,ACC-111,Oakridge Traders,West,Anil Kumar,EA-MCB 32A,Electrical Accessories,Mid,43,650,0.063,608.94,455,26184.42,6619.42,0
ORD-00314,2024-10-25,ACC-111,Oakridge Traders,West,Anil Kumar,FF-Stainless Fastener Pack,Fasteners & Fittings,Mid,23,1400,0.054,1324.99,980,30474.77,7934.77,0
ORD-00315,2024-11-22,ACC-111,Oakridge Traders,West,Anil Kumar,SB-Safety Gloves 12pr,Safety Basics,Low,41,360,0.052,341.38,306,13996.58,1450.58,0
ORD-00315,2024-11-22,ACC-111,Oakridge Traders,West,Anil Kumar,PH-Bearing Puller Kit,Precision Hardware,High,6,5600,0.074,5186.01,3360,31116.06,10956.06,0
ORD-00315,2024-11-22,ACC-111,Oakridge Traders,West,Anil Kumar,FF-Stainless Fastener Pack,Fasteners & Fittings,Mid,22,1400,0.07,1302.68,980,28658.96,7098.96,0
ORD-00315,2024-11-22,ACC-111,Oakridge Traders,West,Anil Kumar,CN-Drill Bit Set,Consumables,Low,45,560,0.065,523.4,476,23553.0,2133.0,0
ORD-00315,2024-11-22,ACC-111,Oakridge Traders,West,Anil Kumar,CM-Shop Wipes Bulk,Cleaning & Maintenance,Low,51,260,0.036,250.56,224,12778.56,1354.56,0
ORD-00315,2024-11-22,ACC-111,Oakridge Traders,West,Anil Kumar,DG-Digital Multimeter Pro,Diagnostic Equipment,High,2,12500,0.075,11563.27,6875,23126.54,9376.54,0
ORD-00315,2024-11-22,ACC-111,Oakridge Traders,West,Anil Kumar,PT-Cordless Drill 18V,Power Tools,High,5,9200,0.027,8952.2,5336,44761.0,18081.0,0
ORD-00315,2024-11-22,ACC-111,Oakridge Traders,West,Anil Kumar,EA-MCB 32A,Electrical Accessories,Mid,41,650,0.032,628.95,455,25786.95,7131.95,0
ORD-00316,2024-12-04,ACC-111,Oakridge Traders,West,Anil Kumar,DG-Digital Multimeter Pro,Diagnostic Equipment,High,2,12500,0.059,11762.42,6875,23524.84,9774.84,0
ORD-00316,2024-12-04,ACC-111,Oakridge Traders,West,Anil Kumar,SB-Safety Gloves 12pr,Safety Basics,Low,40,360,0.017,353.97,306,14158.8,1918.8,0
ORD-00316,2024-12-04,ACC-111,Oakridge Traders,West,Anil Kumar,PH-Bearing Puller Kit,Precision Hardware,High,5,5600,0.027,5449.17,3360,27245.85,10445.85,0
ORD-00316,2024-12-04,ACC-111,Oakridge Traders,West,Anil Kumar,EA-MCB 32A,Electrical Accessories,Mid,38,650,0.038,625.54,455,23770.52,6480.52,0
ORD-00316,2024-12-04,ACC-111,Oakridge Traders,West,Anil Kumar,PT-Cordless Drill 18V,Power Tools,High,5,9200,0.012,9086.62,5336,45433.1,18753.1,0
ORD-00316,2024-12-04,ACC-111,Oakridge Traders,West,Anil Kumar,CM-Shop Wipes Bulk,Cleaning & Maintenance,Low,47,260,0.061,244.02,224,11468.94,940.94,0
ORD-00316,2024-12-04,ACC-111,Oakridge Traders,West,Anil Kumar,FF-Stainless Fastener Pack,Fasteners & Fittings,Mid,21,1400,0.053,1326.04,980,27846.84,7266.84,0
ORD-00316,2024-12-04,ACC-111,Oakridge Traders,West,Anil Kumar,CN-Cutting Blade 10pk,Consumables,Low,74,420,0.089,382.5,357,28305.0,1887.0,0
ORD-00317,2025-01-16,ACC-111,Oakridge Traders,West,Anil Kumar,PT-Rotary Hammer SDS,Power Tools,High,3,14800,0.049,14073.77,8584,42221.31,16469.31,0
ORD-00317,2025-01-16,ACC-111,Oakridge Traders,West,Anil Kumar,CM-Degreaser 5L,Cleaning & Maintenance,Low,28,480,0.039,461.06,413,12909.68,1345.68,0
ORD-00317,2025-01-16,ACC-111,Oakridge Traders,West,Anil Kumar,DG-Thermal Imager,Diagnostic Equipment,High,1,38000,0.032,36794.76,20900,36794.76,15894.76,0
ORD-00317,2025-01-16,ACC-111,Oakridge Traders,West,Anil Kumar,CN-Abrasive Discs 25pk,Consumables,Low,99,300,0.081,275.68,255,27292.32,2047.32,0
ORD-00317,2025-01-16,ACC-111,Oakridge Traders,West,Anil Kumar,FF-Anchor Bolt Assortment,Fasteners & Fittings,Mid,37,900,0.058,847.68,630,31364.16,8054.16,0
ORD-00317,2025-01-16,ACC-111,Oakridge Traders,West,Anil Kumar,SB-Safety Gloves 12pr,Safety Basics,Low,42,360,0.064,336.91,306,14150.22,1298.22,0
ORD-00317,2025-01-16,ACC-111,Oakridge Traders,West,Anil Kumar,PH-Precision Torque Wrench,Precision Hardware,High,4,7300,0.038,7024.6,4380,28098.4,10578.4,0
ORD-00317,2025-01-16,ACC-111,Oakridge Traders,West,Anil Kumar,EA-Cable Gland Set,Electrical Accessories,Mid,25,1100,0.035,1060.96,770,26524.0,7274.0,0
ORD-00319,2025-02-20,ACC-111,Oakridge Traders,West,Anil Kumar,PT-Angle Grinder 900W,Power Tools,High,7,6400,0.042,6132.37,3712,42926.59,16942.59,0
ORD-00319,2025-02-20,ACC-111,Oakridge Traders,West,Anil Kumar,PH-Precision Torque Wrench,Precision Hardware,High,4,7300,0.033,7057.85,4380,28231.4,10711.4,0
ORD-00319,2025-02-20,ACC-111,Oakridge Traders,West,Anil Kumar,FF-Anchor Bolt Assortment,Fasteners & Fittings,Mid,33,900,0.042,862.26,630,28454.58,7664.58,0
ORD-00319,2025-02-20,ACC-111,Oakridge Traders,West,Anil Kumar,DG-Digital Multimeter Pro,Diagnostic Equipment,High,3,12500,0.076,11548.6,6875,34645.8,14020.8,0
ORD-00318,2025-02-22,ACC-111,Oakridge Traders,West,Anil Kumar,EA-MCB 32A,Electrical Accessories,Mid,38,650,0.043,621.95,455,23634.1,6344.1,0
ORD-00318,2025-02-22,ACC-111,Oakridge Traders,West,Anil Kumar,SB-Safety Gloves 12pr,Safety Basics,Low,49,360,0.08,331.07,306,16222.43,1228.43,0
ORD-00318,2025-02-22,ACC-111,Oakridge Traders,West,Anil Kumar,CN-Abrasive Discs 25pk,Consumables,Low,85,300,0.033,290.05,255,24654.25,2979.25,0
ORD-00318,2025-02-22,ACC-111,Oakridge Traders,West,Anil Kumar,CM-Degreaser 5L,Cleaning & Maintenance,Low,25,480,0.079,442.14,413,11053.5,728.5,0
ORD-00320,2025-03-07,ACC-111,Oakridge Traders,West,Anil Kumar,EA-Cable Gland Set,Electrical Accessories,Mid,23,1100,0.066,1027.53,770,23633.19,5923.19,0
ORD-00320,2025-03-07,ACC-111,Oakridge Traders,West,Anil Kumar,SB-Safety Glasses 10pk,Safety Basics,Low,66,240,0.058,226.05,204,14919.3,1455.3,0
ORD-00320,2025-03-07,ACC-111,Oakridge Traders,West,Anil Kumar,FF-Stainless Fastener Pack,Fasteners & Fittings,Mid,24,1400,0.042,1341.46,980,32195.04,8675.04,0
ORD-00320,2025-03-07,ACC-111,Oakridge Traders,West,Anil Kumar,PT-Rotary Hammer SDS,Power Tools,High,3,14800,0.022,14469.85,8584,43409.55,17657.55,0
ORD-00320,2025-03-07,ACC-111,Oakridge Traders,West,Anil Kumar,PH-Precision Torque Wrench,Precision Hardware,High,4,7300,0.053,6914.3,4380,27657.2,10137.2,0
ORD-00320,2025-03-07,ACC-111,Oakridge Traders,West,Anil Kumar,CN-Drill Bit Set,Consumables,Low,45,560,0.03,543.43,476,24454.35,3034.35,0
ORD-00320,2025-03-07,ACC-111,Oakridge Traders,West,Anil Kumar,CM-Degreaser 5L,Cleaning & Maintenance,Low,26,480,0.072,445.41,413,11580.66,842.66,0
ORD-00320,2025-03-07,ACC-111,Oakridge Traders,West,Anil Kumar,DG-Thermal Imager,Diagnostic Equipment,High,1,38000,0.048,36168.23,20900,36168.23,15268.23,0
ORD-00321,2025-04-01,ACC-111,Oakridge Traders,West,Anil Kumar,PH-Bearing Puller Kit,Precision Hardware,High,6,5600,0.023,5468.51,3360,32811.06,12651.06,0
ORD-00321,2025-04-01,ACC-111,Oakridge Traders,West,Anil Kumar,CM-Shop Wipes Bulk,Cleaning & Maintenance,Low,51,260,0.063,243.65,224,12426.15,1002.15,0
ORD-00321,2025-04-01,ACC-111,Oakridge Traders,West,Anil Kumar,CN-Drill Bit Set,Consumables,Low,51,560,0.028,544.48,476,27768.48,3492.48,0
ORD-00321,2025-04-01,ACC-111,Oakridge Traders,West,Anil Kumar,FF-Anchor Bolt Assortment,Fasteners & Fittings,Mid,38,900,0.076,831.31,630,31589.78,7649.78,0
ORD-00321,2025-04-01,ACC-111,Oakridge Traders,West,Anil Kumar,PT-Cordless Drill 18V,Power Tools,High,5,9200,0.051,8728.81,5336,43644.05,16964.05,0
ORD-00321,2025-04-01,ACC-111,Oakridge Traders,West,Anil Kumar,DG-Digital Multimeter Pro,Diagnostic Equipment,High,3,12500,0.031,12112.68,6875,36338.04,15713.04,0
ORD-00321,2025-04-01,ACC-111,Oakridge Traders,West,Anil Kumar,SB-Safety Gloves 12pr,Safety Basics,Low,45,360,0.071,334.27,306,15042.15,1272.15,0
ORD-00321,2025-04-01,ACC-111,Oakridge Traders,West,Anil Kumar,EA-Cable Gland Set,Electrical Accessories,Mid,25,1100,0.072,1021.21,770,25530.25,6280.25,0
ORD-00322,2025-05-15,ACC-111,Oakridge Traders,West,Anil Kumar,CN-Cutting Blade 10pk,Consumables,Low,67,420,0.084,384.79,357,25780.93,1861.93,0
ORD-00322,2025-05-15,ACC-111,Oakridge Traders,West,Anil Kumar,SB-Safety Gloves 12pr,Safety Basics,Low,44,360,0.085,329.42,306,14494.48,1030.48,0
ORD-00322,2025-05-15,ACC-111,Oakridge Traders,West,Anil Kumar,EA-MCB 32A,Electrical Accessories,Mid,37,650,0.008,644.55,455,23848.35,7013.35,0
ORD-00322,2025-05-15,ACC-111,Oakridge Traders,West,Anil Kumar,PT-Cordless Drill 18V,Power Tools,High,5,9200,0.022,9000.06,5336,45000.3,18320.3,0
ORD-00322,2025-05-15,ACC-111,Oakridge Traders,West,Anil Kumar,CM-Degreaser 5L,Cleaning & Maintenance,Low,25,480,0.061,450.65,413,11266.25,941.25,0
ORD-00322,2025-05-15,ACC-111,Oakridge Traders,West,Anil Kumar,FF-Anchor Bolt Assortment,Fasteners & Fittings,Mid,38,900,0.069,838.22,630,31852.36,7912.36,0
ORD-00322,2025-05-15,ACC-111,Oakridge Traders,West,Anil Kumar,DG-Thermal Imager,Diagnostic Equipment,High,1,38000,0.076,35110.85,20900,35110.85,14210.85,0
ORD-00322,2025-05-15,ACC-111,Oakridge Traders,West,Anil Kumar,PH-Precision Torque Wrench,Precision Hardware,High,4,7300,0.043,6989.35,4380,27957.4,10437.4,0
ORD-00323,2025-06-01,ACC-111,Oakridge Traders,West,Anil Kumar,EA-Cable Gland Set,Electrical Accessories,Mid,23,1100,0.082,1009.96,770,23229.08,5519.08,0
ORD-00323,2025-06-01,ACC-111,Oakridge Traders,West,Anil Kumar,CN-Cutting Blade 10pk,Consumables,Low,68,420,0.064,392.95,357,26720.6,2444.6,0
ORD-00323,2025-06-01,ACC-111,Oakridge Traders,West,Anil Kumar,PH-Precision Torque Wrench,Precision Hardware,High,4,7300,0.017,7174.82,4380,28699.28,11179.28,0
ORD-00323,2025-06-01,ACC-111,Oakridge Traders,West,Anil Kumar,CM-Shop Wipes Bulk,Cleaning & Maintenance,Low,43,260,0.07,241.71,224,10393.53,761.53,0
ORD-00323,2025-06-01,ACC-111,Oakridge Traders,West,Anil Kumar,SB-Safety Gloves 12pr,Safety Basics,Low,43,360,0.053,340.93,306,14659.99,1501.99,0
ORD-00323,2025-06-01,ACC-111,Oakridge Traders,West,Anil Kumar,FF-Anchor Bolt Assortment,Fasteners & Fittings,Mid,35,900,0.007,894.03,630,31291.05,9241.05,0
ORD-00323,2025-06-01,ACC-111,Oakridge Traders,West,Anil Kumar,PT-Cordless Drill 18V,Power Tools,High,6,9200,0.085,8414.92,5336,50489.52,18473.52,0
ORD-00323,2025-06-01,ACC-111,Oakridge Traders,West,Anil Kumar,DG-Digital Multimeter Pro,Diagnostic Equipment,High,3,12500,0.073,11588.07,6875,34764.21,14139.21,0
ORD-00324,2025-07-25,ACC-111,Oakridge Traders,West,Anil Kumar,FF-Anchor Bolt Assortment,Fasteners & Fittings,Mid,36,900,0.062,843.93,630,30381.48,7701.48,0
ORD-00324,2025-07-25,ACC-111,Oakridge Traders,West,Anil Kumar,PT-Rotary Hammer SDS,Power Tools,High,3,14800,0.03,14352.97,8584,43058.91,17306.91,0
ORD-00324,2025-07-25,ACC-111,Oakridge Traders,West,Anil Kumar,CM-Degreaser 5L,Cleaning & Maintenance,Low,22,480,0.052,454.99,413,10009.78,923.78,0
ORD-00324,2025-07-25,ACC-111,Oakridge Traders,West,Anil Kumar,EA-Cable Gland Set,Electrical Accessories,Mid,26,1100,0.078,1013.73,770,26356.98,6336.98,0
ORD-00324,2025-07-25,ACC-111,Oakridge Traders,West,Anil Kumar,PH-Micrometer Set,Precision Hardware,High,9,4100,0.062,3847.36,2460,34626.24,12486.24,0
ORD-00324,2025-07-25,ACC-111,Oakridge Traders,West,Anil Kumar,SB-Safety Glasses 10pk,Safety Basics,Low,57,240,0.029,233.16,204,13290.12,1662.12,0
ORD-00324,2025-07-25,ACC-111,Oakridge Traders,West,Anil Kumar,DG-Thermal Imager,Diagnostic Equipment,High,1,38000,0.03,36847.53,20900,36847.53,15947.53,0
ORD-00324,2025-07-25,ACC-111,Oakridge Traders,West,Anil Kumar,CN-Abrasive Discs 25pk,Consumables,Low,79,300,0.062,281.41,255,22231.39,2086.39,0
ORD-00325,2025-08-02,ACC-111,Oakridge Traders,West,Anil Kumar,CN-Drill Bit Set,Consumables,Low,39,560,0.045,535.08,476,20868.12,2304.12,0
ORD-00325,2025-08-02,ACC-111,Oakridge Traders,West,Anil Kumar,SB-Safety Glasses 10pk,Safety Basics,Low,56,240,0.049,228.23,204,12780.88,1356.88,0
ORD-00325,2025-08-02,ACC-111,Oakridge Traders,West,Anil Kumar,EA-Cable Gland Set,Electrical Accessories,Mid,23,1100,0.07,1022.62,770,23520.26,5810.26,0
ORD-00325,2025-08-02,ACC-111,Oakridge Traders,West,Anil Kumar,DG-Insulation Tester,Diagnostic Equipment,High,2,21000,0.049,19967.64,11550,39935.28,16835.28,0
ORD-00325,2025-08-02,ACC-111,Oakridge Traders,West,Anil Kumar,FF-Anchor Bolt Assortment,Fasteners & Fittings,Mid,36,900,0.045,859.7,630,30949.2,8269.2,0
ORD-00325,2025-08-02,ACC-111,Oakridge Traders,West,Anil Kumar,PH-Bearing Puller Kit,Precision Hardware,High,7,5600,0.077,5169.13,3360,36183.91,12663.91,0
ORD-00325,2025-08-02,ACC-111,Oakridge Traders,West,Anil Kumar,CM-Shop Wipes Bulk,Cleaning & Maintenance,Low,44,260,0.031,252.03,224,11089.32,1233.32,0
ORD-00325,2025-08-02,ACC-111,Oakridge Traders,West,Anil Kumar,PT-Cordless Drill 18V,Power Tools,High,6,9200,0.098,8295.19,5336,49771.14,17755.14,0
ORD-00326,2025-09-02,ACC-111,Oakridge Traders,West,Anil Kumar,PT-Rotary Hammer SDS,Power Tools,High,4,14800,0.068,13795.88,8584,55183.52,20847.52,0
ORD-00326,2025-09-02,ACC-111,Oakridge Traders,West,Anil Kumar,DG-Insulation Tester,Diagnostic Equipment,High,2,21000,0.018,20612.98,11550,41225.96,18125.96,0
ORD-00326,2025-09-02,ACC-111,Oakridge Traders,West,Anil Kumar,CN-Abrasive Discs 25pk,Consumables,Low,73,300,0.094,271.71,255,19834.83,1219.83,0
ORD-00326,2025-09-02,ACC-111,Oakridge Traders,West,Anil Kumar,PH-Precision Torque Wrench,Precision Hardware,High,5,7300,0.066,6820.88,4380,34104.4,12204.4,0
ORD-00327,2025-09-11,ACC-111,Oakridge Traders,West,Anil Kumar,FF-Anchor Bolt Assortment,Fasteners & Fittings,Mid,37,900,0.055,850.33,630,31462.21,8152.21,0
ORD-00327,2025-09-11,ACC-111,Oakridge Traders,West,Anil Kumar,SB-Safety Glasses 10pk,Safety Basics,Low,52,240,0.043,229.77,204,11948.04,1340.04,0
ORD-00327,2025-09-11,ACC-111,Oakridge Traders,West,Anil Kumar,EA-Cable Gland Set,Electrical Accessories,Mid,24,1100,0.022,1075.55,770,25813.2,7333.2,0
ORD-00327,2025-09-11,ACC-111,Oakridge Traders,West,Anil Kumar,CM-Shop Wipes Bulk,Cleaning & Maintenance,Low,40,260,0.077,240.07,224,9602.8,642.8,0
ORD-00328,2025-10-22,ACC-111,Oakridge Traders,West,Anil Kumar,FF-Anchor Bolt Assortment,Fasteners & Fittings,Mid,34,900,0.066,841.01,630,28594.34,7174.34,0
ORD-00328,2025-10-22,ACC-111,Oakridge Traders,West,Anil Kumar,PH-Micrometer Set,Precision Hardware,High,9,4100,0.044,3920.19,2460,35281.71,13141.71,0
ORD-00328,2025-10-22,ACC-111,Oakridge Traders,West,Anil Kumar,PT-Cordless Drill 18V,Power Tools,High,6,9200,0.036,8864.32,5336,53185.92,21169.92,0
ORD-00328,2025-10-22,ACC-111,Oakridge Traders,West,Anil Kumar,CM-Shop Wipes Bulk,Cleaning & Maintenance,Low,37,260,0.023,253.9,224,9394.3,1106.3,0
ORD-00328,2025-10-22,ACC-111,Oakridge Traders,West,Anil Kumar,DG-Digital Multimeter Pro,Diagnostic Equipment,High,3,12500,0.071,11615.81,6875,34847.43,14222.43,0
ORD-00328,2025-10-22,ACC-111,Oakridge Traders,West,Anil Kumar,EA-MCB 32A,Electrical Accessories,Mid,43,650,0.032,628.89,455,27042.27,7477.27,0
ORD-00328,2025-10-22,ACC-111,Oakridge Traders,West,Anil Kumar,SB-Safety Gloves 12pr,Safety Basics,Low,37,360,0.084,329.83,306,12203.71,881.71,0
ORD-00328,2025-10-22,ACC-111,Oakridge Traders,West,Anil Kumar,CN-Drill Bit Set,Consumables,Low,43,560,0.049,532.64,476,22903.52,2435.52,0
ORD-00329,2025-11-14,ACC-111,Oakridge Traders,West,Anil Kumar,PT-Rotary Hammer SDS,Power Tools,High,3,14800,0.023,14456.68,8584,43370.04,17618.04,0
ORD-00329,2025-11-14,ACC-111,Oakridge Traders,West,Anil Kumar,FF-Anchor Bolt Assortment,Fasteners & Fittings,Mid,34,900,0.088,820.55,630,27898.7,6478.7,0
ORD-00329,2025-11-14,ACC-111,Oakridge Traders,West,Anil Kumar,EA-MCB 32A,Electrical Accessories,Mid,40,650,0.061,610.45,455,24418.0,6218.0,0
ORD-00329,2025-11-14,ACC-111,Oakridge Traders,West,Anil Kumar,DG-Digital Multimeter Pro,Diagnostic Equipment,High,3,12500,0.014,12328.8,6875,36986.4,16361.4,0
ORD-00330,2025-11-17,ACC-111,Oakridge Traders,West,Anil Kumar,CN-Abrasive Discs 25pk,Consumables,Low,75,300,0.066,280.17,255,21012.75,1887.75,0
ORD-00330,2025-11-17,ACC-111,Oakridge Traders,West,Anil Kumar,CM-Shop Wipes Bulk,Cleaning & Maintenance,Low,42,260,0.067,242.46,224,10183.32,775.32,0
ORD-00330,2025-11-17,ACC-111,Oakridge Traders,West,Anil Kumar,SB-Safety Glasses 10pk,Safety Basics,Low,48,240,0.021,235.06,204,11282.88,1490.88,0
ORD-00330,2025-11-17,ACC-111,Oakridge Traders,West,Anil Kumar,PH-Micrometer Set,Precision Hardware,High,10,4100,0.016,4035.48,2460,40354.8,15754.8,0
ORD-00331,2025-12-25,ACC-111,Oakridge Traders,West,Anil Kumar,SB-Safety Gloves 12pr,Safety Basics,Low,36,360,0.067,335.97,306,12094.92,1078.92,0
ORD-00331,2025-12-25,ACC-111,Oakridge Traders,West,Anil Kumar,PH-Bearing Puller Kit,Precision Hardware,High,8,5600,0.025,5457.5,3360,43660.0,16780.0,0
ORD-00331,2025-12-25,ACC-111,Oakridge Traders,West,Anil Kumar,CN-Abrasive Discs 25pk,Consumables,Low,68,300,0.024,292.84,255,19913.12,2573.12,0
ORD-00331,2025-12-25,ACC-111,Oakridge Traders,West,Anil Kumar,CM-Shop Wipes Bulk,Cleaning & Maintenance,Low,38,260,0.063,243.5,224,9253.0,741.0,0
ORD-00331,2025-12-25,ACC-111,Oakridge Traders,West,Anil Kumar,PT-Rotary Hammer SDS,Power Tools,High,4,14800,0.019,14517.45,8584,58069.8,23733.8,0
ORD-00331,2025-12-25,ACC-111,Oakridge Traders,West,Anil Kumar,FF-Stainless Fastener Pack,Fasteners & Fittings,Mid,25,1400,0.067,1306.26,980,32656.5,8156.5,0
ORD-00331,2025-12-25,ACC-111,Oakridge Traders,West,Anil Kumar,DG-Digital Multimeter Pro,Diagnostic Equipment,High,3,12500,0.019,12264.39,6875,36793.17,16168.17,0
ORD-00331,2025-12-25,ACC-111,Oakridge Traders,West,Anil Kumar,EA-MCB 32A,Electrical Accessories,Mid,39,650,0.016,639.47,455,24939.33,7194.33,0
ORD-00332,2026-01-12,ACC-111,Oakridge Traders,West,Anil Kumar,SB-Safety Gloves 12pr,Safety Basics,Low,34,360,0.023,351.61,306,11954.74,1550.74,0
ORD-00332,2026-01-12,ACC-111,Oakridge Traders,West,Anil Kumar,EA-MCB 32A,Electrical Accessories,Mid,39,650,0.007,645.37,455,25169.43,7424.43,0
ORD-00332,2026-01-12,ACC-111,Oakridge Traders,West,Anil Kumar,FF-Stainless Fastener Pack,Fasteners & Fittings,Mid,21,1400,0.055,1322.52,980,27772.92,7192.92,0
ORD-00332,2026-01-12,ACC-111,Oakridge Traders,West,Anil Kumar,PT-Rotary Hammer SDS,Power Tools,High,4,14800,0.054,14007.47,8584,56029.88,21693.88,0
ORD-00332,2026-01-12,ACC-111,Oakridge Traders,West,Anil Kumar,PH-Precision Torque Wrench,Precision Hardware,High,6,7300,0.042,6995.69,4380,41974.14,15694.14,0
ORD-00332,2026-01-12,ACC-111,Oakridge Traders,West,Anil Kumar,DG-Digital Multimeter Pro,Diagnostic Equipment,High,3,12500,0.017,12291.25,6875,36873.75,16248.75,0
ORD-00332,2026-01-12,ACC-111,Oakridge Traders,West,Anil Kumar,CM-Degreaser 5L,Cleaning & Maintenance,Low,20,480,0.095,434.61,413,8692.2,432.2,0
ORD-00332,2026-01-12,ACC-111,Oakridge Traders,West,Anil Kumar,CN-Drill Bit Set,Consumables,Low,38,560,0.049,532.58,476,20238.04,2150.04,0
ORD-00333,2026-02-18,ACC-111,Oakridge Traders,West,Anil Kumar,EA-Cable Gland Set,Electrical Accessories,Mid,26,1100,0.054,1040.13,770,27043.38,7023.38,0
ORD-00333,2026-02-18,ACC-111,Oakridge Traders,West,Anil Kumar,FF-Anchor Bolt Assortment,Fasteners & Fittings,Mid,33,900,0.019,882.91,630,29136.03,8346.03,0
ORD-00333,2026-02-18,ACC-111,Oakridge Traders,West,Anil Kumar,PT-Rotary Hammer SDS,Power Tools,High,4,14800,0.047,14100.81,8584,56403.24,22067.24,0
ORD-00333,2026-02-18,ACC-111,Oakridge Traders,West,Anil Kumar,CM-Shop Wipes Bulk,Cleaning & Maintenance,Low,32,260,0.072,241.28,224,7720.96,552.96,0
ORD-00333,2026-02-18,ACC-111,Oakridge Traders,West,Anil Kumar,CN-Cutting Blade 10pk,Consumables,Low,44,420,0.092,381.36,357,16779.84,1071.84,0
ORD-00333,2026-02-18,ACC-111,Oakridge Traders,West,Anil Kumar,SB-Safety Glasses 10pk,Safety Basics,Low,41,240,0.006,238.45,204,9776.45,1412.45,0
ORD-00333,2026-02-18,ACC-111,Oakridge Traders,West,Anil Kumar,PH-Precision Torque Wrench,Precision Hardware,High,5,7300,0.049,6942.73,4380,34713.65,12813.65,0
ORD-00333,2026-02-18,ACC-111,Oakridge Traders,West,Anil Kumar,DG-Insulation Tester,Diagnostic Equipment,High,2,21000,0.022,20542.19,11550,41084.38,17984.38,0
ORD-00334,2026-03-22,ACC-111,Oakridge Traders,West,Anil Kumar,SB-Safety Glasses 10pk,Safety Basics,Low,44,240,0.054,226.92,204,9984.48,1008.48,0
ORD-00334,2026-03-22,ACC-111,Oakridge Traders,West,Anil Kumar,EA-MCB 32A,Electrical Accessories,Mid,43,650,0.058,612.44,455,26334.92,6769.92,0
ORD-00334,2026-03-22,ACC-111,Oakridge Traders,West,Anil Kumar,PT-Rotary Hammer SDS,Power Tools,High,5,14800,0.055,13984.57,8584,69922.85,27002.85,0
ORD-00334,2026-03-22,ACC-111,Oakridge Traders,West,Anil Kumar,DG-Thermal Imager,Diagnostic Equipment,High,1,38000,0.025,37054.31,20900,37054.31,16154.31,0
ORD-00334,2026-03-22,ACC-111,Oakridge Traders,West,Anil Kumar,CN-Abrasive Discs 25pk,Consumables,Low,62,300,0.07,279.11,255,17304.82,1494.82,0
ORD-00334,2026-03-22,ACC-111,Oakridge Traders,West,Anil Kumar,CM-Degreaser 5L,Cleaning & Maintenance,Low,15,480,0.006,476.99,413,7154.85,959.85,0
ORD-00334,2026-03-22,ACC-111,Oakridge Traders,West,Anil Kumar,FF-Stainless Fastener Pack,Fasteners & Fittings,Mid,23,1400,0.079,1289.74,980,29664.02,7124.02,0
ORD-00334,2026-03-22,ACC-111,Oakridge Traders,West,Anil Kumar,PH-Bearing Puller Kit,Precision Hardware,High,8,5600,0.019,5495.26,3360,43962.08,17082.08,0
ORD-00335,2026-04-26,ACC-111,Oakridge Traders,West,Anil Kumar,EA-MCB 32A,Electrical Accessories,Mid,36,650,0.025,633.97,455,22822.92,6442.92,0
ORD-00335,2026-04-26,ACC-111,Oakridge Traders,West,Anil Kumar,CN-Abrasive Discs 25pk,Consumables,Low,55,300,0.031,290.59,255,15982.45,1957.45,0
ORD-00335,2026-04-26,ACC-111,Oakridge Traders,West,Anil Kumar,SB-Safety Glasses 10pk,Safety Basics,Low,41,240,0.061,225.41,204,9241.81,877.81,0
ORD-00335,2026-04-26,ACC-111,Oakridge Traders,West,Anil Kumar,PT-Rotary Hammer SDS,Power Tools,High,4,14800,0.042,14176.45,8584,56705.8,22369.8,0
ORD-00335,2026-04-26,ACC-111,Oakridge Traders,West,Anil Kumar,PH-Micrometer Set,Precision Hardware,High,13,4100,0.086,3748.85,2460,48735.05,16755.05,0
ORD-00335,2026-04-26,ACC-111,Oakridge Traders,West,Anil Kumar,CM-Degreaser 5L,Cleaning & Maintenance,Low,17,480,0.047,457.68,413,7780.56,759.56,0
ORD-00335,2026-04-26,ACC-111,Oakridge Traders,West,Anil Kumar,FF-Anchor Bolt Assortment,Fasteners & Fittings,Mid,34,900,0.051,853.65,630,29024.1,7604.1,0
ORD-00335,2026-04-26,ACC-111,Oakridge Traders,West,Anil Kumar,DG-Insulation Tester,Diagnostic Equipment,High,2,21000,0.037,20225.87,11550,40451.74,17351.74,0
ORD-00336,2026-05-23,ACC-111,Oakridge Traders,West,Anil Kumar,CM-Shop Wipes Bulk,Cleaning & Maintenance,Low,29,260,0.037,250.32,224,7259.28,763.28,0
ORD-00336,2026-05-23,ACC-111,Oakridge Traders,West,Anil Kumar,SB-Safety Gloves 12pr,Safety Basics,Low,28,360,0.056,339.91,306,9517.48,949.48,0
ORD-00336,2026-05-23,ACC-111,Oakridge Traders,West,Anil Kumar,PT-Angle Grinder 900W,Power Tools,High,10,6400,0.039,6148.32,3712,61483.2,24363.2,0
ORD-00336,2026-05-23,ACC-111,Oakridge Traders,West,Anil Kumar,DG-Digital Multimeter Pro,Diagnostic Equipment,High,4,12500,0.035,12059.13,6875,48236.52,20736.52,0
ORD-00337,2026-05-26,ACC-111,Oakridge Traders,West,Anil Kumar,EA-Cable Gland Set,Electrical Accessories,Mid,24,1100,0.079,1013.16,770,24315.84,5835.84,0
ORD-00337,2026-05-26,ACC-111,Oakridge Traders,West,Anil Kumar,PH-Bearing Puller Kit,Precision Hardware,High,9,5600,0.058,5274.75,3360,47472.75,17232.75,0
ORD-00337,2026-05-26,ACC-111,Oakridge Traders,West,Anil Kumar,CN-Drill Bit Set,Consumables,Low,30,560,0.071,520.45,476,15613.5,1333.5,0
ORD-00337,2026-05-26,ACC-111,Oakridge Traders,West,Anil Kumar,FF-Anchor Bolt Assortment,Fasteners & Fittings,Mid,35,900,0.037,866.41,630,30324.35,8274.35,0
ORD-00338,2026-06-18,ACC-111,Oakridge Traders,West,Anil Kumar,EA-Cable Gland Set,Electrical Accessories,Mid,22,1100,0.062,1031.55,770,22694.1,5754.1,0
ORD-00338,2026-06-18,ACC-111,Oakridge Traders,West,Anil Kumar,DG-Digital Multimeter Pro,Diagnostic Equipment,High,4,12500,0.074,11572.85,6875,46291.4,18791.4,0
ORD-00338,2026-06-18,ACC-111,Oakridge Traders,West,Anil Kumar,PT-Rotary Hammer SDS,Power Tools,High,5,14800,0.047,14100.48,8584,70502.4,27582.4,0
ORD-00338,2026-06-18,ACC-111,Oakridge Traders,West,Anil Kumar,CN-Abrasive Discs 25pk,Consumables,Low,56,300,0.061,281.71,255,15775.76,1495.76,0
ORD-00338,2026-06-18,ACC-111,Oakridge Traders,West,Anil Kumar,PH-Precision Torque Wrench,Precision Hardware,High,7,7300,0.046,6963.01,4380,48741.07,18081.07,0
ORD-00338,2026-06-18,ACC-111,Oakridge Traders,West,Anil Kumar,CM-Degreaser 5L,Cleaning & Maintenance,Low,15,480,0.066,448.1,413,6721.5,526.5,0
ORD-00338,2026-06-18,ACC-111,Oakridge Traders,West,Anil Kumar,FF-Stainless Fastener Pack,Fasteners & Fittings,Mid,22,1400,0.023,1367.81,980,30091.82,8531.82,0
ORD-00338,2026-06-18,ACC-111,Oakridge Traders,West,Anil Kumar,SB-Safety Glasses 10pk,Safety Basics,Low,36,240,0.036,231.38,204,8329.68,985.68,0
ORD-00339,2026-07-19,ACC-111,Oakridge Traders,West,Anil Kumar,CM-Degreaser 5L,Cleaning & Maintenance,Low,13,480,0.034,463.53,413,6025.89,656.89,0
ORD-00339,2026-07-19,ACC-111,Oakridge Traders,West,Anil Kumar,DG-Insulation Tester,Diagnostic Equipment,High,2,21000,0.068,19578.48,11550,39156.96,16056.96,0
ORD-00339,2026-07-19,ACC-111,Oakridge Traders,West,Anil Kumar,FF-Anchor Bolt Assortment,Fasteners & Fittings,Mid,34,900,0.018,884.02,630,30056.68,8636.68,0
ORD-00339,2026-07-19,ACC-111,Oakridge Traders,West,Anil Kumar,SB-Safety Gloves 12pr,Safety Basics,Low,21,360,0.049,342.21,306,7186.41,760.41,0
ORD-00339,2026-07-19,ACC-111,Oakridge Traders,West,Anil Kumar,CN-Drill Bit Set,Consumables,Low,28,560,0.076,517.36,476,14486.08,1158.08,0
ORD-00339,2026-07-19,ACC-111,Oakridge Traders,West,Anil Kumar,PH-Bearing Puller Kit,Precision Hardware,High,8,5600,0.029,5438.84,3360,43510.72,16630.72,0
ORD-00339,2026-07-19,ACC-111,Oakridge Traders,West,Anil Kumar,PT-Rotary Hammer SDS,Power Tools,High,5,14800,0.096,13374.58,8584,66872.9,23952.9,0
ORD-00339,2026-07-19,ACC-111,Oakridge Traders,West,Anil Kumar,EA-MCB 32A,Electrical Accessories,Mid,39,650,0.072,603.31,455,23529.09,5784.09,0
ORD-00340,2026-08-02,ACC-111,Oakridge Traders,West,Anil Kumar,CM-Degreaser 5L,Cleaning & Maintenance,Low,13,480,0.045,458.17,413,5956.21,587.21,0
ORD-00340,2026-08-02,ACC-111,Oakridge Traders,West,Anil Kumar,PH-Precision Torque Wrench,Precision Hardware,High,7,7300,0.007,7250.69,4380,50754.83,20094.83,0
ORD-00340,2026-08-02,ACC-111,Oakridge Traders,West,Anil Kumar,PT-Cordless Drill 18V,Power Tools,High,8,9200,0.094,8333.32,5336,66666.56,23978.56,0
ORD-00340,2026-08-02,ACC-111,Oakridge Traders,West,Anil Kumar,FF-Anchor Bolt Assortment,Fasteners & Fittings,Mid,37,900,0.079,829.0,630,30673.0,7363.0,0
ORD-00340,2026-08-02,ACC-111,Oakridge Traders,West,Anil Kumar,EA-MCB 32A,Electrical Accessories,Mid,37,650,0.041,623.54,455,23070.98,6235.98,0
ORD-00340,2026-08-02,ACC-111,Oakridge Traders,West,Anil Kumar,DG-Thermal Imager,Diagnostic Equipment,High,1,38000,0.085,34776.83,20900,34776.83,13876.83,0
ORD-00340,2026-08-02,ACC-111,Oakridge Traders,West,Anil Kumar,CN-Drill Bit Set,Consumables,Low,22,560,0.033,541.69,476,11917.18,1445.18,0
ORD-00340,2026-08-02,ACC-111,Oakridge Traders,West,Anil Kumar,SB-Safety Glasses 10pk,Safety Basics,Low,31,240,0.068,223.7,204,6934.7,610.7,0
ORD-00342,2024-09-02,ACC-112,Riverside Retail,East,Fatima Sheikh,SB-Safety Glasses 10pk,Safety Basics,Low,67,240,0.093,217.6,204,14579.2,911.2,0
ORD-00342,2024-09-02,ACC-112,Riverside Retail,East,Fatima Sheikh,FF-Anchor Bolt Assortment,Fasteners & Fittings,Mid,36,900,0.08,827.61,630,29793.96,7113.96,0
ORD-00342,2024-09-02,ACC-112,Riverside Retail,East,Fatima Sheikh,PT-Cordless Drill 18V,Power Tools,High,5,9200,0.064,8611.14,5336,43055.7,16375.7,0
ORD-00342,2024-09-02,ACC-112,Riverside Retail,East,Fatima Sheikh,EA-Cable Gland Set,Electrical Accessories,Mid,24,1100,0.044,1052.13,770,25251.12,6771.12,0
ORD-00341,2024-09-25,ACC-112,Riverside Retail,East,Fatima Sheikh,CM-Shop Wipes Bulk,Cleaning & Maintenance,Low,52,260,0.076,240.3,224,12495.6,847.6,0
ORD-00341,2024-09-25,ACC-112,Riverside Retail,East,Fatima Sheikh,PH-Precision Torque Wrench,Precision Hardware,High,4,7300,0.069,6797.49,4380,27189.96,9669.96,0
ORD-00341,2024-09-25,ACC-112,Riverside Retail,East,Fatima Sheikh,CN-Abrasive Discs 25pk,Consumables,Low,80,300,0.027,291.92,255,23353.6,2953.6,0
ORD-00341,2024-09-25,ACC-112,Riverside Retail,East,Fatima Sheikh,DG-Thermal Imager,Diagnostic Equipment,High,1,38000,0.034,36720.49,20900,36720.49,15820.49,0
ORD-00343,2024-10-13,ACC-112,Riverside Retail,East,Fatima Sheikh,CN-Cutting Blade 10pk,Consumables,Low,70,420,0.048,399.71,357,27979.7,2989.7,0
ORD-00343,2024-10-13,ACC-112,Riverside Retail,East,Fatima Sheikh,CM-Shop Wipes Bulk,Cleaning & Maintenance,Low,47,260,0.022,254.26,224,11950.22,1422.22,0
ORD-00343,2024-10-13,ACC-112,Riverside Retail,East,Fatima Sheikh,PH-Micrometer Set,Precision Hardware,High,8,4100,0.048,3903.5,2460,31228.0,11548.0,0
ORD-00343,2024-10-13,ACC-112,Riverside Retail,East,Fatima Sheikh,EA-Cable Gland Set,Electrical Accessories,Mid,23,1100,0.081,1010.97,770,23252.31,5542.31,0
ORD-00343,2024-10-13,ACC-112,Riverside Retail,East,Fatima Sheikh,DG-Digital Multimeter Pro,Diagnostic Equipment,High,3,12500,0.045,11934.51,6875,35803.53,15178.53,0
ORD-00343,2024-10-13,ACC-112,Riverside Retail,East,Fatima Sheikh,SB-Safety Glasses 10pk,Safety Basics,Low,66,240,0.03,232.84,204,15367.44,1903.44,0
ORD-00343,2024-10-13,ACC-112,Riverside Retail,East,Fatima Sheikh,PT-Cordless Drill 18V,Power Tools,High,5,9200,0.035,8877.15,5336,44385.75,17705.75,0
ORD-00343,2024-10-13,ACC-112,Riverside Retail,East,Fatima Sheikh,FF-Anchor Bolt Assortment,Fasteners & Fittings,Mid,34,900,0.029,873.5,630,29699.0,8279.0,0
ORD-00344,2024-11-14,ACC-112,Riverside Retail,East,Fatima Sheikh,PT-Cordless Drill 18V,Power Tools,High,5,9200,0.01,9111.84,5336,45559.2,18879.2,0
ORD-00344,2024-11-14,ACC-112,Riverside Retail,East,Fatima Sheikh,PH-Precision Torque Wrench,Precision Hardware,High,4,7300,0.031,7073.73,4380,28294.92,10774.92,0
ORD-00344,2024-11-14,ACC-112,Riverside Retail,East,Fatima Sheikh,SB-Safety Glasses 10pk,Safety Basics,Low,63,240,0.025,234.07,204,14746.41,1894.41,0
ORD-00344,2024-11-14,ACC-112,Riverside Retail,East,Fatima Sheikh,CM-Shop Wipes Bulk,Cleaning & Maintenance,Low,45,260,0.072,241.18,224,10853.1,773.1,0
ORD-00344,2024-11-14,ACC-112,Riverside Retail,East,Fatima Sheikh,FF-Stainless Fastener Pack,Fasteners & Fittings,Mid,21,1400,0.057,1320.64,980,27733.44,7153.44,0
ORD-00344,2024-11-14,ACC-112,Riverside Retail,East,Fatima Sheikh,EA-Cable Gland Set,Electrical Accessories,Mid,23,1100,0.043,1053.04,770,24219.92,6509.92,0
ORD-00344,2024-11-14,ACC-112,Riverside Retail,East,Fatima Sheikh,CN-Drill Bit Set,Consumables,Low,50,560,0.042,536.33,476,26816.5,3016.5,0
ORD-00344,2024-11-14,ACC-112,Riverside Retail,East,Fatima Sheikh,DG-Thermal Imager,Diagnostic Equipment,High,1,38000,0.058,35809.6,20900,35809.6,14909.6,0
ORD-00345,2024-12-27,ACC-112,Riverside Retail,East,Fatima Sheikh,DG-Digital Multimeter Pro,Diagnostic Equipment,High,2,12500,0.078,11519.45,6875,23038.9,9288.9,0
ORD-00345,2024-12-27,ACC-112,Riverside Retail,East,Fatima Sheikh,CN-Drill Bit Set,Consumables,Low,46,560,0.044,535.42,476,24629.32,2733.32,0
ORD-00345,2024-12-27,ACC-112,Riverside Retail,East,Fatima Sheikh,CM-Shop Wipes Bulk,Cleaning & Maintenance,Low,42,260,0.052,246.4,224,10348.8,940.8,0
ORD-00345,2024-12-27,ACC-112,Riverside Retail,East,Fatima Sheikh,PT-Angle Grinder 900W,Power Tools,High,7,6400,0.086,5847.53,3712,40932.71,14948.71,0
ORD-00345,2024-12-27,ACC-112,Riverside Retail,East,Fatima Sheikh,EA-Cable Gland Set,Electrical Accessories,Mid,24,1100,0.038,1058.7,770,25408.8,6928.8,0
ORD-00345,2024-12-27,ACC-112,Riverside Retail,East,Fatima Sheikh,PH-Micrometer Set,Precision Hardware,High,7,4100,0.071,3810.49,2460,26673.43,9453.43,0
ORD-00345,2024-12-27,ACC-112,Riverside Retail,East,Fatima Sheikh,SB-Safety Glasses 10pk,Safety Basics,Low,65,240,0.043,229.79,204,14936.35,1676.35,0
ORD-00345,2024-12-27,ACC-112,Riverside Retail,East,Fatima Sheikh,FF-Anchor Bolt Assortment,Fasteners & Fittings,Mid,33,900,0.063,843.04,630,27820.32,7030.32,0
ORD-00347,2025-01-13,ACC-112,Riverside Retail,East,Fatima Sheikh,PH-Micrometer Set,Precision Hardware,High,7,4100,0.039,3938.93,2460,27572.51,10352.51,0
ORD-00347,2025-01-13,ACC-112,Riverside Retail,East,Fatima Sheikh,DG-Insulation Tester,Diagnostic Equipment,High,1,21000,0.041,20135.79,11550,20135.79,8585.79,0
ORD-00347,2025-01-13,ACC-112,Riverside Retail,East,Fatima Sheikh,CN-Abrasive Discs 25pk,Consumables,Low,79,300,0.043,286.98,255,22671.42,2526.42,0
ORD-00347,2025-01-13,ACC-112,Riverside Retail,East,Fatima Sheikh,SB-Safety Gloves 12pr,Safety Basics,Low,40,360,0.06,338.36,306,13534.4,1294.4,0
ORD-00346,2025-01-15,ACC-112,Riverside Retail,East,Fatima Sheikh,PT-Cordless Drill 18V,Power Tools,High,4,9200,0.04,8832.7,5336,35330.8,13986.8,0
ORD-00346,2025-01-15,ACC-112,Riverside Retail,East,Fatima Sheikh,CM-Shop Wipes Bulk,Cleaning & Maintenance,Low,45,260,0.042,249.09,224,11209.05,1129.05,0
ORD-00346,2025-01-15,ACC-112,Riverside Retail,East,Fatima Sheikh,FF-Stainless Fastener Pack,Fasteners & Fittings,Mid,22,1400,0.033,1353.84,980,29784.48,8224.48,0
ORD-00346,2025-01-15,ACC-112,Riverside Retail,East,Fatima Sheikh,EA-MCB 32A,Electrical Accessories,Mid,36,650,0.058,612.4,455,22046.4,5666.4,0
ORD-00348,2025-02-03,ACC-112,Riverside Retail,East,Fatima Sheikh,CM-Degreaser 5L,Cleaning & Maintenance,Low,25,480,0.04,460.91,413,11522.75,1197.75,0
ORD-00348,2025-02-03,ACC-112,Riverside Retail,East,Fatima Sheikh,FF-Anchor Bolt Assortment,Fasteners & Fittings,Mid,29,900,0.012,888.87,630,25777.23,7507.23,0
ORD-00348,2025-02-03,ACC-112,Riverside Retail,East,Fatima Sheikh,EA-MCB 32A,Electrical Accessories,Mid,37,650,0.057,612.98,455,22680.26,5845.26,0
ORD-00348,2025-02-03,ACC-112,Riverside Retail,East,Fatima Sheikh,PT-Cordless Drill 18V,Power Tools,High,5,9200,0.048,8755.25,5336,43776.25,17096.25,0
ORD-00348,2025-02-03,ACC-112,Riverside Retail,East,Fatima Sheikh,CN-Cutting Blade 10pk,Consumables,Low,53,420,0.044,401.43,357,21275.79,2354.79,0
ORD-00348,2025-02-03,ACC-112,Riverside Retail,East,Fatima Sheikh,SB-Safety Glasses 10pk,Safety Basics,Low,58,240,0.029,233.1,204,13519.8,1687.8,0
ORD-00348,2025-02-03,ACC-112,Riverside Retail,East,Fatima Sheikh,DG-Thermal Imager,Diagnostic Equipment,High,1,38000,0.033,36734.89,20900,36734.89,15834.89,0
ORD-00348,2025-02-03,ACC-112,Riverside Retail,East,Fatima Sheikh,PH-Bearing Puller Kit,Precision Hardware,High,5,5600,0.037,5393.81,3360,26969.05,10169.05,0
ORD-00349,2025-03-22,ACC-112,Riverside Retail,East,Fatima Sheikh,PT-Rotary Hammer SDS,Power Tools,High,3,14800,0.08,13621.84,8584,40865.52,15113.52,0
ORD-00349,2025-03-22,ACC-112,Riverside Retail,East,Fatima Sheikh,CN-Drill Bit Set,Consumables,Low,45,560,0.067,522.61,476,23517.45,2097.45,0
ORD-00349,2025-03-22,ACC-112,Riverside Retail,East,Fatima Sheikh,DG-Thermal Imager,Diagnostic Equipment,High,1,38000,0.024,37085.93,20900,37085.93,16185.93,0
ORD-00349,2025-03-22,ACC-112,Riverside Retail,East,Fatima Sheikh,PH-Precision Torque Wrench,Precision Hardware,High,4,7300,0.053,6914.48,4380,27657.92,10137.92,0
ORD-00349,2025-03-22,ACC-112,Riverside Retail,East,Fatima Sheikh,CM-Degreaser 5L,Cleaning & Maintenance,Low,24,480,0.031,465.32,413,11167.68,1255.68,0
ORD-00349,2025-03-22,ACC-112,Riverside Retail,East,Fatima Sheikh,FF-Anchor Bolt Assortment,Fasteners & Fittings,Mid,30,900,0.005,895.17,630,26855.1,7955.1,0
ORD-00349,2025-03-22,ACC-112,Riverside Retail,East,Fatima Sheikh,EA-Cable Gland Set,Electrical Accessories,Mid,20,1100,0.062,1031.85,770,20637.0,5237.0,0
ORD-00349,2025-03-22,ACC-112,Riverside Retail,East,Fatima Sheikh,SB-Safety Gloves 12pr,Safety Basics,Low,37,360,0.042,345.05,306,12766.85,1444.85,0
ORD-00350,2025-04-17,ACC-112,Riverside Retail,East,Fatima Sheikh,CN-Drill Bit Set,Consumables,Low,41,560,0.035,540.49,476,22160.09,2644.09,0
ORD-00350,2025-04-17,ACC-112,Riverside Retail,East,Fatima Sheikh,CM-Degreaser 5L,Cleaning & Maintenance,Low,21,480,0.028,466.46,413,9795.66,1122.66,0
ORD-00350,2025-04-17,ACC-112,Riverside Retail,East,Fatima Sheikh,FF-Stainless Fastener Pack,Fasteners & Fittings,Mid,20,1400,0.042,1341.75,980,26835.0,7235.0,0
ORD-00350,2025-04-17,ACC-112,Riverside Retail,East,Fatima Sheikh,PH-Bearing Puller Kit,Precision Hardware,High,5,5600,0.032,5422.58,3360,27112.9,10312.9,0
ORD-00350,2025-04-17,ACC-112,Riverside Retail,East,Fatima Sheikh,SB-Safety Gloves 12pr,Safety Basics,Low,38,360,0.061,337.88,306,12839.44,1211.44,0
ORD-00350,2025-04-17,ACC-112,Riverside Retail,East,Fatima Sheikh,EA-MCB 32A,Electrical Accessories,Mid,32,650,0.028,631.78,455,20216.96,5656.96,0
ORD-00350,2025-04-17,ACC-112,Riverside Retail,East,Fatima Sheikh,PT-Cordless Drill 18V,Power Tools,High,4,9200,0.08,8464.35,5336,33857.4,12513.4,0
ORD-00350,2025-04-17,ACC-112,Riverside Retail,East,Fatima Sheikh,DG-Insulation Tester,Diagnostic Equipment,High,1,21000,0.006,20883.75,11550,20883.75,9333.75,0
ORD-00351,2025-05-12,ACC-112,Riverside Retail,East,Fatima Sheikh,PH-Micrometer Set,Precision Hardware,High,7,4100,0.05,3893.24,2460,27252.68,10032.68,0
ORD-00351,2025-05-12,ACC-112,Riverside Retail,East,Fatima Sheikh,CM-Shop Wipes Bulk,Cleaning & Maintenance,Low,42,260,0.045,248.22,224,10425.24,1017.24,0
ORD-00351,2025-05-12,ACC-112,Riverside Retail,East,Fatima Sheikh,PT-Angle Grinder 900W,Power Tools,High,5,6400,0.054,6057.38,3712,30286.9,11726.9,0
ORD-00351,2025-05-12,ACC-112,Riverside Retail,East,Fatima Sheikh,FF-Stainless Fastener Pack,Fasteners & Fittings,Mid,17,1400,0.033,1353.78,980,23014.26,6354.26,0
ORD-00351,2025-05-12,ACC-112,Riverside Retail,East,Fatima Sheikh,CN-Cutting Blade 10pk,Consumables,Low,51,420,0.01,415.97,357,21214.47,3007.47,0
ORD-00351,2025-05-12,ACC-112,Riverside Retail,East,Fatima Sheikh,EA-Cable Gland Set,Electrical Accessories,Mid,18,1100,0.025,1072.28,770,19301.04,5441.04,0
ORD-00351,2025-05-12,ACC-112,Riverside Retail,East,Fatima Sheikh,DG-Thermal Imager,Diagnostic Equipment,High,1,38000,0.048,36192.45,20900,36192.45,15292.45,0
ORD-00351,2025-05-12,ACC-112,Riverside Retail,East,Fatima Sheikh,SB-Safety Gloves 12pr,Safety Basics,Low,35,360,0.06,338.37,306,11842.95,1132.95,0
ORD-00352,2025-06-07,ACC-112,Riverside Retail,East,Fatima Sheikh,FF-Anchor Bolt Assortment,Fasteners & Fittings,Mid,29,900,0.075,832.85,630,24152.65,5882.65,0
ORD-00352,2025-06-07,ACC-112,Riverside Retail,East,Fatima Sheikh,PT-Angle Grinder 900W,Power Tools,High,6,6400,0.037,6165.08,3712,36990.48,14718.48,0
ORD-00352,2025-06-07,ACC-112,Riverside Retail,East,Fatima Sheikh,DG-Insulation Tester,Diagnostic Equipment,High,1,21000,0.042,20122.0,11550,20122.0,8572.0,0
ORD-00352,2025-06-07,ACC-112,Riverside Retail,East,Fatima Sheikh,EA-Cable Gland Set,Electrical Accessories,Mid,22,1100,0.051,1043.58,770,22958.76,6018.76,0
ORD-00352,2025-06-07,ACC-112,Riverside Retail,East,Fatima Sheikh,CM-Degreaser 5L,Cleaning & Maintenance,Low,23,480,0.038,461.78,413,10620.94,1121.94,0
ORD-00352,2025-06-07,ACC-112,Riverside Retail,East,Fatima Sheikh,PH-Precision Torque Wrench,Precision Hardware,High,4,7300,0.075,6752.88,4380,27011.52,9491.52,0
ORD-00352,2025-06-07,ACC-112,Riverside Retail,East,Fatima Sheikh,SB-Safety Glasses 10pk,Safety Basics,Low,54,240,0.035,231.71,204,12512.34,1496.34,0
ORD-00352,2025-06-07,ACC-112,Riverside Retail,East,Fatima Sheikh,CN-Drill Bit Set,Consumables,Low,43,560,0.017,550.48,476,23670.64,3202.64,0
ORD-00353,2025-07-25,ACC-112,Riverside Retail,East,Fatima Sheikh,PT-Cordless Drill 18V,Power Tools,High,4,9200,0.01,9109.0,5336,36436.0,15092.0,0
ORD-00353,2025-07-25,ACC-112,Riverside Retail,East,Fatima Sheikh,CN-Drill Bit Set,Consumables,Low,39,560,0.049,532.8,476,20779.2,2215.2,0
ORD-00353,2025-07-25,ACC-112,Riverside Retail,East,Fatima Sheikh,PH-Micrometer Set,Precision Hardware,High,6,4100,0.03,3978.0,2460,23868.0,9108.0,0
ORD-00353,2025-07-25,ACC-112,Riverside Retail,East,Fatima Sheikh,EA-Cable Gland Set,Electrical Accessories,Mid,18,1100,0.038,1058.17,770,19047.06,5187.06,0
ORD-00353,2025-07-25,ACC-112,Riverside Retail,East,Fatima Sheikh,SB-Safety Glasses 10pk,Safety Basics,Low,52,240,0.064,224.7,204,11684.4,1076.4,0
ORD-00353,2025-07-25,ACC-112,Riverside Retail,East,Fatima Sheikh,DG-Digital Multimeter Pro,Diagnostic Equipment,High,2,12500,0.018,12269.73,6875,24539.46,10789.46,0
ORD-00353,2025-07-25,ACC-112,Riverside Retail,East,Fatima Sheikh,CM-Degreaser 5L,Cleaning & Maintenance,Low,20,480,0.018,471.53,413,9430.6,1170.6,0
ORD-00353,2025-07-25,ACC-112,Riverside Retail,East,Fatima Sheikh,FF-Stainless Fastener Pack,Fasteners & Fittings,Mid,19,1400,0.062,1313.33,980,24953.27,6333.27,0
ORD-00354,2025-08-01,ACC-112,Riverside Retail,East,Fatima Sheikh,EA-Cable Gland Set,Electrical Accessories,Mid,19,1100,0.039,1057.32,770,20089.08,5459.08,0
ORD-00354,2025-08-01,ACC-112,Riverside Retail,East,Fatima Sheikh,FF-Anchor Bolt Assortment,Fasteners & Fittings,Mid,31,900,0.095,814.72,630,25256.32,5726.32,0
ORD-00354,2025-08-01,ACC-112,Riverside Retail,East,Fatima Sheikh,CN-Abrasive Discs 25pk,Consumables,Low,73,300,0.056,283.14,255,20669.22,2054.22,0
ORD-00354,2025-08-01,ACC-112,Riverside Retail,East,Fatima Sheikh,DG-Insulation Tester,Diagnostic Equipment,High,1,21000,0.024,20489.93,11550,20489.93,8939.93,0
ORD-00355,2025-08-10,ACC-112,Riverside Retail,East,Fatima Sheikh,PH-Precision Torque Wrench,Precision Hardware,High,3,7300,0.039,7015.76,4380,21047.28,7907.28,0
ORD-00355,2025-08-10,ACC-112,Riverside Retail,East,Fatima Sheikh,CM-Degreaser 5L,Cleaning & Maintenance,Low,23,480,0.067,447.92,413,10302.16,803.16,0
ORD-00355,2025-08-10,ACC-112,Riverside Retail,East,Fatima Sheikh,SB-Safety Glasses 10pk,Safety Basics,Low,57,240,0.056,226.46,204,12908.22,1280.22,0
ORD-00355,2025-08-10,ACC-112,Riverside Retail,East,Fatima Sheikh,PT-Cordless Drill 18V,Power Tools,High,4,9200,0.069,8564.42,5336,34257.68,12913.68,0
ORD-00356,2025-09-02,ACC-112,Riverside Retail,East,Fatima Sheikh,SB-Safety Glasses 10pk,Safety Basics,Low,56,240,0.087,219.0,204,12264.0,840.0,0
ORD-00356,2025-09-02,ACC-112,Riverside Retail,East,Fatima Sheikh,FF-Anchor Bolt Assortment,Fasteners & Fittings,Mid,26,900,0.032,870.9,630,22643.4,6263.4,0
ORD-00356,2025-09-02,ACC-112,Riverside Retail,East,Fatima Sheikh,EA-Cable Gland Set,Electrical Accessories,Mid,17,1100,0.036,1060.91,770,18035.47,4945.47,0
ORD-00356,2025-09-02,ACC-112,Riverside Retail,East,Fatima Sheikh,PH-Micrometer Set,Precision Hardware,High,6,4100,0.033,3964.57,2460,23787.42,9027.42,0
ORD-00356,2025-09-02,ACC-112,Riverside Retail,East,Fatima Sheikh,CM-Shop Wipes Bulk,Cleaning & Maintenance,Low,37,260,0.068,242.21,224,8961.77,673.77,0
ORD-00356,2025-09-02,ACC-112,Riverside Retail,East,Fatima Sheikh,PT-Angle Grinder 900W,Power Tools,High,6,6400,0.071,5943.15,3712,35658.9,13386.9,0
ORD-00356,2025-09-02,ACC-112,Riverside Retail,East,Fatima Sheikh,CN-Drill Bit Set,Consumables,Low,38,560,0.083,513.38,476,19508.44,1420.44,0
ORD-00356,2025-09-02,ACC-112,Riverside Retail,East,Fatima Sheikh,DG-Digital Multimeter Pro,Diagnostic Equipment,High,2,12500,0.073,11592.3,6875,23184.6,9434.6,0
ORD-00357,2025-10-15,ACC-112,Riverside Retail,East,Fatima Sheikh,CN-Cutting Blade 10pk,Consumables,Low,48,420,0.034,405.66,357,19471.68,2335.68,0
ORD-00357,2025-10-15,ACC-112,Riverside Retail,East,Fatima Sheikh,CM-Degreaser 5L,Cleaning & Maintenance,Low,21,480,0.025,468.16,413,9831.36,1158.36,0
ORD-00357,2025-10-15,ACC-112,Riverside Retail,East,Fatima Sheikh,PH-Bearing Puller Kit,Precision Hardware,High,4,5600,0.015,5514.18,3360,22056.72,8616.72,0
ORD-00357,2025-10-15,ACC-112,Riverside Retail,East,Fatima Sheikh,DG-Thermal Imager,Diagnostic Equipment,High,1,38000,0.032,36767.24,20900,36767.24,15867.24,0
ORD-00357,2025-10-15,ACC-112,Riverside Retail,East,Fatima Sheikh,SB-Safety Glasses 10pk,Safety Basics,Low,48,240,0.032,232.21,204,11146.08,1354.08,0
ORD-00357,2025-10-15,ACC-112,Riverside Retail,East,Fatima Sheikh,FF-Stainless Fastener Pack,Fasteners & Fittings,Mid,18,1400,0.086,1278.95,980,23021.1,5381.1,0
ORD-00357,2025-10-15,ACC-112,Riverside Retail,East,Fatima Sheikh,PT-Cordless Drill 18V,Power Tools,High,3,9200,0.043,8803.85,5336,26411.55,10403.55,0
ORD-00357,2025-10-15,ACC-112,Riverside Retail,East,Fatima Sheikh,EA-Cable Gland Set,Electrical Accessories,Mid,18,1100,0.056,1038.0,770,18684.0,4824.0,0
ORD-00358,2025-11-26,ACC-112,Riverside Retail,East,Fatima Sheikh,PH-Precision Torque Wrench,Precision Hardware,High,4,7300,0.034,7052.73,4380,28210.92,10690.92,0
ORD-00358,2025-11-26,ACC-112,Riverside Retail,East,Fatima Sheikh,EA-Cable Gland Set,Electrical Accessories,Mid,18,1100,0.082,1010.06,770,18181.08,4321.08,0
ORD-00358,2025-11-26,ACC-112,Riverside Retail,East,Fatima Sheikh,SB-Safety Glasses 10pk,Safety Basics,Low,53,240,0.081,220.47,204,11684.91,872.91,0
ORD-00358,2025-11-26,ACC-112,Riverside Retail,East,Fatima Sheikh,CM-Degreaser 5L,Cleaning & Maintenance,Low,21,480,0.053,454.67,413,9548.07,875.07,0
ORD-00358,2025-11-26,ACC-112,Riverside Retail,East,Fatima Sheikh,CN-Abrasive Discs 25pk,Consumables,Low,70,300,0.033,290.04,255,20302.8,2452.8,0
ORD-00358,2025-11-26,ACC-112,Riverside Retail,East,Fatima Sheikh,DG-Insulation Tester,Diagnostic Equipment,High,1,21000,0.062,19702.44,11550,19702.44,8152.44,0
ORD-00358,2025-11-26,ACC-112,Riverside Retail,East,Fatima Sheikh,FF-Anchor Bolt Assortment,Fasteners & Fittings,Mid,25,900,0.011,890.38,630,22259.5,6509.5,0
ORD-00358,2025-11-26,ACC-112,Riverside Retail,East,Fatima Sheikh,PT-Cordless Drill 18V,Power Tools,High,4,9200,0.053,8714.82,5336,34859.28,13515.28,0
ORD-00359,2025-12-14,ACC-112,Riverside Retail,East,Fatima Sheikh,SB-Safety Glasses 10pk,Safety Basics,Low,48,240,0.04,230.34,204,11056.32,1264.32,0
ORD-00359,2025-12-14,ACC-112,Riverside Retail,East,Fatima Sheikh,PT-Rotary Hammer SDS,Power Tools,High,2,14800,0.011,14638.32,8584,29276.64,12108.64,0
ORD-00359,2025-12-14,ACC-112,Riverside Retail,East,Fatima Sheikh,CM-Shop Wipes Bulk,Cleaning & Maintenance,Low,36,260,0.036,250.69,224,9024.84,960.84,0
ORD-00359,2025-12-14,ACC-112,Riverside Retail,East,Fatima Sheikh,CN-Drill Bit Set,Consumables,Low,35,560,0.073,518.93,476,18162.55,1502.55,0
ORD-00359,2025-12-14,ACC-112,Riverside Retail,East,Fatima Sheikh,PH-Bearing Puller Kit,Precision Hardware,High,4,5600,0.094,5073.11,3360,20292.44,6852.44,0
ORD-00359,2025-12-14,ACC-112,Riverside Retail,East,Fatima Sheikh,FF-Stainless Fastener Pack,Fasteners & Fittings,Mid,16,1400,0.046,1334.92,980,21358.72,5678.72,0
ORD-00359,2025-12-14,ACC-112,Riverside Retail,East,Fatima Sheikh,DG-Thermal Imager,Diagnostic Equipment,High,1,38000,0.064,35551.9,20900,35551.9,14651.9,0
ORD-00359,2025-12-14,ACC-112,Riverside Retail,East,Fatima Sheikh,EA-Cable Gland Set,Electrical Accessories,Mid,19,1100,0.058,1036.56,770,19694.64,5064.64,0
ORD-00360,2026-01-10,ACC-112,Riverside Retail,East,Fatima Sheikh,PT-Cordless Drill 18V,Power Tools,High,4,9200,0.066,8589.63,5336,34358.52,13014.52,0
ORD-00360,2026-01-10,ACC-112,Riverside Retail,East,Fatima Sheikh,FF-Stainless Fastener Pack,Fasteners & Fittings,Mid,18,1400,0.064,1309.97,980,23579.46,5939.46,0
ORD-00360,2026-01-10,ACC-112,Riverside Retail,East,Fatima Sheikh,CM-Shop Wipes Bulk,Cleaning & Maintenance,Low,36,260,0.069,242.14,224,8717.04,653.04,0
ORD-00360,2026-01-10,ACC-112,Riverside Retail,East,Fatima Sheikh,EA-Cable Gland Set,Electrical Accessories,Mid,19,1100,0.049,1045.78,770,19869.82,5239.82,0
ORD-00360,2026-01-10,ACC-112,Riverside Retail,East,Fatima Sheikh,CN-Drill Bit Set,Consumables,Low,36,560,0.068,521.91,476,18788.76,1652.76,0
ORD-00360,2026-01-10,ACC-112,Riverside Retail,East,Fatima Sheikh,SB-Safety Gloves 12pr,Safety Basics,Low,32,360,0.026,350.59,306,11218.88,1426.88,0
ORD-00360,2026-01-10,ACC-112,Riverside Retail,East,Fatima Sheikh,PH-Bearing Puller Kit,Precision Hardware,High,4,5600,0.067,5223.49,3360,20893.96,7453.96,0
ORD-00360,2026-01-10,ACC-112,Riverside Retail,East,Fatima Sheikh,DG-Insulation Tester,Diagnostic Equipment,High,1,21000,0.007,20843.1,11550,20843.1,9293.1,0
ORD-00361,2026-02-22,ACC-112,Riverside Retail,East,Fatima Sheikh,SB-Safety Glasses 10pk,Safety Basics,Low,50,240,0.07,223.24,204,11162.0,962.0,0
ORD-00361,2026-02-22,ACC-112,Riverside Retail,East,Fatima Sheikh,EA-MCB 32A,Electrical Accessories,Mid,30,650,0.032,629.38,455,18881.4,5231.4,0
ORD-00361,2026-02-22,ACC-112,Riverside Retail,East,Fatima Sheikh,DG-Digital Multimeter Pro,Diagnostic Equipment,High,2,12500,0.039,12010.88,6875,24021.76,10271.76,0
ORD-00361,2026-02-22,ACC-112,Riverside Retail,East,Fatima Sheikh,CM-Shop Wipes Bulk,Cleaning & Maintenance,Low,33,260,0.014,256.36,224,8459.88,1067.88,0
ORD-00361,2026-02-22,ACC-112,Riverside Retail,East,Fatima Sheikh,FF-Anchor Bolt Assortment,Fasteners & Fittings,Mid,26,900,0.017,884.74,630,23003.24,6623.24,0
ORD-00361,2026-02-22,ACC-112,Riverside Retail,East,Fatima Sheikh,PT-Cordless Drill 18V,Power Tools,High,4,9200,0.061,8638.0,5336,34552.0,13208.0,0
ORD-00361,2026-02-22,ACC-112,Riverside Retail,East,Fatima Sheikh,CN-Abrasive Discs 25pk,Consumables,Low,64,300,0.06,282.08,255,18053.12,1733.12,0
ORD-00361,2026-02-22,ACC-112,Riverside Retail,East,Fatima Sheikh,PH-Bearing Puller Kit,Precision Hardware,High,4,5600,0.039,5379.59,3360,21518.36,8078.36,0
ORD-00362,2026-03-22,ACC-112,Riverside Retail,East,Fatima Sheikh,CM-Shop Wipes Bulk,Cleaning & Maintenance,Low,36,260,0.032,251.78,224,9064.08,1000.08,0
ORD-00362,2026-03-22,ACC-112,Riverside Retail,East,Fatima Sheikh,PT-Angle Grinder 900W,Power Tools,High,5,6400,0.088,5839.82,3712,29199.1,10639.1,0
ORD-00362,2026-03-22,ACC-112,Riverside Retail,East,Fatima Sheikh,FF-Anchor Bolt Assortment,Fasteners & Fittings,Mid,26,900,0.056,849.75,630,22093.5,5713.5,0
ORD-00362,2026-03-22,ACC-112,Riverside Retail,East,Fatima Sheikh,SB-Safety Gloves 12pr,Safety Basics,Low,28,360,0.057,339.38,306,9502.64,934.64,0
ORD-00362,2026-03-22,ACC-112,Riverside Retail,East,Fatima Sheikh,DG-Thermal Imager,Diagnostic Equipment,High,1,38000,0.064,35556.36,20900,35556.36,14656.36,0
ORD-00362,2026-03-22,ACC-112,Riverside Retail,East,Fatima Sheikh,PH-Bearing Puller Kit,Precision Hardware,High,4,5600,0.074,5188.37,3360,20753.48,7313.48,0
ORD-00362,2026-03-22,ACC-112,Riverside Retail,East,Fatima Sheikh,EA-MCB 32A,Electrical Accessories,Mid,25,650,0.029,631.31,455,15782.75,4407.75,0
ORD-00362,2026-03-22,ACC-112,Riverside Retail,East,Fatima Sheikh,CN-Drill Bit Set,Consumables,Low,32,560,0.03,543.1,476,17379.2,2147.2,0
ORD-00364,2026-04-02,ACC-112,Riverside Retail,East,Fatima Sheikh,EA-MCB 32A,Electrical Accessories,Mid,30,650,0.049,618.45,455,18553.5,4903.5,0
ORD-00364,2026-04-02,ACC-112,Riverside Retail,East,Fatima Sheikh,CM-Degreaser 5L,Cleaning & Maintenance,Low,20,480,0.078,442.75,413,8855.0,595.0,0
ORD-00364,2026-04-02,ACC-112,Riverside Retail,East,Fatima Sheikh,DG-Digital Multimeter Pro,Diagnostic Equipment,High,2,12500,0.062,11724.39,6875,23448.78,9698.78,0
ORD-00364,2026-04-02,ACC-112,Riverside Retail,East,Fatima Sheikh,FF-Stainless Fastener Pack,Fasteners & Fittings,Mid,15,1400,0.043,1339.3,980,20089.5,5389.5,0
ORD-00363,2026-04-15,ACC-112,Riverside Retail,East,Fatima Sheikh,PT-Angle Grinder 900W,Power Tools,High,5,6400,0.077,5907.04,3712,29535.2,10975.2,0
ORD-00363,2026-04-15,ACC-112,Riverside Retail,East,Fatima Sheikh,CN-Abrasive Discs 25pk,Consumables,Low,56,300,0.035,289.47,255,16210.32,1930.32,0
ORD-00363,2026-04-15,ACC-112,Riverside Retail,East,Fatima Sheikh,SB-Safety Glasses 10pk,Safety Basics,Low,50,240,0.072,222.65,204,11132.5,932.5,0
ORD-00363,2026-04-15,ACC-112,Riverside Retail,East,Fatima Sheikh,PH-Bearing Puller Kit,Precision Hardware,High,4,5600,0.026,5454.48,3360,21817.92,8377.92,0
ORD-00366,2026-05-01,ACC-112,Riverside Retail,East,Fatima Sheikh,SB-Safety Gloves 12pr,Safety Basics,Low,31,360,0.023,351.82,306,10906.42,1420.42,0
ORD-00366,2026-05-01,ACC-112,Riverside Retail,East,Fatima Sheikh,FF-Stainless Fastener Pack,Fasteners & Fittings,Mid,15,1400,0.072,1298.68,980,19480.2,4780.2,0
ORD-00366,2026-05-01,ACC-112,Riverside Retail,East,Fatima Sheikh,EA-MCB 32A,Electrical Accessories,Mid,27,650,0.067,606.43,455,16373.61,4088.61,0
ORD-00366,2026-05-01,ACC-112,Riverside Retail,East,Fatima Sheikh,CM-Degreaser 5L,Cleaning & Maintenance,Low,16,480,0.045,458.63,413,7338.08,730.08,0
ORD-00365,2026-05-07,ACC-112,Riverside Retail,East,Fatima Sheikh,CN-Drill Bit Set,Consumables,Low,31,560,0.033,541.32,476,16780.92,2024.92,0
ORD-00365,2026-05-07,ACC-112,Riverside Retail,East,Fatima Sheikh,PH-Micrometer Set,Precision Hardware,High,5,4100,0.008,4065.57,2460,20327.85,8027.85,0
ORD-00365,2026-05-07,ACC-112,Riverside Retail,East,Fatima Sheikh,PT-Angle Grinder 900W,Power Tools,High,5,6400,0.028,6219.83,3712,31099.15,12539.15,0
ORD-00365,2026-05-07,ACC-112,Riverside Retail,East,Fatima Sheikh,DG-Insulation Tester,Diagnostic Equipment,High,1,21000,0.055,19848.16,11550,19848.16,8298.16,0
ORD-00367,2026-06-12,ACC-112,Riverside Retail,East,Fatima Sheikh,FF-Anchor Bolt Assortment,Fasteners & Fittings,Mid,25,900,0.083,825.58,630,20639.5,4889.5,0
ORD-00367,2026-06-12,ACC-112,Riverside Retail,East,Fatima Sheikh,SB-Safety Glasses 10pk,Safety Basics,Low,40,240,0.044,229.34,204,9173.6,1013.6,0
ORD-00367,2026-06-12,ACC-112,Riverside Retail,East,Fatima Sheikh,EA-MCB 32A,Electrical Accessories,Mid,26,650,0.048,618.94,455,16092.44,4262.44,0
ORD-00367,2026-06-12,ACC-112,Riverside Retail,East,Fatima Sheikh,PT-Angle Grinder 900W,Power Tools,High,4,6400,0.004,6374.47,3712,25497.88,10649.88,0
ORD-00367,2026-06-12,ACC-112,Riverside Retail,East,Fatima Sheikh,DG-Digital Multimeter Pro,Diagnostic Equipment,High,2,12500,0.083,11463.83,6875,22927.66,9177.66,0
ORD-00367,2026-06-12,ACC-112,Riverside Retail,East,Fatima Sheikh,CN-Drill Bit Set,Consumables,Low,34,560,0.065,523.56,476,17801.04,1617.04,0
ORD-00367,2026-06-12,ACC-112,Riverside Retail,East,Fatima Sheikh,CM-Shop Wipes Bulk,Cleaning & Maintenance,Low,30,260,0.044,248.58,224,7457.4,737.4,0
ORD-00367,2026-06-12,ACC-112,Riverside Retail,East,Fatima Sheikh,PH-Precision Torque Wrench,Precision Hardware,High,3,7300,0.043,6985.49,4380,20956.47,7816.47,0
ORD-00369,2026-07-05,ACC-112,Riverside Retail,East,Fatima Sheikh,CN-Drill Bit Set,Consumables,Low,34,560,0.036,539.89,476,18356.26,2172.26,0
ORD-00369,2026-07-05,ACC-112,Riverside Retail,East,Fatima Sheikh,PT-Rotary Hammer SDS,Power Tools,High,2,14800,0.056,13977.32,8584,27954.64,10786.64,0
ORD-00369,2026-07-05,ACC-112,Riverside Retail,East,Fatima Sheikh,DG-Digital Multimeter Pro,Diagnostic Equipment,High,2,12500,0.091,11360.68,6875,22721.36,8971.36,0
ORD-00369,2026-07-05,ACC-112,Riverside Retail,East,Fatima Sheikh,PH-Micrometer Set,Precision Hardware,High,4,4100,0.015,4040.39,2460,16161.56,6321.56,0
ORD-00368,2026-07-13,ACC-112,Riverside Retail,East,Fatima Sheikh,CM-Degreaser 5L,Cleaning & Maintenance,Low,16,480,0.04,460.85,413,7373.6,765.6,0
ORD-00368,2026-07-13,ACC-112,Riverside Retail,East,Fatima Sheikh,SB-Safety Glasses 10pk,Safety Basics,Low,39,240,0.054,227.12,204,8857.68,901.68,0
ORD-00368,2026-07-13,ACC-112,Riverside Retail,East,Fatima Sheikh,FF-Anchor Bolt Assortment,Fasteners & Fittings,Mid,24,900,0.072,835.48,630,20051.52,4931.52,0
ORD-00368,2026-07-13,ACC-112,Riverside Retail,East,Fatima Sheikh,EA-MCB 32A,Electrical Accessories,Mid,26,650,0.044,621.72,455,16164.72,4334.72,0
ORD-00371,2026-08-20,ACC-112,Riverside Retail,East,Fatima Sheikh,EA-Cable Gland Set,Electrical Accessories,Mid,14,1100,0.054,1040.83,770,14571.62,3791.62,0
ORD-00371,2026-08-20,ACC-112,Riverside Retail,East,Fatima Sheikh,SB-Safety Gloves 12pr,Safety Basics,Low,27,360,0.034,347.79,306,9390.33,1128.33,0
ORD-00371,2026-08-20,ACC-112,Riverside Retail,East,Fatima Sheikh,PH-Micrometer Set,Precision Hardware,High,5,4100,0.077,3785.81,2460,18929.05,6629.05,0
ORD-00371,2026-08-20,ACC-112,Riverside Retail,East,Fatima Sheikh,FF-Stainless Fastener Pack,Fasteners & Fittings,Mid,14,1400,0.051,1328.23,980,18595.22,4875.22,0
ORD-00370,2026-08-24,ACC-112,Riverside Retail,East,Fatima Sheikh,DG-Thermal Imager,Diagnostic Equipment,High,1,38000,0.033,36734.51,20900,36734.51,15834.51,0
ORD-00370,2026-08-24,ACC-112,Riverside Retail,East,Fatima Sheikh,CM-Degreaser 5L,Cleaning & Maintenance,Low,18,480,0.092,436.08,413,7849.44,415.44,0
ORD-00370,2026-08-24,ACC-112,Riverside Retail,East,Fatima Sheikh,PT-Rotary Hammer SDS,Power Tools,High,2,14800,0.017,14554.94,8584,29109.88,11941.88,0
ORD-00370,2026-08-24,ACC-112,Riverside Retail,East,Fatima Sheikh,CN-Drill Bit Set,Consumables,Low,32,560,0.05,531.79,476,17017.28,1785.28,0
ORD-00372,2024-09-20,ACC-113,Meadowlark Supplies,North,Priya Nair,DG-Insulation Tester,Diagnostic Equipment,High,1,21000,0.048,19995.39,11550,19995.39,8445.39,0
ORD-00372,2024-09-20,ACC-113,Meadowlark Supplies,North,Priya Nair,CN-Abrasive Discs 25pk,Consumables,Low,189,300,0.056,283.25,255,53534.25,5339.25,0
ORD-00372,2024-09-20,ACC-113,Meadowlark Supplies,North,Priya Nair,SB-Safety Glasses 10pk,Safety Basics,Low,122,240,0.052,227.53,204,27758.66,2870.66,0
ORD-00372,2024-09-20,ACC-113,Meadowlark Supplies,North,Priya Nair,CM-Shop Wipes Bulk,Cleaning & Maintenance,Low,104,260,0.056,245.48,224,25529.92,2233.92,0
ORD-00372,2024-09-20,ACC-113,Meadowlark Supplies,North,Priya Nair,EA-MCB 32A,Electrical Accessories,Mid,39,650,0.033,628.25,455,24501.75,6756.75,0
ORD-00372,2024-09-20,ACC-113,Meadowlark Supplies,North,Priya Nair,FF-Anchor Bolt Assortment,Fasteners & Fittings,Mid,32,900,0.043,861.22,630,27559.04,7399.04,0
ORD-00372,2024-09-20,ACC-113,Meadowlark Supplies,North,Priya Nair,PT-Cordless Drill 18V,Power Tools,High,2,9200,0.069,8561.49,5336,17122.98,6450.98,0
ORD-00372,2024-09-20,ACC-113,Meadowlark Supplies,North,Priya Nair,PH-Precision Torque Wrench,Precision Hardware,High,2,7300,0.043,6982.84,4380,13965.68,5205.68,0
ORD-00373,2024-10-11,ACC-113,Meadowlark Supplies,North,Priya Nair,EA-Cable Gland Set,Electrical Accessories,Mid,24,1100,0.027,1070.49,770,25691.76,7211.76,0
ORD-00373,2024-10-11,ACC-113,Meadowlark Supplies,North,Priya Nair,PT-Cordless Drill 18V,Power Tools,High,2,9200,0.036,8868.18,5336,17736.36,7064.36,0
ORD-00373,2024-10-11,ACC-113,Meadowlark Supplies,North,Priya Nair,CN-Drill Bit Set,Consumables,Low,94,560,0.048,533.09,476,50110.46,5366.46,0
ORD-00373,2024-10-11,ACC-113,Meadowlark Supplies,North,Priya Nair,PH-Micrometer Set,Precision Hardware,High,4,4100,0.083,3760.78,2460,15043.12,5203.12,0
ORD-00374,2024-10-12,ACC-113,Meadowlark Supplies,North,Priya Nair,SB-Safety Gloves 12pr,Safety Basics,Low,86,360,0.051,341.73,306,29388.78,3072.78,0
ORD-00374,2024-10-12,ACC-113,Meadowlark Supplies,North,Priya Nair,FF-Stainless Fastener Pack,Fasteners & Fittings,Mid,20,1400,0.006,1391.24,980,27824.8,8224.8,0
ORD-00374,2024-10-12,ACC-113,Meadowlark Supplies,North,Priya Nair,DG-Thermal Imager,Diagnostic Equipment,High,1,38000,0.07,35352.37,20900,35352.37,14452.37,0
ORD-00374,2024-10-12,ACC-113,Meadowlark Supplies,North,Priya Nair,CM-Shop Wipes Bulk,Cleaning & Maintenance,Low,107,260,0.043,248.92,224,26634.44,2666.44,0
ORD-00375,2024-11-09,ACC-113,Meadowlark Supplies,North,Priya Nair,EA-MCB 32A,Electrical Accessories,Mid,39,650,0.064,608.39,455,23727.21,5982.21,0
ORD-00375,2024-11-09,ACC-113,Meadowlark Supplies,North,Priya Nair,DG-Insulation Tester,Diagnostic Equipment,High,1,21000,0.094,19032.26,11550,19032.26,7482.26,0
ORD-00375,2024-11-09,ACC-113,Meadowlark Supplies,North,Priya Nair,PH-Precision Torque Wrench,Precision Hardware,High,2,7300,0.052,6922.06,4380,13844.12,5084.12,0
ORD-00375,2024-11-09,ACC-113,Meadowlark Supplies,North,Priya Nair,FF-Anchor Bolt Assortment,Fasteners & Fittings,Mid,33,900,0.052,853.62,630,28169.46,7379.46,0
ORD-00375,2024-11-09,ACC-113,Meadowlark Supplies,North,Priya Nair,PT-Cordless Drill 18V,Power Tools,High,2,9200,0.059,8657.22,5336,17314.44,6642.44,0
ORD-00375,2024-11-09,ACC-113,Meadowlark Supplies,North,Priya Nair,SB-Safety Gloves 12pr,Safety Basics,Low,91,360,0.047,343.06,306,31218.46,3372.46,0
ORD-00375,2024-11-09,ACC-113,Meadowlark Supplies,North,Priya Nair,CM-Degreaser 5L,Cleaning & Maintenance,Low,53,480,0.029,465.89,413,24692.17,2803.17,0
ORD-00375,2024-11-09,ACC-113,Meadowlark Supplies,North,Priya Nair,CN-Abrasive Discs 25pk,Consumables,Low,159,300,0.04,287.89,255,45774.51,5229.51,0
ORD-00376,2024-12-22,ACC-113,Meadowlark Supplies,North,Priya Nair,EA-MCB 32A,Electrical Accessories,Mid,38,650,0.072,603.37,455,22928.06,5638.06,0
ORD-00376,2024-12-22,ACC-113,Meadowlark Supplies,North,Priya Nair,PH-Precision Torque Wrench,Precision Hardware,High,2,7300,0.054,6906.72,4380,13813.44,5053.44,0
ORD-00376,2024-12-22,ACC-113,Meadowlark Supplies,North,Priya Nair,CN-Abrasive Discs 25pk,Consumables,Low,184,300,0.043,287.22,255,52848.48,5928.48,0
ORD-00376,2024-12-22,ACC-113,Meadowlark Supplies,North,Priya Nair,FF-Anchor Bolt Assortment,Fasteners & Fittings,Mid,35,900,0.06,846.01,630,29610.35,7560.35,0
ORD-00377,2024-12-26,ACC-113,Meadowlark Supplies,North,Priya Nair,CM-Degreaser 5L,Cleaning & Maintenance,Low,56,480,0.057,452.46,413,25337.76,2209.76,0
ORD-00377,2024-12-26,ACC-113,Meadowlark Supplies,North,Priya Nair,PT-Rotary Hammer SDS,Power Tools,High,1,14800,0.056,13971.49,8584,13971.49,5387.49,0
ORD-00377,2024-12-26,ACC-113,Meadowlark Supplies,North,Priya Nair,SB-Safety Gloves 12pr,Safety Basics,Low,93,360,0.036,347.14,306,32284.02,3826.02,0
ORD-00377,2024-12-26,ACC-113,Meadowlark Supplies,North,Priya Nair,DG-Insulation Tester,Diagnostic Equipment,High,1,21000,0.033,20304.66,11550,20304.66,8754.66,0
ORD-00378,2025-01-09,ACC-113,Meadowlark Supplies,North,Priya Nair,CN-Drill Bit Set,Consumables,Low,97,560,0.071,520.28,476,50467.16,4295.16,0
ORD-00378,2025-01-09,ACC-113,Meadowlark Supplies,North,Priya Nair,PH-Precision Torque Wrench,Precision Hardware,High,2,7300,0.036,7034.08,4380,14068.16,5308.16,0
ORD-00378,2025-01-09,ACC-113,Meadowlark Supplies,North,Priya Nair,PT-Angle Grinder 900W,Power Tools,High,3,6400,0.049,6088.62,3712,18265.86,7129.86,0
ORD-00378,2025-01-09,ACC-113,Meadowlark Supplies,North,Priya Nair,FF-Anchor Bolt Assortment,Fasteners & Fittings,Mid,35,900,0.036,867.63,630,30367.05,8317.05,0
ORD-00378,2025-01-09,ACC-113,Meadowlark Supplies,North,Priya Nair,DG-Insulation Tester,Diagnostic Equipment,High,1,21000,0.046,20027.13,11550,20027.13,8477.13,0
ORD-00378,2025-01-09,ACC-113,Meadowlark Supplies,North,Priya Nair,SB-Safety Glasses 10pk,Safety Basics,Low,129,240,0.06,225.52,204,29092.08,2776.08,0
ORD-00378,2025-01-09,ACC-113,Meadowlark Supplies,North,Priya Nair,CM-Degreaser 5L,Cleaning & Maintenance,Low,56,480,0.06,451.26,413,25270.56,2142.56,0
ORD-00378,2025-01-09,ACC-113,Meadowlark Supplies,North,Priya Nair,EA-MCB 32A,Electrical Accessories,Mid,39,650,0.073,602.71,455,23505.69,5760.69,0
ORD-00379,2025-02-01,ACC-113,Meadowlark Supplies,North,Priya Nair,DG-Digital Multimeter Pro,Diagnostic Equipment,High,1,12500,0.076,11552.26,6875,11552.26,4677.26,0
ORD-00379,2025-02-01,ACC-113,Meadowlark Supplies,North,Priya Nair,EA-MCB 32A,Electrical Accessories,Mid,37,650,0.035,626.93,455,23196.41,6361.41,0
ORD-00379,2025-02-01,ACC-113,Meadowlark Supplies,North,Priya Nair,PT-Angle Grinder 900W,Power Tools,High,3,6400,0.086,5847.84,3712,17543.52,6407.52,0
ORD-00379,2025-02-01,ACC-113,Meadowlark Supplies,North,Priya Nair,SB-Safety Gloves 12pr,Safety Basics,Low,93,360,0.05,342.18,306,31822.74,3364.74,0
ORD-00379,2025-02-01,ACC-113,Meadowlark Supplies,North,Priya Nair,CM-Shop Wipes Bulk,Cleaning & Maintenance,Low,90,260,0.024,253.8,224,22842.0,2682.0,0
ORD-00379,2025-02-01,ACC-113,Meadowlark Supplies,North,Priya Nair,CN-Abrasive Discs 25pk,Consumables,Low,168,300,0.049,285.19,255,47911.92,5071.92,0
ORD-00379,2025-02-01,ACC-113,Meadowlark Supplies,North,Priya Nair,PH-Precision Torque Wrench,Precision Hardware,High,2,7300,0.042,6991.35,4380,13982.7,5222.7,0
ORD-00379,2025-02-01,ACC-113,Meadowlark Supplies,North,Priya Nair,FF-Stainless Fastener Pack,Fasteners & Fittings,Mid,24,1400,0.068,1304.76,980,31314.24,7794.24,0
ORD-00380,2025-03-07,ACC-113,Meadowlark Supplies,North,Priya Nair,CN-Cutting Blade 10pk,Consumables,Low,130,420,0.087,383.53,357,49858.9,3448.9,0
ORD-00380,2025-03-07,ACC-113,Meadowlark Supplies,North,Priya Nair,PH-Precision Torque Wrench,Precision Hardware,High,2,7300,0.057,6885.51,4380,13771.02,5011.02,0
ORD-00380,2025-03-07,ACC-113,Meadowlark Supplies,North,Priya Nair,SB-Safety Gloves 12pr,Safety Basics,Low,82,360,0.076,332.68,306,27279.76,2187.76,0
ORD-00380,2025-03-07,ACC-113,Meadowlark Supplies,North,Priya Nair,CM-Degreaser 5L,Cleaning & Maintenance,Low,52,480,0.046,458.09,413,23820.68,2344.68,0
ORD-00380,2025-03-07,ACC-113,Meadowlark Supplies,North,Priya Nair,FF-Stainless Fastener Pack,Fasteners & Fittings,Mid,22,1400,0.063,1311.59,980,28854.98,7294.98,0
ORD-00380,2025-03-07,ACC-113,Meadowlark Supplies,North,Priya Nair,EA-Cable Gland Set,Electrical Accessories,Mid,23,1100,0.069,1024.45,770,23562.35,5852.35,0
ORD-00380,2025-03-07,ACC-113,Meadowlark Supplies,North,Priya Nair,PT-Rotary Hammer SDS,Power Tools,High,1,14800,0.037,14259.47,8584,14259.47,5675.47,0
ORD-00380,2025-03-07,ACC-113,Meadowlark Supplies,North,Priya Nair,DG-Thermal Imager,Diagnostic Equipment,High,1,38000,0.027,36969.62,20900,36969.62,16069.62,0
ORD-00382,2025-04-10,ACC-113,Meadowlark Supplies,North,Priya Nair,PH-Precision Torque Wrench,Precision Hardware,High,2,7300,0.016,7182.12,4380,14364.24,5604.24,0
ORD-00382,2025-04-10,ACC-113,Meadowlark Supplies,North,Priya Nair,CN-Drill Bit Set,Consumables,Low,90,560,0.042,536.72,476,48304.8,5464.8,0
ORD-00382,2025-04-10,ACC-113,Meadowlark Supplies,North,Priya Nair,SB-Safety Glasses 10pk,Safety Basics,Low,132,240,0.027,233.5,204,30822.0,3894.0,0
ORD-00382,2025-04-10,ACC-113,Meadowlark Supplies,North,Priya Nair,CM-Shop Wipes Bulk,Cleaning & Maintenance,Low,98,260,0.062,243.79,224,23891.42,1939.42,0
ORD-00381,2025-04-18,ACC-113,Meadowlark Supplies,North,Priya Nair,FF-Stainless Fastener Pack,Fasteners & Fittings,Mid,22,1400,0.084,1282.68,980,28218.96,6658.96,0
ORD-00381,2025-04-18,ACC-113,Meadowlark Supplies,North,Priya Nair,EA-MCB 32A,Electrical Accessories,Mid,44,650,0.049,618.03,455,27193.32,7173.32,0
ORD-00381,2025-04-18,ACC-113,Meadowlark Supplies,North,Priya Nair,DG-Insulation Tester,Diagnostic Equipment,High,1,21000,0.071,19500.05,11550,19500.05,7950.05,0
ORD-00381,2025-04-18,ACC-113,Meadowlark Supplies,North,Priya Nair,PT-Rotary Hammer SDS,Power Tools,High,1,14800,0.06,13905.35,8584,13905.35,5321.35,0
ORD-00383,2025-05-27,ACC-113,Meadowlark Supplies,North,Priya Nair,DG-Thermal Imager,Diagnostic Equipment,High,1,38000,0.032,36766.3,20900,36766.3,15866.3,0
ORD-00383,2025-05-27,ACC-113,Meadowlark Supplies,North,Priya Nair,PT-Rotary Hammer SDS,Power Tools,High,1,14800,0.048,14094.63,8584,14094.63,5510.63,0
ORD-00383,2025-05-27,ACC-113,Meadowlark Supplies,North,Priya Nair,EA-MCB 32A,Electrical Accessories,Mid,37,650,0.034,627.95,455,23234.15,6399.15,0
ORD-00383,2025-05-27,ACC-113,Meadowlark Supplies,North,Priya Nair,CN-Cutting Blade 10pk,Consumables,Low,120,420,0.055,396.81,357,47617.2,4777.2,0
ORD-00383,2025-05-27,ACC-113,Meadowlark Supplies,North,Priya Nair,FF-Anchor Bolt Assortment,Fasteners & Fittings,Mid,35,900,0.038,865.86,630,30305.1,8255.1,0
ORD-00383,2025-05-27,ACC-113,Meadowlark Supplies,North,Priya Nair,SB-Safety Gloves 12pr,Safety Basics,Low,79,360,0.013,355.38,306,28075.02,3901.02,0
ORD-00383,2025-05-27,ACC-113,Meadowlark Supplies,North,Priya Nair,CM-Degreaser 5L,Cleaning & Maintenance,Low,56,480,0.052,454.91,413,25474.96,2346.96,0
ORD-00383,2025-05-27,ACC-113,Meadowlark Supplies,North,Priya Nair,PH-Micrometer Set,Precision Hardware,High,4,4100,0.091,3727.11,2460,14908.44,5068.44,0
ORD-00385,2025-06-08,ACC-113,Meadowlark Supplies,North,Priya Nair,PH-Precision Torque Wrench,Precision Hardware,High,2,7300,0.033,7062.09,4380,14124.18,5364.18,0
ORD-00385,2025-06-08,ACC-113,Meadowlark Supplies,North,Priya Nair,DG-Thermal Imager,Diagnostic Equipment,High,1,38000,0.05,36101.98,20900,36101.98,15201.98,0
ORD-00385,2025-06-08,ACC-113,Meadowlark Supplies,North,Priya Nair,FF-Anchor Bolt Assortment,Fasteners & Fittings,Mid,34,900,0.017,884.45,630,30071.3,8651.3,0
ORD-00385,2025-06-08,ACC-113,Meadowlark Supplies,North,Priya Nair,SB-Safety Glasses 10pk,Safety Basics,Low,143,240,0.045,229.11,204,32762.73,3590.73,0
ORD-00384,2025-06-21,ACC-113,Meadowlark Supplies,North,Priya Nair,EA-Cable Gland Set,Electrical Accessories,Mid,27,1100,0.08,1012.04,770,27325.08,6535.08,0
ORD-00384,2025-06-21,ACC-113,Meadowlark Supplies,North,Priya Nair,PT-Angle Grinder 900W,Power Tools,High,3,6400,0.061,6006.9,3712,18020.7,6884.7,0
ORD-00384,2025-06-21,ACC-113,Meadowlark Supplies,North,Priya Nair,CM-Shop Wipes Bulk,Cleaning & Maintenance,Low,94,260,0.04,249.64,224,23466.16,2410.16,0
ORD-00384,2025-06-21,ACC-113,Meadowlark Supplies,North,Priya Nair,CN-Drill Bit Set,Consumables,Low,96,560,0.07,520.67,476,49984.32,4288.32,0
ORD-00386,2025-07-06,ACC-113,Meadowlark Supplies,North,Priya Nair,DG-Insulation Tester,Diagnostic Equipment,High,1,21000,0.037,20214.37,11550,20214.37,8664.37,0
ORD-00386,2025-07-06,ACC-113,Meadowlark Supplies,North,Priya Nair,SB-Safety Glasses 10pk,Safety Basics,Low,132,240,0.069,223.54,204,29507.28,2579.28,0
ORD-00386,2025-07-06,ACC-113,Meadowlark Supplies,North,Priya Nair,CM-Shop Wipes Bulk,Cleaning & Maintenance,Low,101,260,0.065,242.97,224,24539.97,1915.97,0
ORD-00386,2025-07-06,ACC-113,Meadowlark Supplies,North,Priya Nair,EA-MCB 32A,Electrical Accessories,Mid,42,650,0.044,621.33,455,26095.86,6985.86,0
ORD-00387,2025-07-11,ACC-113,Meadowlark Supplies,North,Priya Nair,CN-Drill Bit Set,Consumables,Low,99,560,0.039,538.22,476,53283.78,6159.78,0
ORD-00387,2025-07-11,ACC-113,Meadowlark Supplies,North,Priya Nair,PT-Rotary Hammer SDS,Power Tools,High,1,14800,0.036,14264.46,8584,14264.46,5680.46,0
ORD-00387,2025-07-11,ACC-113,Meadowlark Supplies,North,Priya Nair,FF-Anchor Bolt Assortment,Fasteners & Fittings,Mid,36,900,0.064,842.18,630,30318.48,7638.48,0
ORD-00387,2025-07-11,ACC-113,Meadowlark Supplies,North,Priya Nair,PH-Precision Torque Wrench,Precision Hardware,High,2,7300,0.052,6922.0,4380,13844.0,5084.0,0
ORD-00388,2025-08-09,ACC-113,Meadowlark Supplies,North,Priya Nair,SB-Safety Gloves 12pr,Safety Basics,Low,84,360,0.019,353.08,306,29658.72,3954.72,0
ORD-00388,2025-08-09,ACC-113,Meadowlark Supplies,North,Priya Nair,PH-Precision Torque Wrench,Precision Hardware,High,2,7300,0.044,6978.24,4380,13956.48,5196.48,0
ORD-00388,2025-08-09,ACC-113,Meadowlark Supplies,North,Priya Nair,EA-Cable Gland Set,Electrical Accessories,Mid,26,1100,0.034,1063.15,770,27641.9,7621.9,0
ORD-00388,2025-08-09,ACC-113,Meadowlark Supplies,North,Priya Nair,PT-Angle Grinder 900W,Power Tools,High,3,6400,0.08,5888.44,3712,17665.32,6529.32,0
ORD-00389,2025-08-10,ACC-113,Meadowlark Supplies,North,Priya Nair,FF-Stainless Fastener Pack,Fasteners & Fittings,Mid,22,1400,0.034,1352.54,980,29755.88,8195.88,0
ORD-00389,2025-08-10,ACC-113,Meadowlark Supplies,North,Priya Nair,DG-Thermal Imager,Diagnostic Equipment,High,1,38000,0.093,34471.66,20900,34471.66,13571.66,0
ORD-00389,2025-08-10,ACC-113,Meadowlark Supplies,North,Priya Nair,CM-Shop Wipes Bulk,Cleaning & Maintenance,Low,106,260,0.047,247.88,224,26275.28,2531.28,0
ORD-00389,2025-08-10,ACC-113,Meadowlark Supplies,North,Priya Nair,CN-Cutting Blade 10pk,Consumables,Low,129,420,0.055,397.05,357,51219.45,5166.45,0
ORD-00390,2025-09-04,ACC-113,Meadowlark Supplies,North,Priya Nair,EA-Cable Gland Set,Electrical Accessories,Mid,23,1100,0.011,1087.55,770,25013.65,7303.65,0
ORD-00390,2025-09-04,ACC-113,Meadowlark Supplies,North,Priya Nair,PT-Rotary Hammer SDS,Power Tools,High,1,14800,0.051,14038.35,8584,14038.35,5454.35,0
ORD-00390,2025-09-04,ACC-113,Meadowlark Supplies,North,Priya Nair,PH-Bearing Puller Kit,Precision Hardware,High,3,5600,0.06,5264.06,3360,15792.18,5712.18,0
ORD-00390,2025-09-04,ACC-113,Meadowlark Supplies,North,Priya Nair,DG-Insulation Tester,Diagnostic Equipment,High,1,21000,0.04,20158.82,11550,20158.82,8608.82,0
ORD-00390,2025-09-04,ACC-113,Meadowlark Supplies,North,Priya Nair,FF-Anchor Bolt Assortment,Fasteners & Fittings,Mid,36,900,0.08,827.7,630,29797.2,7117.2,0
ORD-00390,2025-09-04,ACC-113,Meadowlark Supplies,North,Priya Nair,SB-Safety Gloves 12pr,Safety Basics,Low,94,360,0.077,332.39,306,31244.66,2480.66,0
ORD-00390,2025-09-04,ACC-113,Meadowlark Supplies,North,Priya Nair,CM-Shop Wipes Bulk,Cleaning & Maintenance,Low,108,260,0.06,244.36,224,26390.88,2198.88,0
ORD-00390,2025-09-04,ACC-113,Meadowlark Supplies,North,Priya Nair,CN-Abrasive Discs 25pk,Consumables,Low,186,300,0.051,284.69,255,52952.34,5522.34,0
ORD-00391,2025-10-07,ACC-113,Meadowlark Supplies,North,Priya Nair,SB-Safety Gloves 12pr,Safety Basics,Low,89,360,0.034,347.69,306,30944.41,3710.41,0
ORD-00391,2025-10-07,ACC-113,Meadowlark Supplies,North,Priya Nair,FF-Stainless Fastener Pack,Fasteners & Fittings,Mid,23,1400,0.036,1349.84,980,31046.32,8506.32,0
ORD-00391,2025-10-07,ACC-113,Meadowlark Supplies,North,Priya Nair,EA-Cable Gland Set,Electrical Accessories,Mid,26,1100,0.059,1035.27,770,26917.02,6897.02,0
ORD-00391,2025-10-07,ACC-113,Meadowlark Supplies,North,Priya Nair,PT-Cordless Drill 18V,Power Tools,High,2,9200,0.059,8659.37,5336,17318.74,6646.74,0
ORD-00391,2025-10-07,ACC-113,Meadowlark Supplies,North,Priya Nair,CM-Shop Wipes Bulk,Cleaning & Maintenance,Low,109,260,0.078,239.75,224,26132.75,1716.75,0
ORD-00391,2025-10-07,ACC-113,Meadowlark Supplies,North,Priya Nair,PH-Precision Torque Wrench,Precision Hardware,High,2,7300,0.053,6913.26,4380,13826.52,5066.52,0
ORD-00391,2025-10-07,ACC-113,Meadowlark Supplies,North,Priya Nair,DG-Insulation Tester,Diagnostic Equipment,High,1,21000,0.041,20147.96,11550,20147.96,8597.96,0
ORD-00391,2025-10-07,ACC-113,Meadowlark Supplies,North,Priya Nair,CN-Cutting Blade 10pk,Consumables,Low,138,420,0.075,388.65,357,53633.7,4367.7,0
ORD-00393,2025-11-21,ACC-113,Meadowlark Supplies,North,Priya Nair,DG-Insulation Tester,Diagnostic Equipment,High,1,21000,0.049,19961.15,11550,19961.15,8411.15,0
ORD-00393,2025-11-21,ACC-113,Meadowlark Supplies,North,Priya Nair,PH-Micrometer Set,Precision Hardware,High,4,4100,0.042,3927.56,2460,15710.24,5870.24,0
ORD-00393,2025-11-21,ACC-113,Meadowlark Supplies,North,Priya Nair,FF-Stainless Fastener Pack,Fasteners & Fittings,Mid,22,1400,0.003,1395.55,980,30702.1,9142.1,0
ORD-00393,2025-11-21,ACC-113,Meadowlark Supplies,North,Priya Nair,CM-Shop Wipes Bulk,Cleaning & Maintenance,Low,104,260,0.079,239.49,224,24906.96,1610.96,0
ORD-00392,2025-11-27,ACC-113,Meadowlark Supplies,North,Priya Nair,EA-MCB 32A,Electrical Accessories,Mid,39,650,0.059,611.77,455,23859.03,6114.03,0
ORD-00392,2025-11-27,ACC-113,Meadowlark Supplies,North,Priya Nair,SB-Safety Glasses 10pk,Safety Basics,Low,126,240,0.058,226.03,204,28479.78,2775.78,0
ORD-00392,2025-11-27,ACC-113,Meadowlark Supplies,North,Priya Nair,CN-Cutting Blade 10pk,Consumables,Low,136,420,0.09,382.19,357,51977.84,3425.84,0
ORD-00392,2025-11-27,ACC-113,Meadowlark Supplies,North,Priya Nair,PT-Rotary Hammer SDS,Power Tools,High,1,14800,0.021,14488.68,8584,14488.68,5904.68,0
ORD-00394,2025-12-08,ACC-113,Meadowlark Supplies,North,Priya Nair,CM-Degreaser 5L,Cleaning & Maintenance,Low,49,480,0.033,464.11,413,22741.39,2504.39,0
ORD-00394,2025-12-08,ACC-113,Meadowlark Supplies,North,Priya Nair,PT-Rotary Hammer SDS,Power Tools,High,1,14800,0.079,13636.54,8584,13636.54,5052.54,0
ORD-00394,2025-12-08,ACC-113,Meadowlark Supplies,North,Priya Nair,FF-Anchor Bolt Assortment,Fasteners & Fittings,Mid,34,900,0.058,847.39,630,28811.26,7391.26,0
ORD-00394,2025-12-08,ACC-113,Meadowlark Supplies,North,Priya Nair,PH-Precision Torque Wrench,Precision Hardware,High,2,7300,0.041,6998.58,4380,13997.16,5237.16,0
ORD-00394,2025-12-08,ACC-113,Meadowlark Supplies,North,Priya Nair,CN-Drill Bit Set,Consumables,Low,92,560,0.05,531.87,476,48932.04,5140.04,0
ORD-00394,2025-12-08,ACC-113,Meadowlark Supplies,North,Priya Nair,EA-Cable Gland Set,Electrical Accessories,Mid,22,1100,0.039,1057.62,770,23267.64,6327.64,0
ORD-00394,2025-12-08,ACC-113,Meadowlark Supplies,North,Priya Nair,SB-Safety Gloves 12pr,Safety Basics,Low,95,360,0.081,331.01,306,31445.95,2375.95,0
ORD-00394,2025-12-08,ACC-113,Meadowlark Supplies,North,Priya Nair,DG-Insulation Tester,Diagnostic Equipment,High,1,21000,0.083,19258.96,11550,19258.96,7708.96,0
ORD-00395,2026-01-05,ACC-113,Meadowlark Supplies,North,Priya Nair,PT-Rotary Hammer SDS,Power Tools,High,1,14800,0.063,13872.33,8584,13872.33,5288.33,0
ORD-00395,2026-01-05,ACC-113,Meadowlark Supplies,North,Priya Nair,DG-Insulation Tester,Diagnostic Equipment,High,1,21000,0.035,20274.72,11550,20274.72,8724.72,0
ORD-00395,2026-01-05,ACC-113,Meadowlark Supplies,North,Priya Nair,PH-Micrometer Set,Precision Hardware,High,4,4100,0.066,3827.59,2460,15310.36,5470.36,0
ORD-00395,2026-01-05,ACC-113,Meadowlark Supplies,North,Priya Nair,FF-Stainless Fastener Pack,Fasteners & Fittings,Mid,21,1400,0.042,1341.0,980,28161.0,7581.0,0
ORD-00395,2026-01-05,ACC-113,Meadowlark Supplies,North,Priya Nair,CM-Shop Wipes Bulk,Cleaning & Maintenance,Low,98,260,0.044,248.57,224,24359.86,2407.86,0
ORD-00395,2026-01-05,ACC-113,Meadowlark Supplies,North,Priya Nair,SB-Safety Gloves 12pr,Safety Basics,Low,85,360,0.081,331.0,306,28135.0,2125.0,0
ORD-00395,2026-01-05,ACC-113,Meadowlark Supplies,North,Priya Nair,EA-Cable Gland Set,Electrical Accessories,Mid,25,1100,0.076,1015.87,770,25396.75,6146.75,0
ORD-00395,2026-01-05,ACC-113,Meadowlark Supplies,North,Priya Nair,CN-Cutting Blade 10pk,Consumables,Low,120,420,0.039,403.69,357,48442.8,5602.8,0
ORD-00396,2026-02-20,ACC-113,Meadowlark Supplies,North,Priya Nair,DG-Thermal Imager,Diagnostic Equipment,High,1,38000,0.024,37071.23,20900,37071.23,16171.23,0
ORD-00396,2026-02-20,ACC-113,Meadowlark Supplies,North,Priya Nair,CN-Cutting Blade 10pk,Consumables,Low,133,420,0.056,396.5,357,52734.5,5253.5,0
ORD-00396,2026-02-20,ACC-113,Meadowlark Supplies,North,Priya Nair,FF-Anchor Bolt Assortment,Fasteners & Fittings,Mid,32,900,0.051,853.84,630,27322.88,7162.88,0
ORD-00396,2026-02-20,ACC-113,Meadowlark Supplies,North,Priya Nair,PT-Rotary Hammer SDS,Power Tools,High,1,14800,0.023,14466.8,8584,14466.8,5882.8,0
ORD-00396,2026-02-20,ACC-113,Meadowlark Supplies,North,Priya Nair,PH-Precision Torque Wrench,Precision Hardware,High,2,7300,0.062,6850.37,4380,13700.74,4940.74,0
ORD-00396,2026-02-20,ACC-113,Meadowlark Supplies,North,Priya Nair,SB-Safety Glasses 10pk,Safety Basics,Low,123,240,0.074,222.14,204,27323.22,2231.22,0
ORD-00396,2026-02-20,ACC-113,Meadowlark Supplies,North,Priya Nair,CM-Shop Wipes Bulk,Cleaning & Maintenance,Low,94,260,0.051,246.64,224,23184.16,2128.16,0
ORD-00396,2026-02-20,ACC-113,Meadowlark Supplies,North,Priya Nair,EA-MCB 32A,Electrical Accessories,Mid,43,650,0.087,593.2,455,25507.6,5942.6,0
ORD-00397,2026-03-14,ACC-113,Meadowlark Supplies,North,Priya Nair,PH-Bearing Puller Kit,Precision Hardware,High,3,5600,0.063,5248.15,3360,15744.45,5664.45,0
ORD-00397,2026-03-14,ACC-113,Meadowlark Supplies,North,Priya Nair,EA-MCB 32A,Electrical Accessories,Mid,39,650,0.045,621.02,455,24219.78,6474.78,0
ORD-00397,2026-03-14,ACC-113,Meadowlark Supplies,North,Priya Nair,PT-Angle Grinder 900W,Power Tools,High,3,6400,0.06,6014.79,3712,18044.37,6908.37,0
ORD-00397,2026-03-14,ACC-113,Meadowlark Supplies,North,Priya Nair,CN-Drill Bit Set,Consumables,Low,90,560,0.064,523.96,476,47156.4,4316.4,0
ORD-00397,2026-03-14,ACC-113,Meadowlark Supplies,North,Priya Nair,CM-Degreaser 5L,Cleaning & Maintenance,Low,54,480,0.039,461.14,413,24901.56,2599.56,0
ORD-00397,2026-03-14,ACC-113,Meadowlark Supplies,North,Priya Nair,FF-Stainless Fastener Pack,Fasteners & Fittings,Mid,23,1400,0.046,1335.12,980,30707.76,8167.76,0
ORD-00397,2026-03-14,ACC-113,Meadowlark Supplies,North,Priya Nair,SB-Safety Gloves 12pr,Safety Basics,Low,91,360,0.075,332.95,306,30298.45,2452.45,0
ORD-00397,2026-03-14,ACC-113,Meadowlark Supplies,North,Priya Nair,DG-Digital Multimeter Pro,Diagnostic Equipment,High,1,12500,0.048,11894.68,6875,11894.68,5019.68,0
ORD-00398,2026-04-15,ACC-113,Meadowlark Supplies,North,Priya Nair,SB-Safety Gloves 12pr,Safety Basics,Low,90,360,0.061,338.22,306,30439.8,2899.8,0
ORD-00398,2026-04-15,ACC-113,Meadowlark Supplies,North,Priya Nair,DG-Thermal Imager,Diagnostic Equipment,High,1,38000,0.072,35272.88,20900,35272.88,14372.88,0
ORD-00398,2026-04-15,ACC-113,Meadowlark Supplies,North,Priya Nair,PH-Precision Torque Wrench,Precision Hardware,High,2,7300,0.037,7026.77,4380,14053.54,5293.54,0
ORD-00398,2026-04-15,ACC-113,Meadowlark Supplies,North,Priya Nair,FF-Anchor Bolt Assortment,Fasteners & Fittings,Mid,34,900,0.017,885.05,630,30091.7,8671.7,0
ORD-00398,2026-04-15,ACC-113,Meadowlark Supplies,North,Priya Nair,CM-Shop Wipes Bulk,Cleaning & Maintenance,Low,106,260,0.051,246.81,224,26161.86,2417.86,0
ORD-00398,2026-04-15,ACC-113,Meadowlark Supplies,North,Priya Nair,CN-Drill Bit Set,Consumables,Low,85,560,0.038,538.99,476,45814.15,5354.15,0
ORD-00398,2026-04-15,ACC-113,Meadowlark Supplies,North,Priya Nair,EA-Cable Gland Set,Electrical Accessories,Mid,23,1100,0.051,1044.04,770,24012.92,6302.92,0
ORD-00398,2026-04-15,ACC-113,Meadowlark Supplies,North,Priya Nair,PT-Cordless Drill 18V,Power Tools,High,2,9200,0.092,8350.09,5336,16700.18,6028.18,0
ORD-00399,2026-05-10,ACC-113,Meadowlark Supplies,North,Priya Nair,PT-Rotary Hammer SDS,Power Tools,High,1,14800,0.04,14213.62,8584,14213.62,5629.62,0
ORD-00399,2026-05-10,ACC-113,Meadowlark Supplies,North,Priya Nair,CM-Shop Wipes Bulk,Cleaning & Maintenance,Low,92,260,0.005,258.66,224,23796.72,3188.72,0
ORD-00399,2026-05-10,ACC-113,Meadowlark Supplies,North,Priya Nair,CN-Cutting Blade 10pk,Consumables,Low,119,420,0.054,397.42,357,47292.98,4809.98,0
ORD-00399,2026-05-10,ACC-113,Meadowlark Supplies,North,Priya Nair,PH-Bearing Puller Kit,Precision Hardware,High,3,5600,0.042,5362.64,3360,16087.92,6007.92,0
ORD-00399,2026-05-10,ACC-113,Meadowlark Supplies,North,Priya Nair,DG-Digital Multimeter Pro,Diagnostic Equipment,High,1,12500,0.05,11881.14,6875,11881.14,5006.14,0
ORD-00399,2026-05-10,ACC-113,Meadowlark Supplies,North,Priya Nair,EA-MCB 32A,Electrical Accessories,Mid,41,650,0.052,616.28,455,25267.48,6612.48,0
ORD-00399,2026-05-10,ACC-113,Meadowlark Supplies,North,Priya Nair,FF-Anchor Bolt Assortment,Fasteners & Fittings,Mid,35,900,0.022,880.29,630,30810.15,8760.15,0
ORD-00399,2026-05-10,ACC-113,Meadowlark Supplies,North,Priya Nair,SB-Safety Glasses 10pk,Safety Basics,Low,128,240,0.082,220.3,204,28198.4,2086.4,0
ORD-00400,2026-06-06,ACC-113,Meadowlark Supplies,North,Priya Nair,PT-Angle Grinder 900W,Power Tools,High,3,6400,0.054,6055.88,3712,18167.64,7031.64,0
ORD-00400,2026-06-06,ACC-113,Meadowlark Supplies,North,Priya Nair,CN-Abrasive Discs 25pk,Consumables,Low,188,300,0.044,286.84,255,53925.92,5985.92,0
ORD-00400,2026-06-06,ACC-113,Meadowlark Supplies,North,Priya Nair,CM-Shop Wipes Bulk,Cleaning & Maintenance,Low,109,260,0.035,250.8,224,27337.2,2921.2,0
ORD-00400,2026-06-06,ACC-113,Meadowlark Supplies,North,Priya Nair,PH-Precision Torque Wrench,Precision Hardware,High,2,7300,0.087,6667.38,4380,13334.76,4574.76,0
ORD-00400,2026-06-06,ACC-113,Meadowlark Supplies,North,Priya Nair,EA-Cable Gland Set,Electrical Accessories,Mid,25,1100,0.029,1068.42,770,26710.5,7460.5,0
ORD-00400,2026-06-06,ACC-113,Meadowlark Supplies,North,Priya Nair,SB-Safety Glasses 10pk,Safety Basics,Low,118,240,0.03,232.88,204,27479.84,3407.84,0
ORD-00400,2026-06-06,ACC-113,Meadowlark Supplies,North,Priya Nair,DG-Thermal Imager,Diagnostic Equipment,High,1,38000,0.032,36778.93,20900,36778.93,15878.93,0
ORD-00400,2026-06-06,ACC-113,Meadowlark Supplies,North,Priya Nair,FF-Anchor Bolt Assortment,Fasteners & Fittings,Mid,33,900,0.064,842.01,630,27786.33,6996.33,0
ORD-00401,2026-07-15,ACC-113,Meadowlark Supplies,North,Priya Nair,CN-Abrasive Discs 25pk,Consumables,Low,177,300,0.068,279.64,255,49496.28,4361.28,0
ORD-00401,2026-07-15,ACC-113,Meadowlark Supplies,North,Priya Nair,PT-Rotary Hammer SDS,Power Tools,High,1,14800,0.059,13930.82,8584,13930.82,5346.82,0
ORD-00401,2026-07-15,ACC-113,Meadowlark Supplies,North,Priya Nair,DG-Digital Multimeter Pro,Diagnostic Equipment,High,1,12500,0.064,11695.78,6875,11695.78,4820.78,0
ORD-00401,2026-07-15,ACC-113,Meadowlark Supplies,North,Priya Nair,PH-Bearing Puller Kit,Precision Hardware,High,3,5600,0.062,5252.52,3360,15757.56,5677.56,0
ORD-00401,2026-07-15,ACC-113,Meadowlark Supplies,North,Priya Nair,FF-Anchor Bolt Assortment,Fasteners & Fittings,Mid,37,900,0.053,852.09,630,31527.33,8217.33,0
ORD-00401,2026-07-15,ACC-113,Meadowlark Supplies,North,Priya Nair,SB-Safety Gloves 12pr,Safety Basics,Low,85,360,0.093,326.39,306,27743.15,1733.15,0
ORD-00401,2026-07-15,ACC-113,Meadowlark Supplies,North,Priya Nair,EA-Cable Gland Set,Electrical Accessories,Mid,25,1100,0.054,1040.61,770,26015.25,6765.25,0
ORD-00401,2026-07-15,ACC-113,Meadowlark Supplies,North,Priya Nair,CM-Shop Wipes Bulk,Cleaning & Maintenance,Low,99,260,0.07,241.77,224,23935.23,1759.23,0
ORD-00402,2026-08-27,ACC-113,Meadowlark Supplies,North,Priya Nair,CN-Cutting Blade 10pk,Consumables,Low,128,420,0.025,409.56,357,52423.68,6727.68,0
ORD-00402,2026-08-27,ACC-113,Meadowlark Supplies,North,Priya Nair,FF-Stainless Fastener Pack,Fasteners & Fittings,Mid,22,1400,0.025,1364.42,980,30017.24,8457.24,0
ORD-00402,2026-08-27,ACC-113,Meadowlark Supplies,North,Priya Nair,PT-Rotary Hammer SDS,Power Tools,High,1,14800,0.064,13852.01,8584,13852.01,5268.01,0
ORD-00402,2026-08-27,ACC-113,Meadowlark Supplies,North,Priya Nair,CM-Degreaser 5L,Cleaning & Maintenance,Low,54,480,0.03,465.41,413,25132.14,2830.14,0
ORD-00402,2026-08-27,ACC-113,Meadowlark Supplies,North,Priya Nair,PH-Precision Torque Wrench,Precision Hardware,High,2,7300,0.038,7026.19,4380,14052.38,5292.38,0
ORD-00402,2026-08-27,ACC-113,Meadowlark Supplies,North,Priya Nair,DG-Digital Multimeter Pro,Diagnostic Equipment,High,1,12500,0.066,11678.43,6875,11678.43,4803.43,0
ORD-00402,2026-08-27,ACC-113,Meadowlark Supplies,North,Priya Nair,SB-Safety Gloves 12pr,Safety Basics,Low,97,360,0.055,340.33,306,33012.01,3330.01,0
ORD-00402,2026-08-27,ACC-113,Meadowlark Supplies,North,Priya Nair,EA-MCB 32A,Electrical Accessories,Mid,41,650,0.068,605.58,455,24828.78,6173.78,0
ORD-00403,2024-09-19,ACC-114,Ironclad Retailers,South,Rohit Sharma,FF-Anchor Bolt Assortment,Fasteners & Fittings,Mid,38,900,0.084,824.35,630,31325.3,7385.3,0
ORD-00403,2024-09-19,ACC-114,Ironclad Retailers,South,Rohit Sharma,CN-Drill Bit Set,Consumables,Low,48,560,0.069,521.08,476,25011.84,2163.84,0
ORD-00403,2024-09-19,ACC-114,Ironclad Retailers,South,Rohit Sharma,CM-Degreaser 5L,Cleaning & Maintenance,Low,25,480,0.047,457.45,413,11436.25,1111.25,0
ORD-00403,2024-09-19,ACC-114,Ironclad Retailers,South,Rohit Sharma,PT-Rotary Hammer SDS,Power Tools,High,3,14800,0.048,14096.49,8584,42289.47,16537.47,0
ORD-00403,2024-09-19,ACC-114,Ironclad Retailers,South,Rohit Sharma,PH-Precision Torque Wrench,Precision Hardware,High,5,7300,0.037,7029.31,4380,35146.55,13246.55,0
ORD-00403,2024-09-19,ACC-114,Ironclad Retailers,South,Rohit Sharma,EA-Cable Gland Set,Electrical Accessories,Mid,22,1100,0.032,1064.7,770,23423.4,6483.4,0
ORD-00403,2024-09-19,ACC-114,Ironclad Retailers,South,Rohit Sharma,DG-Thermal Imager,Diagnostic Equipment,High,1,38000,0.019,37282.31,20900,37282.31,16382.31,0
ORD-00403,2024-09-19,ACC-114,Ironclad Retailers,South,Rohit Sharma,SB-Safety Gloves 12pr,Safety Basics,Low,47,360,0.042,345.04,306,16216.88,1834.88,0
ORD-00404,2024-10-10,ACC-114,Ironclad Retailers,South,Rohit Sharma,FF-Anchor Bolt Assortment,Fasteners & Fittings,Mid,31,900,0.023,879.64,630,27268.84,7738.84,0
ORD-00404,2024-10-10,ACC-114,Ironclad Retailers,South,Rohit Sharma,PT-Angle Grinder 900W,Power Tools,High,7,6400,0.093,5806.63,3712,40646.41,14662.41,0
ORD-00404,2024-10-10,ACC-114,Ironclad Retailers,South,Rohit Sharma,EA-MCB 32A,Electrical Accessories,Mid,44,650,0.048,618.83,455,27228.52,7208.52,0
ORD-00404,2024-10-10,ACC-114,Ironclad Retailers,South,Rohit Sharma,CN-Abrasive Discs 25pk,Consumables,Low,100,300,0.05,285.11,255,28511.0,3011.0,0
ORD-00404,2024-10-10,ACC-114,Ironclad Retailers,South,Rohit Sharma,PH-Micrometer Set,Precision Hardware,High,8,4100,0.011,4056.92,2460,32455.36,12775.36,0
ORD-00404,2024-10-10,ACC-114,Ironclad Retailers,South,Rohit Sharma,DG-Insulation Tester,Diagnostic Equipment,High,2,21000,0.038,20192.64,11550,40385.28,17285.28,0
ORD-00404,2024-10-10,ACC-114,Ironclad Retailers,South,Rohit Sharma,SB-Safety Glasses 10pk,Safety Basics,Low,66,240,0.048,228.51,204,15081.66,1617.66,0
ORD-00404,2024-10-10,ACC-114,Ironclad Retailers,South,Rohit Sharma,CM-Degreaser 5L,Cleaning & Maintenance,Low,26,480,0.035,463.21,413,12043.46,1305.46,0
ORD-00405,2024-11-26,ACC-114,Ironclad Retailers,South,Rohit Sharma,DG-Thermal Imager,Diagnostic Equipment,High,1,38000,0.04,36479.17,20900,36479.17,15579.17,0
ORD-00405,2024-11-26,ACC-114,Ironclad Retailers,South,Rohit Sharma,SB-Safety Gloves 12pr,Safety Basics,Low,48,360,0.081,330.88,306,15882.24,1194.24,0
ORD-00405,2024-11-26,ACC-114,Ironclad Retailers,South,Rohit Sharma,CM-Shop Wipes Bulk,Cleaning & Maintenance,Low,48,260,0.055,245.82,224,11799.36,1047.36,0
ORD-00405,2024-11-26,ACC-114,Ironclad Retailers,South,Rohit Sharma,CN-Cutting Blade 10pk,Consumables,Low,60,420,0.037,404.48,357,24268.8,2848.8,0
ORD-00405,2024-11-26,ACC-114,Ironclad Retailers,South,Rohit Sharma,EA-MCB 32A,Electrical Accessories,Mid,37,650,0.05,617.36,455,22842.32,6007.32,0
ORD-00405,2024-11-26,ACC-114,Ironclad Retailers,South,Rohit Sharma,PH-Precision Torque Wrench,Precision Hardware,High,5,7300,0.048,6952.0,4380,34760.0,12860.0,0
ORD-00405,2024-11-26,ACC-114,Ironclad Retailers,South,Rohit Sharma,FF-Anchor Bolt Assortment,Fasteners & Fittings,Mid,37,900,0.075,832.73,630,30811.01,7501.01,0
ORD-00405,2024-11-26,ACC-114,Ironclad Retailers,South,Rohit Sharma,PT-Angle Grinder 900W,Power Tools,High,7,6400,0.028,6222.18,3712,43555.26,17571.26,0
ORD-00406,2024-12-01,ACC-114,Ironclad Retailers,South,Rohit Sharma,CN-Abrasive Discs 25pk,Consumables,Low,81,300,0.031,290.79,255,23553.99,2898.99,0
ORD-00406,2024-12-01,ACC-114,Ironclad Retailers,South,Rohit Sharma,DG-Thermal Imager,Diagnostic Equipment,High,1,38000,0.038,36571.26,20900,36571.26,15671.26,0
ORD-00406,2024-12-01,ACC-114,Ironclad Retailers,South,Rohit Sharma,PT-Rotary Hammer SDS,Power Tools,High,3,14800,0.06,13909.46,8584,41728.38,15976.38,0
ORD-00406,2024-12-01,ACC-114,Ironclad Retailers,South,Rohit Sharma,CM-Degreaser 5L,Cleaning & Maintenance,Low,26,480,0.007,476.54,413,12390.04,1652.04,0
ORD-00407,2024-12-05,ACC-114,Ironclad Retailers,South,Rohit Sharma,FF-Stainless Fastener Pack,Fasteners & Fittings,Mid,23,1400,0.063,1312.41,980,30185.43,7645.43,0
ORD-00407,2024-12-05,ACC-114,Ironclad Retailers,South,Rohit Sharma,SB-Safety Gloves 12pr,Safety Basics,Low,45,360,0.086,329.21,306,14814.45,1044.45,0
ORD-00407,2024-12-05,ACC-114,Ironclad Retailers,South,Rohit Sharma,EA-Cable Gland Set,Electrical Accessories,Mid,21,1100,0.013,1085.38,770,22792.98,6622.98,0
ORD-00407,2024-12-05,ACC-114,Ironclad Retailers,South,Rohit Sharma,PH-Precision Torque Wrench,Precision Hardware,High,4,7300,0.007,7250.93,4380,29003.72,11483.72,0
ORD-00408,2025-01-17,ACC-114,Ironclad Retailers,South,Rohit Sharma,PH-Micrometer Set,Precision Hardware,High,8,4100,0.035,3954.8,2460,31638.4,11958.4,0
ORD-00408,2025-01-17,ACC-114,Ironclad Retailers,South,Rohit Sharma,CN-Abrasive Discs 25pk,Consumables,Low,97,300,0.05,285.14,255,27658.58,2923.58,0
ORD-00408,2025-01-17,ACC-114,Ironclad Retailers,South,Rohit Sharma,DG-Insulation Tester,Diagnostic Equipment,High,2,21000,0.047,20014.46,11550,40028.92,16928.92,0
ORD-00408,2025-01-17,ACC-114,Ironclad Retailers,South,Rohit Sharma,PT-Cordless Drill 18V,Power Tools,High,5,9200,0.089,8385.77,5336,41928.85,15248.85,0
ORD-00408,2025-01-17,ACC-114,Ironclad Retailers,South,Rohit Sharma,FF-Anchor Bolt Assortment,Fasteners & Fittings,Mid,37,900,0.071,836.02,630,30932.74,7622.74,0
ORD-00408,2025-01-17,ACC-114,Ironclad Retailers,South,Rohit Sharma,CM-Degreaser 5L,Cleaning & Maintenance,Low,25,480,0.062,450.22,413,11255.5,930.5,0
ORD-00408,2025-01-17,ACC-114,Ironclad Retailers,South,Rohit Sharma,EA-MCB 32A,Electrical Accessories,Mid,42,650,0.06,611.27,455,25673.34,6563.34,0
ORD-00408,2025-01-17,ACC-114,Ironclad Retailers,South,Rohit Sharma,SB-Safety Gloves 12pr,Safety Basics,Low,42,360,0.043,344.49,306,14468.58,1616.58,0
ORD-00409,2025-02-14,ACC-114,Ironclad Retailers,South,Rohit Sharma,DG-Insulation Tester,Diagnostic Equipment,High,1,21000,0.027,20431.65,11550,20431.65,8881.65,0
ORD-00409,2025-02-14,ACC-114,Ironclad Retailers,South,Rohit Sharma,EA-Cable Gland Set,Electrical Accessories,Mid,24,1100,0.032,1064.28,770,25542.72,7062.72,0
ORD-00409,2025-02-14,ACC-114,Ironclad Retailers,South,Rohit Sharma,SB-Safety Gloves 12pr,Safety Basics,Low,41,360,0.029,349.59,306,14333.19,1787.19,0
ORD-00409,2025-02-14,ACC-114,Ironclad Retailers,South,Rohit Sharma,FF-Stainless Fastener Pack,Fasteners & Fittings,Mid,22,1400,0.061,1314.09,980,28909.98,7349.98,0
ORD-00409,2025-02-14,ACC-114,Ironclad Retailers,South,Rohit Sharma,PH-Micrometer Set,Precision Hardware,High,8,4100,0.041,3931.05,2460,31448.4,11768.4,0
ORD-00409,2025-02-14,ACC-114,Ironclad Retailers,South,Rohit Sharma,CN-Drill Bit Set,Consumables,Low,53,560,0.071,520.22,476,27571.66,2343.66,0
ORD-00409,2025-02-14,ACC-114,Ironclad Retailers,South,Rohit Sharma,CM-Shop Wipes Bulk,Cleaning & Maintenance,Low,47,260,0.014,256.48,224,12054.56,1526.56,0
ORD-00409,2025-02-14,ACC-114,Ironclad Retailers,South,Rohit Sharma,PT-Cordless Drill 18V,Power Tools,High,5,9200,0.057,8672.48,5336,43362.4,16682.4,0
ORD-00410,2025-03-26,ACC-114,Ironclad Retailers,South,Rohit Sharma,CN-Drill Bit Set,Consumables,Low,46,560,0.022,547.47,476,25183.62,3287.62,0
ORD-00410,2025-03-26,ACC-114,Ironclad Retailers,South,Rohit Sharma,CM-Shop Wipes Bulk,Cleaning & Maintenance,Low,54,260,0.065,243.2,224,13132.8,1036.8,0
ORD-00410,2025-03-26,ACC-114,Ironclad Retailers,South,Rohit Sharma,DG-Insulation Tester,Diagnostic Equipment,High,2,21000,0.07,19534.65,11550,39069.3,15969.3,0
ORD-00410,2025-03-26,ACC-114,Ironclad Retailers,South,Rohit Sharma,FF-Stainless Fastener Pack,Fasteners & Fittings,Mid,22,1400,0.034,1352.03,980,29744.66,8184.66,0
ORD-00410,2025-03-26,ACC-114,Ironclad Retailers,South,Rohit Sharma,SB-Safety Glasses 10pk,Safety Basics,Low,66,240,0.041,230.27,204,15197.82,1733.82,0
ORD-00410,2025-03-26,ACC-114,Ironclad Retailers,South,Rohit Sharma,PH-Micrometer Set,Precision Hardware,High,8,4100,0.061,3849.06,2460,30792.48,11112.48,0
ORD-00410,2025-03-26,ACC-114,Ironclad Retailers,South,Rohit Sharma,EA-MCB 32A,Electrical Accessories,Mid,42,650,0.08,597.98,455,25115.16,6005.16,0
ORD-00410,2025-03-26,ACC-114,Ironclad Retailers,South,Rohit Sharma,PT-Cordless Drill 18V,Power Tools,High,4,9200,0.014,9073.71,5336,36294.84,14950.84,0
ORD-00411,2025-04-18,ACC-114,Ironclad Retailers,South,Rohit Sharma,EA-MCB 32A,Electrical Accessories,Mid,37,650,0.041,623.29,455,23061.73,6226.73,0
ORD-00411,2025-04-18,ACC-114,Ironclad Retailers,South,Rohit Sharma,PH-Precision Torque Wrench,Precision Hardware,High,4,7300,0.042,6991.13,4380,27964.52,10444.52,0
ORD-00411,2025-04-18,ACC-114,Ironclad Retailers,South,Rohit Sharma,PT-Angle Grinder 900W,Power Tools,High,7,6400,0.049,6087.33,3712,42611.31,16627.31,0
ORD-00411,2025-04-18,ACC-114,Ironclad Retailers,South,Rohit Sharma,FF-Stainless Fastener Pack,Fasteners & Fittings,Mid,25,1400,0.066,1307.91,980,32697.75,8197.75,0
ORD-00411,2025-04-18,ACC-114,Ironclad Retailers,South,Rohit Sharma,SB-Safety Gloves 12pr,Safety Basics,Low,43,360,0.023,351.87,306,15130.41,1972.41,0
ORD-00411,2025-04-18,ACC-114,Ironclad Retailers,South,Rohit Sharma,CN-Cutting Blade 10pk,Consumables,Low,60,420,0.048,399.94,357,23996.4,2576.4,0
ORD-00411,2025-04-18,ACC-114,Ironclad Retailers,South,Rohit Sharma,CM-Degreaser 5L,Cleaning & Maintenance,Low,25,480,0.082,440.8,413,11020.0,695.0,0
ORD-00411,2025-04-18,ACC-114,Ironclad Retailers,South,Rohit Sharma,DG-Insulation Tester,Diagnostic Equipment,High,2,21000,0.044,20081.54,11550,40163.08,17063.08,0
ORD-00412,2025-05-17,ACC-114,Ironclad Retailers,South,Rohit Sharma,DG-Insulation Tester,Diagnostic Equipment,High,1,21000,0.051,19920.12,11550,19920.12,8370.12,0
ORD-00412,2025-05-17,ACC-114,Ironclad Retailers,South,Rohit Sharma,SB-Safety Gloves 12pr,Safety Basics,Low,42,360,0.03,349.02,306,14658.84,1806.84,0
ORD-00412,2025-05-17,ACC-114,Ironclad Retailers,South,Rohit Sharma,FF-Stainless Fastener Pack,Fasteners & Fittings,Mid,21,1400,0.01,1385.73,980,29100.33,8520.33,0
ORD-00412,2025-05-17,ACC-114,Ironclad Retailers,South,Rohit Sharma,EA-MCB 32A,Electrical Accessories,Mid,44,650,0.051,616.75,455,27137.0,7117.0,0
ORD-00412,2025-05-17,ACC-114,Ironclad Retailers,South,Rohit Sharma,PT-Rotary Hammer SDS,Power Tools,High,3,14800,0.045,14138.16,8584,42414.48,16662.48,0
ORD-00412,2025-05-17,ACC-114,Ironclad Retailers,South,Rohit Sharma,PH-Bearing Puller Kit,Precision Hardware,High,5,5600,0.07,5207.56,3360,26037.8,9237.8,0
ORD-00412,2025-05-17,ACC-114,Ironclad Retailers,South,Rohit Sharma,CN-Abrasive Discs 25pk,Consumables,Low,85,300,0.064,280.7,255,23859.5,2184.5,0
ORD-00412,2025-05-17,ACC-114,Ironclad Retailers,South,Rohit Sharma,CM-Degreaser 5L,Cleaning & Maintenance,Low,28,480,0.065,448.67,413,12562.76,998.76,0
ORD-00413,2025-06-12,ACC-114,Ironclad Retailers,South,Rohit Sharma,EA-MCB 32A,Electrical Accessories,Mid,39,650,0.044,621.59,455,24242.01,6497.01,0
ORD-00413,2025-06-12,ACC-114,Ironclad Retailers,South,Rohit Sharma,DG-Thermal Imager,Diagnostic Equipment,High,1,38000,0.051,36067.64,20900,36067.64,15167.64,0
ORD-00413,2025-06-12,ACC-114,Ironclad Retailers,South,Rohit Sharma,PT-Cordless Drill 18V,Power Tools,High,5,9200,0.037,8859.9,5336,44299.5,17619.5,0
ORD-00413,2025-06-12,ACC-114,Ironclad Retailers,South,Rohit Sharma,PH-Bearing Puller Kit,Precision Hardware,High,5,5600,0.014,5519.67,3360,27598.35,10798.35,0
ORD-00413,2025-06-12,ACC-114,Ironclad Retailers,South,Rohit Sharma,SB-Safety Glasses 10pk,Safety Basics,Low,68,240,0.051,227.66,204,15480.88,1608.88,0
ORD-00413,2025-06-12,ACC-114,Ironclad Retailers,South,Rohit Sharma,FF-Anchor Bolt Assortment,Fasteners & Fittings,Mid,36,900,0.039,864.56,630,31124.16,8444.16,0
ORD-00413,2025-06-12,ACC-114,Ironclad Retailers,South,Rohit Sharma,CN-Drill Bit Set,Consumables,Low,46,560,0.018,549.68,476,25285.28,3389.28,0
ORD-00413,2025-06-12,ACC-114,Ironclad Retailers,South,Rohit Sharma,CM-Shop Wipes Bulk,Cleaning & Maintenance,Low,47,260,0.02,254.79,224,11975.13,1447.13,0
ORD-00414,2025-07-19,ACC-114,Ironclad Retailers,South,Rohit Sharma,DG-Digital Multimeter Pro,Diagnostic Equipment,High,2,12500,0.033,12084.81,6875,24169.62,10419.62,0
ORD-00414,2025-07-19,ACC-114,Ironclad Retailers,South,Rohit Sharma,CM-Degreaser 5L,Cleaning & Maintenance,Low,26,480,0.033,464.02,413,12064.52,1326.52,0
ORD-00414,2025-07-19,ACC-114,Ironclad Retailers,South,Rohit Sharma,FF-Anchor Bolt Assortment,Fasteners & Fittings,Mid,34,900,0.065,841.7,630,28617.8,7197.8,0
ORD-00414,2025-07-19,ACC-114,Ironclad Retailers,South,Rohit Sharma,SB-Safety Gloves 12pr,Safety Basics,Low,47,360,0.092,326.79,306,15359.13,977.13,0
ORD-00414,2025-07-19,ACC-114,Ironclad Retailers,South,Rohit Sharma,PH-Bearing Puller Kit,Precision Hardware,High,5,5600,0.034,5410.48,3360,27052.4,10252.4,0
ORD-00414,2025-07-19,ACC-114,Ironclad Retailers,South,Rohit Sharma,PT-Rotary Hammer SDS,Power Tools,High,3,14800,0.022,14478.19,8584,43434.57,17682.57,0
ORD-00414,2025-07-19,ACC-114,Ironclad Retailers,South,Rohit Sharma,EA-MCB 32A,Electrical Accessories,Mid,38,650,0.044,621.59,455,23620.42,6330.42,0
ORD-00414,2025-07-19,ACC-114,Ironclad Retailers,South,Rohit Sharma,CN-Abrasive Discs 25pk,Consumables,Low,91,300,0.037,288.92,255,26291.72,3086.72,0
ORD-00415,2025-08-13,ACC-114,Ironclad Retailers,South,Rohit Sharma,DG-Thermal Imager,Diagnostic Equipment,High,1,38000,0.038,36565.57,20900,36565.57,15665.57,0
ORD-00415,2025-08-13,ACC-114,Ironclad Retailers,South,Rohit Sharma,PT-Angle Grinder 900W,Power Tools,High,7,6400,0.059,6025.03,3712,42175.21,16191.21,0
ORD-00415,2025-08-13,ACC-114,Ironclad Retailers,South,Rohit Sharma,SB-Safety Gloves 12pr,Safety Basics,Low,47,360,0.041,345.41,306,16234.27,1852.27,0
ORD-00415,2025-08-13,ACC-114,Ironclad Retailers,South,Rohit Sharma,CM-Degreaser 5L,Cleaning & Maintenance,Low,24,480,0.046,457.81,413,10987.44,1075.44,0
ORD-00415,2025-08-13,ACC-114,Ironclad Retailers,South,Rohit Sharma,EA-MCB 32A,Electrical Accessories,Mid,43,650,0.047,619.65,455,26644.95,7079.95,0
ORD-00415,2025-08-13,ACC-114,Ironclad Retailers,South,Rohit Sharma,FF-Stainless Fastener Pack,Fasteners & Fittings,Mid,22,1400,0.051,1329.15,980,29241.3,7681.3,0
ORD-00415,2025-08-13,ACC-114,Ironclad Retailers,South,Rohit Sharma,CN-Drill Bit Set,Consumables,Low,48,560,0.041,537.29,476,25789.92,2941.92,0
ORD-00415,2025-08-13,ACC-114,Ironclad Retailers,South,Rohit Sharma,PH-Micrometer Set,Precision Hardware,High,8,4100,0.064,3839.18,2460,30713.44,11033.44,0
ORD-00416,2025-09-08,ACC-114,Ironclad Retailers,South,Rohit Sharma,DG-Insulation Tester,Diagnostic Equipment,High,2,21000,0.09,19102.66,11550,38205.32,15105.32,0
ORD-00416,2025-09-08,ACC-114,Ironclad Retailers,South,Rohit Sharma,SB-Safety Gloves 12pr,Safety Basics,Low,46,360,0.041,345.32,306,15884.72,1808.72,0
ORD-00416,2025-09-08,ACC-114,Ironclad Retailers,South,Rohit Sharma,PH-Bearing Puller Kit,Precision Hardware,High,6,5600,0.021,5481.93,3360,32891.58,12731.58,0
ORD-00416,2025-09-08,ACC-114,Ironclad Retailers,South,Rohit Sharma,FF-Stainless Fastener Pack,Fasteners & Fittings,Mid,21,1400,0.056,1321.1,980,27743.1,7163.1,0
ORD-00416,2025-09-08,ACC-114,Ironclad Retailers,South,Rohit Sharma,CN-Abrasive Discs 25pk,Consumables,Low,93,300,0.069,279.2,255,25965.6,2250.6,0
ORD-00416,2025-09-08,ACC-114,Ironclad Retailers,South,Rohit Sharma,EA-MCB 32A,Electrical Accessories,Mid,45,650,0.073,602.32,455,27104.4,6629.4,0
ORD-00416,2025-09-08,ACC-114,Ironclad Retailers,South,Rohit Sharma,CM-Degreaser 5L,Cleaning & Maintenance,Low,26,480,0.075,443.77,413,11538.02,800.02,0
ORD-00416,2025-09-08,ACC-114,Ironclad Retailers,South,Rohit Sharma,PT-Angle Grinder 900W,Power Tools,High,8,6400,0.087,5842.55,3712,46740.4,17044.4,0
ORD-00418,2025-10-07,ACC-114,Ironclad Retailers,South,Rohit Sharma,CN-Drill Bit Set,Consumables,Low,143,560,0.05,531.84,476,76053.12,7985.12,0
ORD-00418,2025-10-07,ACC-114,Ironclad Retailers,South,Rohit Sharma,SB-Safety Gloves 12pr,Safety Basics,Low,119,360,0.032,348.59,306,41482.21,5068.21,0
ORD-00418,2025-10-07,ACC-114,Ironclad Retailers,South,Rohit Sharma,EA-MCB 32A,Electrical Accessories,Mid,129,650,0.087,593.16,455,76517.64,17822.64,0
ORD-00418,2025-10-07,ACC-114,Ironclad Retailers,South,Rohit Sharma,PH-Bearing Puller Kit,Precision Hardware,High,16,5600,0.076,5172.95,3360,82767.2,29007.2,0
ORD-00417,2025-10-21,ACC-114,Ironclad Retailers,South,Rohit Sharma,FF-Stainless Fastener Pack,Fasteners & Fittings,Mid,62,1400,0.07,1302.59,980,80760.58,20000.58,0
ORD-00417,2025-10-21,ACC-114,Ironclad Retailers,South,Rohit Sharma,PT-Angle Grinder 900W,Power Tools,High,19,6400,0.068,5964.19,3712,113319.61,42791.61,0
ORD-00417,2025-10-21,ACC-114,Ironclad Retailers,South,Rohit Sharma,CM-Degreaser 5L,Cleaning & Maintenance,Low,77,480,0.027,466.96,413,35955.92,4154.92,0
ORD-00417,2025-10-21,ACC-114,Ironclad Retailers,South,Rohit Sharma,DG-Digital Multimeter Pro,Diagnostic Equipment,High,7,12500,0.043,11964.91,6875,83754.37,35629.37,0
ORD-00419,2025-11-03,ACC-114,Ironclad Retailers,South,Rohit Sharma,PT-Rotary Hammer SDS,Power Tools,High,3,14800,0.04,14207.61,8584,42622.83,16870.83,0
ORD-00419,2025-11-03,ACC-114,Ironclad Retailers,South,Rohit Sharma,SB-Safety Gloves 12pr,Safety Basics,Low,43,360,0.032,348.61,306,14990.23,1832.23,0
ORD-00419,2025-11-03,ACC-114,Ironclad Retailers,South,Rohit Sharma,EA-MCB 32A,Electrical Accessories,Mid,43,650,0.073,602.49,455,25907.07,6342.07,0
ORD-00419,2025-11-03,ACC-114,Ironclad Retailers,South,Rohit Sharma,CM-Shop Wipes Bulk,Cleaning & Maintenance,Low,50,260,0.078,239.71,224,11985.5,785.5,0
ORD-00420,2025-11-05,ACC-114,Ironclad Retailers,South,Rohit Sharma,PH-Precision Torque Wrench,Precision Hardware,High,5,7300,0.012,7213.3,4380,36066.5,14166.5,0
ORD-00420,2025-11-05,ACC-114,Ironclad Retailers,South,Rohit Sharma,FF-Stainless Fastener Pack,Fasteners & Fittings,Mid,24,1400,0.048,1332.32,980,31975.68,8455.68,0
ORD-00420,2025-11-05,ACC-114,Ironclad Retailers,South,Rohit Sharma,CN-Drill Bit Set,Consumables,Low,51,560,0.053,530.26,476,27043.26,2767.26,0
ORD-00420,2025-11-05,ACC-114,Ironclad Retailers,South,Rohit Sharma,DG-Insulation Tester,Diagnostic Equipment,High,1,21000,0.027,20426.5,11550,20426.5,8876.5,0
ORD-00421,2025-12-16,ACC-114,Ironclad Retailers,South,Rohit Sharma,DG-Insulation Tester,Diagnostic Equipment,High,1,21000,0.061,19720.55,11550,19720.55,8170.55,0
ORD-00421,2025-12-16,ACC-114,Ironclad Retailers,South,Rohit Sharma,CM-Degreaser 5L,Cleaning & Maintenance,Low,27,480,0.045,458.56,413,12381.12,1230.12,0
ORD-00421,2025-12-16,ACC-114,Ironclad Retailers,South,Rohit Sharma,PH-Bearing Puller Kit,Precision Hardware,High,6,5600,0.044,5355.28,3360,32131.68,11971.68,0
ORD-00421,2025-12-16,ACC-114,Ironclad Retailers,South,Rohit Sharma,FF-Anchor Bolt Assortment,Fasteners & Fittings,Mid,36,900,0.054,851.11,630,30639.96,7959.96,0
ORD-00422,2025-12-18,ACC-114,Ironclad Retailers,South,Rohit Sharma,PT-Cordless Drill 18V,Power Tools,High,5,9200,0.033,8893.97,5336,44469.85,17789.85,0
ORD-00422,2025-12-18,ACC-114,Ironclad Retailers,South,Rohit Sharma,EA-MCB 32A,Electrical Accessories,Mid,40,650,0.051,617.03,455,24681.2,6481.2,0
ORD-00422,2025-12-18,ACC-114,Ironclad Retailers,South,Rohit Sharma,SB-Safety Gloves 12pr,Safety Basics,Low,44,360,0.07,334.71,306,14727.24,1263.24,0
ORD-00422,2025-12-18,ACC-114,Ironclad Retailers,South,Rohit Sharma,CN-Drill Bit Set,Consumables,Low,50,560,0.067,522.37,476,26118.5,2318.5,0
ORD-00423,2026-01-25,ACC-114,Ironclad Retailers,South,Rohit Sharma,EA-Cable Gland Set,Electrical Accessories,Mid,24,1100,0.034,1062.81,770,25507.44,7027.44,0
ORD-00423,2026-01-25,ACC-114,Ironclad Retailers,South,Rohit Sharma,PT-Rotary Hammer SDS,Power Tools,High,3,14800,0.012,14620.46,8584,43861.38,18109.38,0
ORD-00423,2026-01-25,ACC-114,Ironclad Retailers,South,Rohit Sharma,CN-Cutting Blade 10pk,Consumables,Low,70,420,0.046,400.67,357,28046.9,3056.9,0
ORD-00423,2026-01-25,ACC-114,Ironclad Retailers,South,Rohit Sharma,PH-Micrometer Set,Precision Hardware,High,7,4100,0.068,3822.06,2460,26754.42,9534.42,0
ORD-00423,2026-01-25,ACC-114,Ironclad Retailers,South,Rohit Sharma,CM-Shop Wipes Bulk,Cleaning & Maintenance,Low,45,260,0.026,253.25,224,11396.25,1316.25,0
ORD-00423,2026-01-25,ACC-114,Ironclad Retailers,South,Rohit Sharma,DG-Insulation Tester,Diagnostic Equipment,High,2,21000,0.079,19335.01,11550,38670.02,15570.02,0
ORD-00423,2026-01-25,ACC-114,Ironclad Retailers,South,Rohit Sharma,SB-Safety Gloves 12pr,Safety Basics,Low,41,360,0.051,341.66,306,14008.06,1462.06,0
ORD-00423,2026-01-25,ACC-114,Ironclad Retailers,South,Rohit Sharma,FF-Stainless Fastener Pack,Fasteners & Fittings,Mid,21,1400,0.071,1300.48,980,27310.08,6730.08,0
ORD-00424,2026-02-13,ACC-114,Ironclad Retailers,South,Rohit Sharma,PH-Micrometer Set,Precision Hardware,High,8,4100,0.074,3795.38,2460,30363.04,10683.04,0
ORD-00424,2026-02-13,ACC-114,Ironclad Retailers,South,Rohit Sharma,SB-Safety Glasses 10pk,Safety Basics,Low,68,240,0.059,225.87,204,15359.16,1487.16,0
ORD-00424,2026-02-13,ACC-114,Ironclad Retailers,South,Rohit Sharma,DG-Insulation Tester,Diagnostic Equipment,High,2,21000,0.084,19246.21,11550,38492.42,15392.42,0
ORD-00424,2026-02-13,ACC-114,Ironclad Retailers,South,Rohit Sharma,EA-Cable Gland Set,Electrical Accessories,Mid,25,1100,0.071,1021.9,770,25547.5,6297.5,0
ORD-00425,2026-02-23,ACC-114,Ironclad Retailers,South,Rohit Sharma,FF-Stainless Fastener Pack,Fasteners & Fittings,Mid,21,1400,0.062,1313.24,980,27578.04,6998.04,0
ORD-00425,2026-02-23,ACC-114,Ironclad Retailers,South,Rohit Sharma,CN-Drill Bit Set,Consumables,Low,54,560,0.065,523.83,476,28286.82,2582.82,0
ORD-00425,2026-02-23,ACC-114,Ironclad Retailers,South,Rohit Sharma,PT-Rotary Hammer SDS,Power Tools,High,3,14800,0.033,14316.73,8584,42950.19,17198.19,0
ORD-00425,2026-02-23,ACC-114,Ironclad Retailers,South,Rohit Sharma,CM-Shop Wipes Bulk,Cleaning & Maintenance,Low,48,260,0.016,255.92,224,12284.16,1532.16,0
ORD-00426,2026-03-17,ACC-114,Ironclad Retailers,South,Rohit Sharma,DG-Digital Multimeter Pro,Diagnostic Equipment,High,2,12500,0.022,12220.62,6875,24441.24,10691.24,0
ORD-00426,2026-03-17,ACC-114,Ironclad Retailers,South,Rohit Sharma,SB-Safety Gloves 12pr,Safety Basics,Low,46,360,0.054,340.45,306,15660.7,1584.7,0
ORD-00426,2026-03-17,ACC-114,Ironclad Retailers,South,Rohit Sharma,CN-Cutting Blade 10pk,Consumables,Low,70,420,0.074,388.98,357,27228.6,2238.6,0
ORD-00426,2026-03-17,ACC-114,Ironclad Retailers,South,Rohit Sharma,CM-Shop Wipes Bulk,Cleaning & Maintenance,Low,45,260,0.068,242.22,224,10899.9,819.9,0
ORD-00426,2026-03-17,ACC-114,Ironclad Retailers,South,Rohit Sharma,PH-Micrometer Set,Precision Hardware,High,8,4100,0.039,3940.59,2460,31524.72,11844.72,0
ORD-00426,2026-03-17,ACC-114,Ironclad Retailers,South,Rohit Sharma,EA-MCB 32A,Electrical Accessories,Mid,37,650,0.037,626.02,455,23162.74,6327.74,0
ORD-00426,2026-03-17,ACC-114,Ironclad Retailers,South,Rohit Sharma,PT-Rotary Hammer SDS,Power Tools,High,3,14800,0.04,14203.43,8584,42610.29,16858.29,0
ORD-00426,2026-03-17,ACC-114,Ironclad Retailers,South,Rohit Sharma,FF-Anchor Bolt Assortment,Fasteners & Fittings,Mid,33,900,0.038,865.44,630,28559.52,7769.52,0
ORD-00427,2026-04-06,ACC-114,Ironclad Retailers,South,Rohit Sharma,FF-Stainless Fastener Pack,Fasteners & Fittings,Mid,23,1400,0.054,1324.16,980,30455.68,7915.68,0
ORD-00427,2026-04-06,ACC-114,Ironclad Retailers,South,Rohit Sharma,CM-Shop Wipes Bulk,Cleaning & Maintenance,Low,52,260,0.057,245.1,224,12745.2,1097.2,0
ORD-00427,2026-04-06,ACC-114,Ironclad Retailers,South,Rohit Sharma,PH-Precision Torque Wrench,Precision Hardware,High,5,7300,0.069,6796.34,4380,33981.7,12081.7,0
ORD-00427,2026-04-06,ACC-114,Ironclad Retailers,South,Rohit Sharma,SB-Safety Gloves 12pr,Safety Basics,Low,44,360,0.033,348.23,306,15322.12,1858.12,0
ORD-00427,2026-04-06,ACC-114,Ironclad Retailers,South,Rohit Sharma,DG-Thermal Imager,Diagnostic Equipment,High,1,38000,0.066,35493.85,20900,35493.85,14593.85,0
ORD-00427,2026-04-06,ACC-114,Ironclad Retailers,South,Rohit Sharma,PT-Angle Grinder 900W,Power Tools,High,7,6400,0.042,6128.91,3712,42902.37,16918.37,0
ORD-00427,2026-04-06,ACC-114,Ironclad Retailers,South,Rohit Sharma,EA-MCB 32A,Electrical Accessories,Mid,43,650,0.061,610.46,455,26249.78,6684.78,0
ORD-00427,2026-04-06,ACC-114,Ironclad Retailers,South,Rohit Sharma,CN-Drill Bit Set,Consumables,Low,46,560,0.077,516.63,476,23764.98,1868.98,0
ORD-00429,2026-05-10,ACC-114,Ironclad Retailers,South,Rohit Sharma,FF-Anchor Bolt Assortment,Fasteners & Fittings,Mid,34,900,0.057,849.15,630,28871.1,7451.1,0
ORD-00429,2026-05-10,ACC-114,Ironclad Retailers,South,Rohit Sharma,EA-Cable Gland Set,Electrical Accessories,Mid,25,1100,0.053,1041.82,770,26045.5,6795.5,0
ORD-00429,2026-05-10,ACC-114,Ironclad Retailers,South,Rohit Sharma,PT-Angle Grinder 900W,Power Tools,High,7,6400,0.04,6146.65,3712,43026.55,17042.55,0
ORD-00429,2026-05-10,ACC-114,Ironclad Retailers,South,Rohit Sharma,CM-Degreaser 5L,Cleaning & Maintenance,Low,23,480,0.031,464.89,413,10692.47,1193.47,0
ORD-00428,2026-05-22,ACC-114,Ironclad Retailers,South,Rohit Sharma,SB-Safety Gloves 12pr,Safety Basics,Low,47,360,0.066,336.29,306,15805.63,1423.63,0
ORD-00428,2026-05-22,ACC-114,Ironclad Retailers,South,Rohit Sharma,CN-Drill Bit Set,Consumables,Low,43,560,0.024,546.54,476,23501.22,3033.22,0
ORD-00428,2026-05-22,ACC-114,Ironclad Retailers,South,Rohit Sharma,PH-Precision Torque Wrench,Precision Hardware,High,4,7300,0.052,6917.14,4380,27668.56,10148.56,0
ORD-00428,2026-05-22,ACC-114,Ironclad Retailers,South,Rohit Sharma,DG-Digital Multimeter Pro,Diagnostic Equipment,High,2,12500,0.073,11587.26,6875,23174.52,9424.52,0
ORD-00430,2026-06-08,ACC-114,Ironclad Retailers,South,Rohit Sharma,EA-Cable Gland Set,Electrical Accessories,Mid,24,1100,0.061,1032.94,770,24790.56,6310.56,0
ORD-00430,2026-06-08,ACC-114,Ironclad Retailers,South,Rohit Sharma,FF-Stainless Fastener Pack,Fasteners & Fittings,Mid,23,1400,0.058,1318.95,980,30335.85,7795.85,0
ORD-00430,2026-06-08,ACC-114,Ironclad Retailers,South,Rohit Sharma,CM-Degreaser 5L,Cleaning & Maintenance,Low,27,480,0.06,451.17,413,12181.59,1030.59,0
ORD-00430,2026-06-08,ACC-114,Ironclad Retailers,South,Rohit Sharma,CN-Drill Bit Set,Consumables,Low,52,560,0.049,532.47,476,27688.44,2936.44,0
ORD-00431,2026-06-14,ACC-114,Ironclad Retailers,South,Rohit Sharma,DG-Digital Multimeter Pro,Diagnostic Equipment,High,2,12500,0.041,11992.83,6875,23985.66,10235.66,0
ORD-00431,2026-06-14,ACC-114,Ironclad Retailers,South,Rohit Sharma,SB-Safety Glasses 10pk,Safety Basics,Low,65,240,0.055,226.69,204,14734.85,1474.85,0
ORD-00431,2026-06-14,ACC-114,Ironclad Retailers,South,Rohit Sharma,PH-Bearing Puller Kit,Precision Hardware,High,5,5600,0.015,5515.83,3360,27579.15,10779.15,0
ORD-00431,2026-06-14,ACC-114,Ironclad Retailers,South,Rohit Sharma,PT-Rotary Hammer SDS,Power Tools,High,3,14800,0.036,14260.02,8584,42780.06,17028.06,0
ORD-00433,2026-07-07,ACC-114,Ironclad Retailers,South,Rohit Sharma,SB-Safety Glasses 10pk,Safety Basics,Low,70,240,0.036,231.28,204,16189.6,1909.6,0
ORD-00433,2026-07-07,ACC-114,Ironclad Retailers,South,Rohit Sharma,CM-Shop Wipes Bulk,Cleaning & Maintenance,Low,45,260,0.052,246.47,224,11091.15,1011.15,0
ORD-00433,2026-07-07,ACC-114,Ironclad Retailers,South,Rohit Sharma,PH-Bearing Puller Kit,Precision Hardware,High,5,5600,0.057,5283.02,3360,26415.1,9615.1,0
ORD-00433,2026-07-07,ACC-114,Ironclad Retailers,South,Rohit Sharma,DG-Insulation Tester,Diagnostic Equipment,High,1,21000,0.052,19912.61,11550,19912.61,8362.61,0
ORD-00432,2026-07-25,ACC-114,Ironclad Retailers,South,Rohit Sharma,PT-Rotary Hammer SDS,Power Tools,High,3,14800,0.039,14218.74,8584,42656.22,16904.22,0
ORD-00432,2026-07-25,ACC-114,Ironclad Retailers,South,Rohit Sharma,CN-Abrasive Discs 25pk,Consumables,Low,96,300,0.051,284.7,255,27331.2,2851.2,0
ORD-00432,2026-07-25,ACC-114,Ironclad Retailers,South,Rohit Sharma,FF-Anchor Bolt Assortment,Fasteners & Fittings,Mid,36,900,0.037,866.68,630,31200.48,8520.48,0
ORD-00432,2026-07-25,ACC-114,Ironclad Retailers,South,Rohit Sharma,EA-Cable Gland Set,Electrical Accessories,Mid,22,1100,0.035,1061.05,770,23343.1,6403.1,0
ORD-00434,2026-08-27,ACC-114,Ironclad Retailers,South,Rohit Sharma,SB-Safety Gloves 12pr,Safety Basics,Low,41,360,0.034,347.9,306,14263.9,1717.9,0
ORD-00434,2026-08-27,ACC-114,Ironclad Retailers,South,Rohit Sharma,FF-Stainless Fastener Pack,Fasteners & Fittings,Mid,22,1400,0.07,1301.73,980,28638.06,7078.06,0
ORD-00434,2026-08-27,ACC-114,Ironclad Retailers,South,Rohit Sharma,CN-Abrasive Discs 25pk,Consumables,Low,93,300,0.043,287.15,255,26704.95,2989.95,0
ORD-00434,2026-08-27,ACC-114,Ironclad Retailers,South,Rohit Sharma,CM-Shop Wipes Bulk,Cleaning & Maintenance,Low,52,260,0.057,245.13,224,12746.76,1098.76,0
ORD-00434,2026-08-27,ACC-114,Ironclad Retailers,South,Rohit Sharma,EA-MCB 32A,Electrical Accessories,Mid,43,650,0.064,608.69,455,26173.67,6608.67,0
ORD-00434,2026-08-27,ACC-114,Ironclad Retailers,South,Rohit Sharma,PT-Angle Grinder 900W,Power Tools,High,7,6400,0.081,5882.29,3712,41176.03,15192.03,0
ORD-00434,2026-08-27,ACC-114,Ironclad Retailers,South,Rohit Sharma,DG-Thermal Imager,Diagnostic Equipment,High,1,38000,0.039,36513.28,20900,36513.28,15613.28,0
ORD-00434,2026-08-27,ACC-114,Ironclad Retailers,South,Rohit Sharma,PH-Micrometer Set,Precision Hardware,High,8,4100,0.055,3875.06,2460,31000.48,11320.48,0
ORD-00435,2024-09-05,ACC-115,Pinnacle Traders,West,Anil Kumar,EA-MCB 32A,Electrical Accessories,Mid,41,650,0.034,627.67,455,25734.47,7079.47,0
ORD-00435,2024-09-05,ACC-115,Pinnacle Traders,West,Anil Kumar,PT-Cordless Drill 18V,Power Tools,High,2,9200,0.081,8450.92,5336,16901.84,6229.84,0
ORD-00435,2024-09-05,ACC-115,Pinnacle Traders,West,Anil Kumar,PH-Micrometer Set,Precision Hardware,High,4,4100,0.048,3901.9,2460,15607.6,5767.6,0
ORD-00435,2024-09-05,ACC-115,Pinnacle Traders,West,Anil Kumar,DG-Digital Multimeter Pro,Diagnostic Equipment,High,1,12500,0.018,12273.99,6875,12273.99,5398.99,0
ORD-00435,2024-09-05,ACC-115,Pinnacle Traders,West,Anil Kumar,SB-Safety Glasses 10pk,Safety Basics,Low,138,240,0.031,232.57,204,32094.66,3942.66,0
ORD-00435,2024-09-05,ACC-115,Pinnacle Traders,West,Anil Kumar,FF-Anchor Bolt Assortment,Fasteners & Fittings,Mid,34,900,0.066,840.42,630,28574.28,7154.28,0
ORD-00435,2024-09-05,ACC-115,Pinnacle Traders,West,Anil Kumar,CN-Drill Bit Set,Consumables,Low,102,560,0.035,540.34,476,55114.68,6562.68,0
ORD-00435,2024-09-05,ACC-115,Pinnacle Traders,West,Anil Kumar,CM-Degreaser 5L,Cleaning & Maintenance,Low,56,480,0.047,457.32,413,25609.92,2481.92,0
ORD-00436,2024-10-03,ACC-115,Pinnacle Traders,West,Anil Kumar,PH-Precision Torque Wrench,Precision Hardware,High,2,7300,0.062,6849.44,4380,13698.88,4938.88,0
ORD-00436,2024-10-03,ACC-115,Pinnacle Traders,West,Anil Kumar,SB-Safety Gloves 12pr,Safety Basics,Low,82,360,0.052,341.44,306,27998.08,2906.08,0
ORD-00436,2024-10-03,ACC-115,Pinnacle Traders,West,Anil Kumar,FF-Anchor Bolt Assortment,Fasteners & Fittings,Mid,39,900,0.07,836.92,630,32639.88,8069.88,0
ORD-00436,2024-10-03,ACC-115,Pinnacle Traders,West,Anil Kumar,CN-Cutting Blade 10pk,Consumables,Low,124,420,0.047,400.08,357,49609.92,5341.92,0
ORD-00436,2024-10-03,ACC-115,Pinnacle Traders,West,Anil Kumar,CM-Degreaser 5L,Cleaning & Maintenance,Low,58,480,0.058,452.28,413,26232.24,2278.24,0
ORD-00436,2024-10-03,ACC-115,Pinnacle Traders,West,Anil Kumar,DG-Thermal Imager,Diagnostic Equipment,High,1,38000,0.037,36612.57,20900,36612.57,15712.57,0
ORD-00436,2024-10-03,ACC-115,Pinnacle Traders,West,Anil Kumar,EA-MCB 32A,Electrical Accessories,Mid,40,650,0.014,641.08,455,25643.2,7443.2,0
ORD-00436,2024-10-03,ACC-115,Pinnacle Traders,West,Anil Kumar,PT-Rotary Hammer SDS,Power Tools,High,1,14800,0.093,13428.48,8584,13428.48,4844.48,0
ORD-00437,2024-11-12,ACC-115,Pinnacle Traders,West,Anil Kumar,PH-Bearing Puller Kit,Precision Hardware,High,3,5600,0.06,5266.79,3360,15800.37,5720.37,0
ORD-00437,2024-11-12,ACC-115,Pinnacle Traders,West,Anil Kumar,PT-Rotary Hammer SDS,Power Tools,High,1,14800,0.035,14280.31,8584,14280.31,5696.31,0
ORD-00437,2024-11-12,ACC-115,Pinnacle Traders,West,Anil Kumar,CN-Cutting Blade 10pk,Consumables,Low,128,420,0.075,388.52,357,49730.56,4034.56,0
ORD-00437,2024-11-12,ACC-115,Pinnacle Traders,West,Anil Kumar,EA-Cable Gland Set,Electrical Accessories,Mid,24,1100,0.031,1065.95,770,25582.8,7102.8,0
ORD-00437,2024-11-12,ACC-115,Pinnacle Traders,West,Anil Kumar,DG-Thermal Imager,Diagnostic Equipment,High,1,38000,0.048,36162.12,20900,36162.12,15262.12,0
ORD-00437,2024-11-12,ACC-115,Pinnacle Traders,West,Anil Kumar,FF-Anchor Bolt Assortment,Fasteners & Fittings,Mid,37,900,0.048,856.38,630,31686.06,8376.06,0
ORD-00437,2024-11-12,ACC-115,Pinnacle Traders,West,Anil Kumar,SB-Safety Gloves 12pr,Safety Basics,Low,84,360,0.018,353.53,306,29696.52,3992.52,0
ORD-00437,2024-11-12,ACC-115,Pinnacle Traders,West,Anil Kumar,CM-Shop Wipes Bulk,Cleaning & Maintenance,Low,103,260,0.039,249.83,224,25732.49,2660.49,0
ORD-00438,2024-12-17,ACC-115,Pinnacle Traders,West,Anil Kumar,EA-MCB 32A,Electrical Accessories,Mid,41,650,0.055,614.36,455,25188.76,6533.76,0
ORD-00438,2024-12-17,ACC-115,Pinnacle Traders,West,Anil Kumar,PH-Bearing Puller Kit,Precision Hardware,High,3,5600,0.072,5199.59,3360,15598.77,5518.77,0
ORD-00438,2024-12-17,ACC-115,Pinnacle Traders,West,Anil Kumar,PT-Rotary Hammer SDS,Power Tools,High,1,14800,0.071,13749.55,8584,13749.55,5165.55,0
ORD-00438,2024-12-17,ACC-115,Pinnacle Traders,West,Anil Kumar,SB-Safety Glasses 10pk,Safety Basics,Low,135,240,0.059,225.78,204,30480.3,2940.3,0
ORD-00438,2024-12-17,ACC-115,Pinnacle Traders,West,Anil Kumar,CN-Abrasive Discs 25pk,Consumables,Low,165,300,0.053,284.0,255,46860.0,4785.0,0
ORD-00438,2024-12-17,ACC-115,Pinnacle Traders,West,Anil Kumar,FF-Stainless Fastener Pack,Fasteners & Fittings,Mid,20,1400,0.035,1350.84,980,27016.8,7416.8,0
ORD-00438,2024-12-17,ACC-115,Pinnacle Traders,West,Anil Kumar,CM-Shop Wipes Bulk,Cleaning & Maintenance,Low,113,260,0.052,246.54,224,27859.02,2547.02,0
ORD-00438,2024-12-17,ACC-115,Pinnacle Traders,West,Anil Kumar,DG-Digital Multimeter Pro,Diagnostic Equipment,High,1,12500,0.077,11543.06,6875,11543.06,4668.06,0
ORD-00439,2025-01-09,ACC-115,Pinnacle Traders,West,Anil Kumar,PH-Bearing Puller Kit,Precision Hardware,High,3,5600,0.041,5369.03,3360,16107.09,6027.09,0
ORD-00439,2025-01-09,ACC-115,Pinnacle Traders,West,Anil Kumar,DG-Insulation Tester,Diagnostic Equipment,High,1,21000,0.093,19044.95,11550,19044.95,7494.95,0
ORD-00439,2025-01-09,ACC-115,Pinnacle Traders,West,Anil Kumar,FF-Stainless Fastener Pack,Fasteners & Fittings,Mid,23,1400,0.077,1291.83,980,29712.09,7172.09,0
ORD-00439,2025-01-09,ACC-115,Pinnacle Traders,West,Anil Kumar,CN-Abrasive Discs 25pk,Consumables,Low,173,300,0.052,284.35,255,49192.55,5077.55,0
ORD-00439,2025-01-09,ACC-115,Pinnacle Traders,West,Anil Kumar,PT-Cordless Drill 18V,Power Tools,High,2,9200,0.033,8898.02,5336,17796.04,7124.04,0
ORD-00439,2025-01-09,ACC-115,Pinnacle Traders,West,Anil Kumar,SB-Safety Gloves 12pr,Safety Basics,Low,98,360,0.069,335.0,306,32830.0,2842.0,0
ORD-00439,2025-01-09,ACC-115,Pinnacle Traders,West,Anil Kumar,EA-MCB 32A,Electrical Accessories,Mid,40,650,0.015,640.21,455,25608.4,7408.4,0
ORD-00439,2025-01-09,ACC-115,Pinnacle Traders,West,Anil Kumar,CM-Degreaser 5L,Cleaning & Maintenance,Low,56,480,0.065,448.73,413,25128.88,2000.88,0
ORD-00440,2025-02-16,ACC-115,Pinnacle Traders,West,Anil Kumar,CM-Shop Wipes Bulk,Cleaning & Maintenance,Low,116,260,0.055,245.63,224,28493.08,2509.08,0
ORD-00440,2025-02-16,ACC-115,Pinnacle Traders,West,Anil Kumar,PH-Bearing Puller Kit,Precision Hardware,High,3,5600,0.032,5423.46,3360,16270.38,6190.38,0
ORD-00440,2025-02-16,ACC-115,Pinnacle Traders,West,Anil Kumar,SB-Safety Glasses 10pk,Safety Basics,Low,130,240,0.021,235.0,204,30550.0,4030.0,0
ORD-00440,2025-02-16,ACC-115,Pinnacle Traders,West,Anil Kumar,DG-Digital Multimeter Pro,Diagnostic Equipment,High,1,12500,0.065,11686.84,6875,11686.84,4811.84,0
ORD-00440,2025-02-16,ACC-115,Pinnacle Traders,West,Anil Kumar,FF-Anchor Bolt Assortment,Fasteners & Fittings,Mid,36,900,0.031,871.66,630,31379.76,8699.76,0
ORD-00440,2025-02-16,ACC-115,Pinnacle Traders,West,Anil Kumar,EA-Cable Gland Set,Electrical Accessories,Mid,22,1100,0.035,1061.69,770,23357.18,6417.18,0
ORD-00440,2025-02-16,ACC-115,Pinnacle Traders,West,Anil Kumar,CN-Abrasive Discs 25pk,Consumables,Low,177,300,0.06,281.96,255,49906.92,4771.92,0
ORD-00440,2025-02-16,ACC-115,Pinnacle Traders,West,Anil Kumar,PT-Rotary Hammer SDS,Power Tools,High,1,14800,0.054,13999.13,8584,13999.13,5415.13,0
ORD-00441,2025-03-23,ACC-115,Pinnacle Traders,West,Anil Kumar,EA-Cable Gland Set,Electrical Accessories,Mid,27,1100,0.086,1005.25,770,27141.75,6351.75,0
ORD-00441,2025-03-23,ACC-115,Pinnacle Traders,West,Anil Kumar,CN-Cutting Blade 10pk,Consumables,Low,143,420,0.07,390.71,357,55871.53,4820.53,0
ORD-00441,2025-03-23,ACC-115,Pinnacle Traders,West,Anil Kumar,DG-Insulation Tester,Diagnostic Equipment,High,1,21000,0.098,18946.1,11550,18946.1,7396.1,0
ORD-00441,2025-03-23,ACC-115,Pinnacle Traders,West,Anil Kumar,CM-Shop Wipes Bulk,Cleaning & Maintenance,Low,116,260,0.059,244.66,224,28380.56,2396.56,0
ORD-00441,2025-03-23,ACC-115,Pinnacle Traders,West,Anil Kumar,PH-Bearing Puller Kit,Precision Hardware,High,3,5600,0.054,5299.62,3360,15898.86,5818.86,0
ORD-00441,2025-03-23,ACC-115,Pinnacle Traders,West,Anil Kumar,PT-Angle Grinder 900W,Power Tools,High,3,6400,0.018,6282.39,3712,18847.17,7711.17,0
ORD-00441,2025-03-23,ACC-115,Pinnacle Traders,West,Anil Kumar,SB-Safety Glasses 10pk,Safety Basics,Low,143,240,0.046,229.05,204,32754.15,3582.15,0
ORD-00441,2025-03-23,ACC-115,Pinnacle Traders,West,Anil Kumar,FF-Anchor Bolt Assortment,Fasteners & Fittings,Mid,33,900,0.032,870.78,630,28735.74,7945.74,0
ORD-00442,2025-04-22,ACC-115,Pinnacle Traders,West,Anil Kumar,DG-Insulation Tester,Diagnostic Equipment,High,1,21000,0.015,20675.93,11550,20675.93,9125.93,0
ORD-00442,2025-04-22,ACC-115,Pinnacle Traders,West,Anil Kumar,EA-MCB 32A,Electrical Accessories,Mid,41,650,0.073,602.61,455,24707.01,6052.01,0
ORD-00442,2025-04-22,ACC-115,Pinnacle Traders,West,Anil Kumar,PT-Cordless Drill 18V,Power Tools,High,2,9200,0.074,8522.14,5336,17044.28,6372.28,0
ORD-00442,2025-04-22,ACC-115,Pinnacle Traders,West,Anil Kumar,SB-Safety Gloves 12pr,Safety Basics,Low,92,360,0.053,340.94,306,31366.48,3214.48,0
ORD-00442,2025-04-22,ACC-115,Pinnacle Traders,West,Anil Kumar,CM-Shop Wipes Bulk,Cleaning & Maintenance,Low,101,260,0.045,248.28,224,25076.28,2452.28,0
ORD-00442,2025-04-22,ACC-115,Pinnacle Traders,West,Anil Kumar,PH-Bearing Puller Kit,Precision Hardware,High,3,5600,0.039,5383.01,3360,16149.03,6069.03,0
ORD-00442,2025-04-22,ACC-115,Pinnacle Traders,West,Anil Kumar,CN-Abrasive Discs 25pk,Consumables,Low,191,300,0.039,288.23,255,55051.93,6346.93,0
ORD-00442,2025-04-22,ACC-115,Pinnacle Traders,West,Anil Kumar,FF-Anchor Bolt Assortment,Fasteners & Fittings,Mid,35,900,0.025,877.15,630,30700.25,8650.25,0
ORD-00443,2025-05-02,ACC-115,Pinnacle Traders,West,Anil Kumar,PT-Angle Grinder 900W,Power Tools,High,3,6400,0.024,6249.2,3712,18747.6,7611.6,0
ORD-00443,2025-05-02,ACC-115,Pinnacle Traders,West,Anil Kumar,CM-Shop Wipes Bulk,Cleaning & Maintenance,Low,103,260,0.072,241.41,224,24865.23,1793.23,0
ORD-00443,2025-05-02,ACC-115,Pinnacle Traders,West,Anil Kumar,PH-Bearing Puller Kit,Precision Hardware,High,3,5600,0.035,5403.55,3360,16210.65,6130.65,0
ORD-00443,2025-05-02,ACC-115,Pinnacle Traders,West,Anil Kumar,SB-Safety Glasses 10pk,Safety Basics,Low,148,240,0.052,227.43,204,33659.64,3467.64,0
ORD-00443,2025-05-02,ACC-115,Pinnacle Traders,West,Anil Kumar,DG-Insulation Tester,Diagnostic Equipment,High,1,21000,0.031,20353.53,11550,20353.53,8803.53,0
ORD-00443,2025-05-02,ACC-115,Pinnacle Traders,West,Anil Kumar,FF-Stainless Fastener Pack,Fasteners & Fittings,Mid,24,1400,0.043,1340.29,980,32166.96,8646.96,0
ORD-00443,2025-05-02,ACC-115,Pinnacle Traders,West,Anil Kumar,CN-Abrasive Discs 25pk,Consumables,Low,174,300,0.043,287.04,255,49944.96,5574.96,0
ORD-00443,2025-05-02,ACC-115,Pinnacle Traders,West,Anil Kumar,EA-Cable Gland Set,Electrical Accessories,Mid,26,1100,0.052,1042.71,770,27110.46,7090.46,0
ORD-00444,2025-06-26,ACC-115,Pinnacle Traders,West,Anil Kumar,CM-Shop Wipes Bulk,Cleaning & Maintenance,Low,109,260,0.098,234.63,224,25574.67,1158.67,0
ORD-00444,2025-06-26,ACC-115,Pinnacle Traders,West,Anil Kumar,EA-Cable Gland Set,Electrical Accessories,Mid,27,1100,0.047,1048.41,770,28307.07,7517.07,0
ORD-00444,2025-06-26,ACC-115,Pinnacle Traders,West,Anil Kumar,FF-Stainless Fastener Pack,Fasteners & Fittings,Mid,25,1400,0.035,1351.51,980,33787.75,9287.75,0
ORD-00444,2025-06-26,ACC-115,Pinnacle Traders,West,Anil Kumar,DG-Thermal Imager,Diagnostic Equipment,High,1,38000,0.083,34862.62,20900,34862.62,13962.62,0
ORD-00444,2025-06-26,ACC-115,Pinnacle Traders,West,Anil Kumar,PT-Cordless Drill 18V,Power Tools,High,2,9200,0.063,8619.08,5336,17238.16,6566.16,0
ORD-00444,2025-06-26,ACC-115,Pinnacle Traders,West,Anil Kumar,CN-Drill Bit Set,Consumables,Low,93,560,0.038,538.53,476,50083.29,5815.29,0
ORD-00444,2025-06-26,ACC-115,Pinnacle Traders,West,Anil Kumar,SB-Safety Glasses 10pk,Safety Basics,Low,128,240,0.05,227.88,204,29168.64,3056.64,0
ORD-00444,2025-06-26,ACC-115,Pinnacle Traders,West,Anil Kumar,PH-Bearing Puller Kit,Precision Hardware,High,3,5600,0.03,5431.73,3360,16295.19,6215.19,0
ORD-00445,2025-07-07,ACC-115,Pinnacle Traders,West,Anil Kumar,EA-Cable Gland Set,Electrical Accessories,Mid,26,1100,0.029,1068.29,770,27775.54,7755.54,0
ORD-00445,2025-07-07,ACC-115,Pinnacle Traders,West,Anil Kumar,PH-Bearing Puller Kit,Precision Hardware,High,3,5600,0.031,5427.22,3360,16281.66,6201.66,0
ORD-00445,2025-07-07,ACC-115,Pinnacle Traders,West,Anil Kumar,FF-Stainless Fastener Pack,Fasteners & Fittings,Mid,26,1400,0.081,1286.88,980,33458.88,7978.88,0
ORD-00445,2025-07-07,ACC-115,Pinnacle Traders,West,Anil Kumar,DG-Digital Multimeter Pro,Diagnostic Equipment,High,1,12500,0.035,12060.65,6875,12060.65,5185.65,0
ORD-00445,2025-07-07,ACC-115,Pinnacle Traders,West,Anil Kumar,CM-Degreaser 5L,Cleaning & Maintenance,Low,61,480,0.01,475.4,413,28999.4,3806.4,0
ORD-00445,2025-07-07,ACC-115,Pinnacle Traders,West,Anil Kumar,PT-Cordless Drill 18V,Power Tools,High,2,9200,0.036,8869.71,5336,17739.42,7067.42,0
ORD-00445,2025-07-07,ACC-115,Pinnacle Traders,West,Anil Kumar,CN-Abrasive Discs 25pk,Consumables,Low,193,300,0.054,283.78,255,54769.54,5554.54,0
ORD-00445,2025-07-07,ACC-115,Pinnacle Traders,West,Anil Kumar,SB-Safety Gloves 12pr,Safety Basics,Low,86,360,0.042,344.92,306,29663.12,3347.12,0
ORD-00446,2025-08-20,ACC-115,Pinnacle Traders,West,Anil Kumar,DG-Digital Multimeter Pro,Diagnostic Equipment,High,1,12500,0.046,11928.84,6875,11928.84,5053.84,0
ORD-00446,2025-08-20,ACC-115,Pinnacle Traders,West,Anil Kumar,PT-Cordless Drill 18V,Power Tools,High,2,9200,0.022,8995.81,5336,17991.62,7319.62,0
ORD-00446,2025-08-20,ACC-115,Pinnacle Traders,West,Anil Kumar,FF-Anchor Bolt Assortment,Fasteners & Fittings,Mid,40,900,0.069,837.71,630,33508.4,8308.4,0
ORD-00446,2025-08-20,ACC-115,Pinnacle Traders,West,Anil Kumar,PH-Micrometer Set,Precision Hardware,High,4,4100,0.039,3939.46,2460,15757.84,5917.84,0
ORD-00446,2025-08-20,ACC-115,Pinnacle Traders,West,Anil Kumar,CM-Shop Wipes Bulk,Cleaning & Maintenance,Low,100,260,0.029,252.39,224,25239.0,2839.0,0
ORD-00446,2025-08-20,ACC-115,Pinnacle Traders,West,Anil Kumar,CN-Cutting Blade 10pk,Consumables,Low,144,420,0.071,389.97,357,56155.68,4747.68,0
ORD-00446,2025-08-20,ACC-115,Pinnacle Traders,West,Anil Kumar,EA-Cable Gland Set,Electrical Accessories,Mid,28,1100,0.053,1041.93,770,29174.04,7614.04,0
ORD-00446,2025-08-20,ACC-115,Pinnacle Traders,West,Anil Kumar,SB-Safety Gloves 12pr,Safety Basics,Low,95,360,0.059,338.77,306,32183.15,3113.15,0
ORD-00447,2025-09-09,ACC-115,Pinnacle Traders,West,Anil Kumar,FF-Stainless Fastener Pack,Fasteners & Fittings,Mid,26,1400,0.061,1314.12,980,34167.12,8687.12,0
ORD-00447,2025-09-09,ACC-115,Pinnacle Traders,West,Anil Kumar,CM-Degreaser 5L,Cleaning & Maintenance,Low,59,480,0.049,456.25,413,26918.75,2551.75,0
ORD-00447,2025-09-09,ACC-115,Pinnacle Traders,West,Anil Kumar,PH-Micrometer Set,Precision Hardware,High,4,4100,0.047,3906.69,2460,15626.76,5786.76,0
ORD-00447,2025-09-09,ACC-115,Pinnacle Traders,West,Anil Kumar,DG-Insulation Tester,Diagnostic Equipment,High,1,21000,0.054,19855.86,11550,19855.86,8305.86,0
ORD-00447,2025-09-09,ACC-115,Pinnacle Traders,West,Anil Kumar,CN-Cutting Blade 10pk,Consumables,Low,129,420,0.065,392.7,357,50658.3,4605.3,0
ORD-00447,2025-09-09,ACC-115,Pinnacle Traders,West,Anil Kumar,EA-MCB 32A,Electrical Accessories,Mid,49,650,0.075,601.34,455,29465.66,7170.66,0
ORD-00447,2025-09-09,ACC-115,Pinnacle Traders,West,Anil Kumar,SB-Safety Glasses 10pk,Safety Basics,Low,131,240,0.048,228.5,204,29933.5,3209.5,0
ORD-00447,2025-09-09,ACC-115,Pinnacle Traders,West,Anil Kumar,PT-Cordless Drill 18V,Power Tools,High,2,9200,0.021,9007.93,5336,18015.86,7343.86,0
ORD-00449,2025-10-10,ACC-115,Pinnacle Traders,West,Anil Kumar,PT-Rotary Hammer SDS,Power Tools,High,1,14800,0.067,13801.7,8584,13801.7,5217.7,0
ORD-00449,2025-10-10,ACC-115,Pinnacle Traders,West,Anil Kumar,EA-MCB 32A,Electrical Accessories,Mid,44,650,0.056,613.29,455,26984.76,6964.76,0
ORD-00449,2025-10-10,ACC-115,Pinnacle Traders,West,Anil Kumar,CN-Cutting Blade 10pk,Consumables,Low,136,420,0.053,397.83,357,54104.88,5552.88,0
ORD-00449,2025-10-10,ACC-115,Pinnacle Traders,West,Anil Kumar,SB-Safety Gloves 12pr,Safety Basics,Low,93,360,0.065,336.75,306,31317.75,2859.75,0
ORD-00448,2025-10-19,ACC-115,Pinnacle Traders,West,Anil Kumar,DG-Digital Multimeter Pro,Diagnostic Equipment,High,1,12500,0.08,11498.16,6875,11498.16,4623.16,0
ORD-00448,2025-10-19,ACC-115,Pinnacle Traders,West,Anil Kumar,CM-Shop Wipes Bulk,Cleaning & Maintenance,Low,110,260,0.069,242.02,224,26622.2,1982.2,0
ORD-00448,2025-10-19,ACC-115,Pinnacle Traders,West,Anil Kumar,FF-Anchor Bolt Assortment,Fasteners & Fittings,Mid,36,900,0.052,853.54,630,30727.44,8047.44,0
ORD-00448,2025-10-19,ACC-115,Pinnacle Traders,West,Anil Kumar,PH-Micrometer Set,Precision Hardware,High,4,4100,0.025,3999.13,2460,15996.52,6156.52,0
ORD-00450,2025-11-03,ACC-115,Pinnacle Traders,West,Anil Kumar,PT-Rotary Hammer SDS,Power Tools,High,1,14800,0.047,14102.94,8584,14102.94,5518.94,0
ORD-00450,2025-11-03,ACC-115,Pinnacle Traders,West,Anil Kumar,CM-Shop Wipes Bulk,Cleaning & Maintenance,Low,100,260,0.033,251.32,224,25132.0,2732.0,0
ORD-00450,2025-11-03,ACC-115,Pinnacle Traders,West,Anil Kumar,FF-Anchor Bolt Assortment,Fasteners & Fittings,Mid,41,900,0.035,868.86,630,35623.26,9793.26,0
ORD-00450,2025-11-03,ACC-115,Pinnacle Traders,West,Anil Kumar,EA-MCB 32A,Electrical Accessories,Mid,45,650,0.057,612.79,455,27575.55,7100.55,0
ORD-00450,2025-11-03,ACC-115,Pinnacle Traders,West,Anil Kumar,DG-Digital Multimeter Pro,Diagnostic Equipment,High,1,12500,0.062,11731.1,6875,11731.1,4856.1,0
ORD-00450,2025-11-03,ACC-115,Pinnacle Traders,West,Anil Kumar,PH-Bearing Puller Kit,Precision Hardware,High,3,5600,0.048,5330.07,3360,15990.21,5910.21,0
ORD-00450,2025-11-03,ACC-115,Pinnacle Traders,West,Anil Kumar,SB-Safety Glasses 10pk,Safety Basics,Low,148,240,0.081,220.6,204,32648.8,2456.8,0
ORD-00450,2025-11-03,ACC-115,Pinnacle Traders,West,Anil Kumar,CN-Abrasive Discs 25pk,Consumables,Low,199,300,0.054,283.94,255,56504.06,5759.06,0
ORD-00451,2025-12-26,ACC-115,Pinnacle Traders,West,Anil Kumar,CN-Abrasive Discs 25pk,Consumables,Low,179,300,0.019,294.42,255,52701.18,7056.18,0
ORD-00451,2025-12-26,ACC-115,Pinnacle Traders,West,Anil Kumar,DG-Digital Multimeter Pro,Diagnostic Equipment,High,1,12500,0.043,11957.12,6875,11957.12,5082.12,0
ORD-00451,2025-12-26,ACC-115,Pinnacle Traders,West,Anil Kumar,FF-Anchor Bolt Assortment,Fasteners & Fittings,Mid,33,900,0.006,894.64,630,29523.12,8733.12,0
ORD-00451,2025-12-26,ACC-115,Pinnacle Traders,West,Anil Kumar,SB-Safety Gloves 12pr,Safety Basics,Low,104,360,0.046,343.51,306,35725.04,3901.04,0
ORD-00451,2025-12-26,ACC-115,Pinnacle Traders,West,Anil Kumar,CM-Degreaser 5L,Cleaning & Maintenance,Low,64,480,0.037,462.19,413,29580.16,3148.16,0
ORD-00451,2025-12-26,ACC-115,Pinnacle Traders,West,Anil Kumar,PT-Rotary Hammer SDS,Power Tools,High,1,14800,0.081,13600.25,8584,13600.25,5016.25,0
ORD-00451,2025-12-26,ACC-115,Pinnacle Traders,West,Anil Kumar,PH-Micrometer Set,Precision Hardware,High,4,4100,0.043,3922.14,2460,15688.56,5848.56,0
ORD-00451,2025-12-26,ACC-115,Pinnacle Traders,West,Anil Kumar,EA-Cable Gland Set,Electrical Accessories,Mid,24,1100,0.044,1051.63,770,25239.12,6759.12,0
ORD-00452,2026-01-21,ACC-115,Pinnacle Traders,West,Anil Kumar,EA-MCB 32A,Electrical Accessories,Mid,49,650,0.063,609.02,455,29841.98,7546.98,0
ORD-00452,2026-01-21,ACC-115,Pinnacle Traders,West,Anil Kumar,SB-Safety Glasses 10pk,Safety Basics,Low,158,240,0.059,225.94,204,35698.52,3466.52,0
ORD-00452,2026-01-21,ACC-115,Pinnacle Traders,West,Anil Kumar,DG-Thermal Imager,Diagnostic Equipment,High,1,38000,0.061,35668.15,20900,35668.15,14768.15,0
ORD-00452,2026-01-21,ACC-115,Pinnacle Traders,West,Anil Kumar,CN-Drill Bit Set,Consumables,Low,116,560,0.096,506.28,476,58728.48,3512.48,0
ORD-00452,2026-01-21,ACC-115,Pinnacle Traders,West,Anil Kumar,PH-Micrometer Set,Precision Hardware,High,4,4100,0.06,3852.81,2460,15411.24,5571.24,0
ORD-00452,2026-01-21,ACC-115,Pinnacle Traders,West,Anil Kumar,CM-Shop Wipes Bulk,Cleaning & Maintenance,Low,106,260,0.08,239.08,224,25342.48,1598.48,0
ORD-00452,2026-01-21,ACC-115,Pinnacle Traders,West,Anil Kumar,FF-Stainless Fastener Pack,Fasteners & Fittings,Mid,25,1400,0.064,1310.86,980,32771.5,8271.5,0
ORD-00452,2026-01-21,ACC-115,Pinnacle Traders,West,Anil Kumar,PT-Rotary Hammer SDS,Power Tools,High,1,14800,0.069,13782.35,8584,13782.35,5198.35,0
ORD-00453,2026-02-22,ACC-115,Pinnacle Traders,West,Anil Kumar,DG-Insulation Tester,Diagnostic Equipment,High,1,21000,0.027,20427.91,11550,20427.91,8877.91,0
ORD-00453,2026-02-22,ACC-115,Pinnacle Traders,West,Anil Kumar,EA-Cable Gland Set,Electrical Accessories,Mid,26,1100,0.024,1073.71,770,27916.46,7896.46,0
ORD-00453,2026-02-22,ACC-115,Pinnacle Traders,West,Anil Kumar,CN-Drill Bit Set,Consumables,Low,103,560,0.052,531.12,476,54705.36,5677.36,0
ORD-00453,2026-02-22,ACC-115,Pinnacle Traders,West,Anil Kumar,SB-Safety Gloves 12pr,Safety Basics,Low,85,360,0.003,358.86,306,30503.1,4493.1,0
ORD-00453,2026-02-22,ACC-115,Pinnacle Traders,West,Anil Kumar,CM-Shop Wipes Bulk,Cleaning & Maintenance,Low,111,260,0.069,242.1,224,26873.1,2009.1,0
ORD-00453,2026-02-22,ACC-115,Pinnacle Traders,West,Anil Kumar,PT-Rotary Hammer SDS,Power Tools,High,1,14800,0.055,13989.21,8584,13989.21,5405.21,0
ORD-00453,2026-02-22,ACC-115,Pinnacle Traders,West,Anil Kumar,PH-Precision Torque Wrench,Precision Hardware,High,3,7300,0.089,6650.41,4380,19951.23,6811.23,0
ORD-00453,2026-02-22,ACC-115,Pinnacle Traders,West,Anil Kumar,FF-Stainless Fastener Pack,Fasteners & Fittings,Mid,24,1400,0.013,1382.08,980,33169.92,9649.92,0
ORD-00454,2026-03-07,ACC-115,Pinnacle Traders,West,Anil Kumar,EA-Cable Gland Set,Electrical Accessories,Mid,30,1100,0.069,1024.58,770,30737.4,7637.4,0
ORD-00454,2026-03-07,ACC-115,Pinnacle Traders,West,Anil Kumar,CM-Shop Wipes Bulk,Cleaning & Maintenance,Low,116,260,0.046,247.94,224,28761.04,2777.04,0
ORD-00454,2026-03-07,ACC-115,Pinnacle Traders,West,Anil Kumar,PT-Angle Grinder 900W,Power Tools,High,3,6400,0.037,6165.74,3712,18497.22,7361.22,0
ORD-00454,2026-03-07,ACC-115,Pinnacle Traders,West,Anil Kumar,PH-Micrometer Set,Precision Hardware,High,5,4100,0.026,3995.25,2460,19976.25,7676.25,0
ORD-00454,2026-03-07,ACC-115,Pinnacle Traders,West,Anil Kumar,SB-Safety Gloves 12pr,Safety Basics,Low,89,360,0.05,342.15,306,30451.35,3217.35,0
ORD-00454,2026-03-07,ACC-115,Pinnacle Traders,West,Anil Kumar,CN-Cutting Blade 10pk,Consumables,Low,127,420,0.041,402.64,357,51135.28,5796.28,0
ORD-00454,2026-03-07,ACC-115,Pinnacle Traders,West,Anil Kumar,DG-Thermal Imager,Diagnostic Equipment,High,1,38000,0.085,34780.39,20900,34780.39,13880.39,0
ORD-00454,2026-03-07,ACC-115,Pinnacle Traders,West,Anil Kumar,FF-Anchor Bolt Assortment,Fasteners & Fittings,Mid,39,900,0.062,844.5,630,32935.5,8365.5,0
ORD-00455,2026-04-12,ACC-115,Pinnacle Traders,West,Anil Kumar,FF-Stainless Fastener Pack,Fasteners & Fittings,Mid,23,1400,0.059,1317.16,980,30294.68,7754.68,0
ORD-00455,2026-04-12,ACC-115,Pinnacle Traders,West,Anil Kumar,DG-Digital Multimeter Pro,Diagnostic Equipment,High,1,12500,0.061,11738.41,6875,11738.41,4863.41,0
ORD-00455,2026-04-12,ACC-115,Pinnacle Traders,West,Anil Kumar,SB-Safety Gloves 12pr,Safety Basics,Low,92,360,0.069,335.02,306,30821.84,2669.84,0
ORD-00455,2026-04-12,ACC-115,Pinnacle Traders,West,Anil Kumar,EA-MCB 32A,Electrical Accessories,Mid,49,650,0.043,621.87,455,30471.63,8176.63,0
ORD-00456,2026-04-26,ACC-115,Pinnacle Traders,West,Anil Kumar,PH-Bearing Puller Kit,Precision Hardware,High,3,5600,0.041,5368.89,3360,16106.67,6026.67,0
ORD-00456,2026-04-26,ACC-115,Pinnacle Traders,West,Anil Kumar,CN-Cutting Blade 10pk,Consumables,Low,147,420,0.027,408.58,357,60061.26,7582.26,0
ORD-00456,2026-04-26,ACC-115,Pinnacle Traders,West,Anil Kumar,PT-Cordless Drill 18V,Power Tools,High,2,9200,0.009,9114.78,5336,18229.56,7557.56,0
ORD-00456,2026-04-26,ACC-115,Pinnacle Traders,West,Anil Kumar,CM-Degreaser 5L,Cleaning & Maintenance,Low,62,480,0.012,474.32,413,29407.84,3801.84,0
ORD-00457,2026-05-25,ACC-115,Pinnacle Traders,West,Anil Kumar,CM-Shop Wipes Bulk,Cleaning & Maintenance,Low,102,260,0.008,257.98,224,26313.96,3465.96,0
ORD-00457,2026-05-25,ACC-115,Pinnacle Traders,West,Anil Kumar,CN-Cutting Blade 10pk,Consumables,Low,152,420,0.089,382.43,357,58129.36,3865.36,0
ORD-00457,2026-05-25,ACC-115,Pinnacle Traders,West,Anil Kumar,PH-Micrometer Set,Precision Hardware,High,4,4100,0.031,3973.19,2460,15892.76,6052.76,0
ORD-00457,2026-05-25,ACC-115,Pinnacle Traders,West,Anil Kumar,PT-Rotary Hammer SDS,Power Tools,High,1,14800,0.05,14056.93,8584,14056.93,5472.93,0
ORD-00457,2026-05-25,ACC-115,Pinnacle Traders,West,Anil Kumar,DG-Thermal Imager,Diagnostic Equipment,High,1,38000,0.049,36126.1,20900,36126.1,15226.1,0
ORD-00457,2026-05-25,ACC-115,Pinnacle Traders,West,Anil Kumar,EA-Cable Gland Set,Electrical Accessories,Mid,29,1100,0.076,1015.93,770,29461.97,7131.97,0
ORD-00457,2026-05-25,ACC-115,Pinnacle Traders,West,Anil Kumar,SB-Safety Glasses 10pk,Safety Basics,Low,158,240,0.026,233.75,204,36932.5,4700.5,0
ORD-00457,2026-05-25,ACC-115,Pinnacle Traders,West,Anil Kumar,FF-Stainless Fastener Pack,Fasteners & Fittings,Mid,28,1400,0.09,1274.11,980,35675.08,8235.08,0
ORD-00458,2026-06-16,ACC-115,Pinnacle Traders,West,Anil Kumar,CM-Shop Wipes Bulk,Cleaning & Maintenance,Low,103,260,0.036,250.66,224,25817.98,2745.98,0
ORD-00458,2026-06-16,ACC-115,Pinnacle Traders,West,Anil Kumar,PT-Angle Grinder 900W,Power Tools,High,3,6400,0.061,6009.09,3712,18027.27,6891.27,0
ORD-00458,2026-06-16,ACC-115,Pinnacle Traders,West,Anil Kumar,SB-Safety Gloves 12pr,Safety Basics,Low,98,360,0.015,354.67,306,34757.66,4769.66,0
ORD-00458,2026-06-16,ACC-115,Pinnacle Traders,West,Anil Kumar,PH-Precision Torque Wrench,Precision Hardware,High,3,7300,0.059,6871.8,4380,20615.4,7475.4,0
ORD-00458,2026-06-16,ACC-115,Pinnacle Traders,West,Anil Kumar,FF-Stainless Fastener Pack,Fasteners & Fittings,Mid,24,1400,0.031,1356.9,980,32565.6,9045.6,0
ORD-00458,2026-06-16,ACC-115,Pinnacle Traders,West,Anil Kumar,EA-Cable Gland Set,Electrical Accessories,Mid,27,1100,0.035,1061.18,770,28651.86,7861.86,0
ORD-00458,2026-06-16,ACC-115,Pinnacle Traders,West,Anil Kumar,CN-Abrasive Discs 25pk,Consumables,Low,185,300,0.044,286.67,255,53033.95,5858.95,0
ORD-00458,2026-06-16,ACC-115,Pinnacle Traders,West,Anil Kumar,DG-Insulation Tester,Diagnostic Equipment,High,1,21000,0.069,19561.04,11550,19561.04,8011.04,0
ORD-00459,2026-07-20,ACC-115,Pinnacle Traders,West,Anil Kumar,PT-Cordless Drill 18V,Power Tools,High,2,9200,0.056,8682.58,5336,17365.16,6693.16,0
ORD-00459,2026-07-20,ACC-115,Pinnacle Traders,West,Anil Kumar,FF-Stainless Fastener Pack,Fasteners & Fittings,Mid,26,1400,0.072,1298.71,980,33766.46,8286.46,0
ORD-00459,2026-07-20,ACC-115,Pinnacle Traders,West,Anil Kumar,SB-Safety Glasses 10pk,Safety Basics,Low,161,240,0.078,221.34,204,35635.74,2791.74,0
ORD-00459,2026-07-20,ACC-115,Pinnacle Traders,West,Anil Kumar,CN-Drill Bit Set,Consumables,Low,102,560,0.026,545.63,476,55654.26,7102.26,0
ORD-00459,2026-07-20,ACC-115,Pinnacle Traders,West,Anil Kumar,DG-Insulation Tester,Diagnostic Equipment,High,1,21000,0.091,19086.82,11550,19086.82,7536.82,0
ORD-00459,2026-07-20,ACC-115,Pinnacle Traders,West,Anil Kumar,CM-Shop Wipes Bulk,Cleaning & Maintenance,Low,122,260,0.029,252.34,224,30785.48,3457.48,0
ORD-00459,2026-07-20,ACC-115,Pinnacle Traders,West,Anil Kumar,EA-MCB 32A,Electrical Accessories,Mid,49,650,0.094,589.09,455,28865.41,6570.41,0
ORD-00459,2026-07-20,ACC-115,Pinnacle Traders,West,Anil Kumar,PH-Precision Torque Wrench,Precision Hardware,High,3,7300,0.079,6722.65,4380,20167.95,7027.95,0
ORD-00460,2026-08-06,ACC-115,Pinnacle Traders,West,Anil Kumar,CN-Drill Bit Set,Consumables,Low,103,560,0.039,537.99,476,55412.97,6384.97,0
ORD-00460,2026-08-06,ACC-115,Pinnacle Traders,West,Anil Kumar,PT-Angle Grinder 900W,Power Tools,High,3,6400,0.068,5965.81,3712,17897.43,6761.43,0
ORD-00460,2026-08-06,ACC-115,Pinnacle Traders,West,Anil Kumar,CM-Shop Wipes Bulk,Cleaning & Maintenance,Low,125,260,0.075,240.38,224,30047.5,2047.5,0
ORD-00460,2026-08-06,ACC-115,Pinnacle Traders,West,Anil Kumar,EA-MCB 32A,Electrical Accessories,Mid,45,650,0.069,605.47,455,27246.15,6771.15,0
ORD-00460,2026-08-06,ACC-115,Pinnacle Traders,West,Anil Kumar,DG-Digital Multimeter Pro,Diagnostic Equipment,High,1,12500,0.019,12258.51,6875,12258.51,5383.51,0
ORD-00460,2026-08-06,ACC-115,Pinnacle Traders,West,Anil Kumar,FF-Stainless Fastener Pack,Fasteners & Fittings,Mid,25,1400,0.074,1296.57,980,32414.25,7914.25,0
ORD-00460,2026-08-06,ACC-115,Pinnacle Traders,West,Anil Kumar,PH-Micrometer Set,Precision Hardware,High,4,4100,0.046,3911.39,2460,15645.56,5805.56,0
ORD-00460,2026-08-06,ACC-115,Pinnacle Traders,West,Anil Kumar,SB-Safety Glasses 10pk,Safety Basics,Low,154,240,0.044,229.5,204,35343.0,3927.0,0
ORD-00461,2024-09-14,ACC-116,Grove Street Stores,East,Fatima Sheikh,CM-Degreaser 5L,Cleaning & Maintenance,Low,27,480,0.032,464.7,413,12546.9,1395.9,0
ORD-00461,2024-09-14,ACC-116,Grove Street Stores,East,Fatima Sheikh,EA-Cable Gland Set,Electrical Accessories,Mid,24,1100,0.066,1027.25,770,24654.0,6174.0,0
ORD-00461,2024-09-14,ACC-116,Grove Street Stores,East,Fatima Sheikh,DG-Insulation Tester,Diagnostic Equipment,High,2,21000,0.079,19336.27,11550,38672.54,15572.54,0
ORD-00461,2024-09-14,ACC-116,Grove Street Stores,East,Fatima Sheikh,FF-Anchor Bolt Assortment,Fasteners & Fittings,Mid,31,900,0.035,868.61,630,26926.91,7396.91,0
ORD-00462,2024-09-26,ACC-116,Grove Street Stores,East,Fatima Sheikh,CN-Drill Bit Set,Consumables,Low,47,560,0.032,541.82,476,25465.54,3093.54,0
ORD-00462,2024-09-26,ACC-116,Grove Street Stores,East,Fatima Sheikh,SB-Safety Gloves 12pr,Safety Basics,Low,41,360,0.069,335.03,306,13736.23,1190.23,0
ORD-00462,2024-09-26,ACC-116,Grove Street Stores,East,Fatima Sheikh,PT-Cordless Drill 18V,Power Tools,High,5,9200,0.09,8374.06,5336,41870.3,15190.3,0
ORD-00462,2024-09-26,ACC-116,Grove Street Stores,East,Fatima Sheikh,PH-Micrometer Set,Precision Hardware,High,8,4100,0.036,3953.87,2460,31630.96,11950.96,0
ORD-00463,2024-10-16,ACC-116,Grove Street Stores,East,Fatima Sheikh,PH-Bearing Puller Kit,Precision Hardware,High,5,5600,0.045,5350.15,3360,26750.75,9950.75,0
ORD-00463,2024-10-16,ACC-116,Grove Street Stores,East,Fatima Sheikh,EA-Cable Gland Set,Electrical Accessories,Mid,22,1100,0.049,1045.95,770,23010.9,6070.9,0
ORD-00463,2024-10-16,ACC-116,Grove Street Stores,East,Fatima Sheikh,FF-Stainless Fastener Pack,Fasteners & Fittings,Mid,21,1400,0.047,1334.72,980,28029.12,7449.12,0
ORD-00463,2024-10-16,ACC-116,Grove Street Stores,East,Fatima Sheikh,CM-Degreaser 5L,Cleaning & Maintenance,Low,27,480,0.055,453.56,413,12246.12,1095.12,0
ORD-00463,2024-10-16,ACC-116,Grove Street Stores,East,Fatima Sheikh,DG-Insulation Tester,Diagnostic Equipment,High,2,21000,0.035,20265.94,11550,40531.88,17431.88,0
ORD-00463,2024-10-16,ACC-116,Grove Street Stores,East,Fatima Sheikh,CN-Drill Bit Set,Consumables,Low,50,560,0.034,540.85,476,27042.5,3242.5,0
ORD-00463,2024-10-16,ACC-116,Grove Street Stores,East,Fatima Sheikh,PT-Rotary Hammer SDS,Power Tools,High,3,14800,0.058,13945.56,8584,41836.68,16084.68,0
ORD-00463,2024-10-16,ACC-116,Grove Street Stores,East,Fatima Sheikh,SB-Safety Glasses 10pk,Safety Basics,Low,59,240,0.043,229.69,204,13551.71,1515.71,0
ORD-00464,2024-11-20,ACC-116,Grove Street Stores,East,Fatima Sheikh,SB-Safety Glasses 10pk,Safety Basics,Low,65,240,0.075,221.94,204,14426.1,1166.1,0
ORD-00464,2024-11-20,ACC-116,Grove Street Stores,East,Fatima Sheikh,CM-Shop Wipes Bulk,Cleaning & Maintenance,Low,43,260,0.004,259.07,224,11140.01,1508.01,0
ORD-00464,2024-11-20,ACC-116,Grove Street Stores,East,Fatima Sheikh,DG-Insulation Tester,Diagnostic Equipment,High,2,21000,0.081,19308.21,11550,38616.42,15516.42,0
ORD-00464,2024-11-20,ACC-116,Grove Street Stores,East,Fatima Sheikh,CN-Drill Bit Set,Consumables,Low,51,560,0.061,525.7,476,26810.7,2534.7,0
ORD-00464,2024-11-20,ACC-116,Grove Street Stores,East,Fatima Sheikh,FF-Stainless Fastener Pack,Fasteners & Fittings,Mid,24,1400,0.042,1341.28,980,32190.72,8670.72,0
ORD-00464,2024-11-20,ACC-116,Grove Street Stores,East,Fatima Sheikh,PT-Angle Grinder 900W,Power Tools,High,7,6400,0.053,6063.57,3712,42444.99,16460.99,0
ORD-00464,2024-11-20,ACC-116,Grove Street Stores,East,Fatima Sheikh,PH-Precision Torque Wrench,Precision Hardware,High,5,7300,0.052,6918.58,4380,34592.9,12692.9,0
ORD-00464,2024-11-20,ACC-116,Grove Street Stores,East,Fatima Sheikh,EA-Cable Gland Set,Electrical Accessories,Mid,25,1100,0.067,1026.48,770,25662.0,6412.0,0
ORD-00465,2024-12-01,ACC-116,Grove Street Stores,East,Fatima Sheikh,CN-Drill Bit Set,Consumables,Low,52,560,0.037,539.19,476,28037.88,3285.88,0
ORD-00465,2024-12-01,ACC-116,Grove Street Stores,East,Fatima Sheikh,SB-Safety Glasses 10pk,Safety Basics,Low,74,240,0.091,218.12,204,16140.88,1044.88,0
ORD-00465,2024-12-01,ACC-116,Grove Street Stores,East,Fatima Sheikh,DG-Insulation Tester,Diagnostic Equipment,High,2,21000,0.053,19884.0,11550,39768.0,16668.0,0
ORD-00465,2024-12-01,ACC-116,Grove Street Stores,East,Fatima Sheikh,PH-Bearing Puller Kit,Precision Hardware,High,5,5600,0.034,5410.63,3360,27053.15,10253.15,0
ORD-00465,2024-12-01,ACC-116,Grove Street Stores,East,Fatima Sheikh,EA-Cable Gland Set,Electrical Accessories,Mid,22,1100,0.047,1048.78,770,23073.16,6133.16,0
ORD-00465,2024-12-01,ACC-116,Grove Street Stores,East,Fatima Sheikh,FF-Anchor Bolt Assortment,Fasteners & Fittings,Mid,33,900,0.02,881.63,630,29093.79,8303.79,0
ORD-00465,2024-12-01,ACC-116,Grove Street Stores,East,Fatima Sheikh,PT-Rotary Hammer SDS,Power Tools,High,3,14800,0.07,13758.68,8584,41276.04,15524.04,0
ORD-00465,2024-12-01,ACC-116,Grove Street Stores,East,Fatima Sheikh,CM-Shop Wipes Bulk,Cleaning & Maintenance,Low,46,260,0.037,250.37,224,11517.02,1213.02,0
ORD-00466,2025-01-05,ACC-116,Grove Street Stores,East,Fatima Sheikh,PT-Cordless Drill 18V,Power Tools,High,4,9200,0.074,8516.33,5336,34065.32,12721.32,0
ORD-00466,2025-01-05,ACC-116,Grove Street Stores,East,Fatima Sheikh,SB-Safety Gloves 12pr,Safety Basics,Low,43,360,0.03,349.17,306,15014.31,1856.31,0
ORD-00466,2025-01-05,ACC-116,Grove Street Stores,East,Fatima Sheikh,FF-Stainless Fastener Pack,Fasteners & Fittings,Mid,23,1400,0.095,1266.99,980,29140.77,6600.77,0
ORD-00466,2025-01-05,ACC-116,Grove Street Stores,East,Fatima Sheikh,EA-Cable Gland Set,Electrical Accessories,Mid,26,1100,0.061,1032.45,770,26843.7,6823.7,0
ORD-00466,2025-01-05,ACC-116,Grove Street Stores,East,Fatima Sheikh,CM-Degreaser 5L,Cleaning & Maintenance,Low,25,480,0.061,450.67,413,11266.75,941.75,0
ORD-00466,2025-01-05,ACC-116,Grove Street Stores,East,Fatima Sheikh,PH-Micrometer Set,Precision Hardware,High,8,4100,0.052,3887.32,2460,31098.56,11418.56,0
ORD-00466,2025-01-05,ACC-116,Grove Street Stores,East,Fatima Sheikh,DG-Insulation Tester,Diagnostic Equipment,High,2,21000,0.082,19273.29,11550,38546.58,15446.58,0
ORD-00466,2025-01-05,ACC-116,Grove Street Stores,East,Fatima Sheikh,CN-Cutting Blade 10pk,Consumables,Low,58,420,0.025,409.3,357,23739.4,3033.4,0
ORD-00467,2025-02-23,ACC-116,Grove Street Stores,East,Fatima Sheikh,CN-Drill Bit Set,Consumables,Low,52,560,0.072,519.47,476,27012.44,2260.44,0
ORD-00467,2025-02-23,ACC-116,Grove Street Stores,East,Fatima Sheikh,FF-Stainless Fastener Pack,Fasteners & Fittings,Mid,22,1400,0.041,1343.01,980,29546.22,7986.22,0
ORD-00467,2025-02-23,ACC-116,Grove Street Stores,East,Fatima Sheikh,CM-Shop Wipes Bulk,Cleaning & Maintenance,Low,49,260,0.081,238.93,224,11707.57,731.57,0
ORD-00467,2025-02-23,ACC-116,Grove Street Stores,East,Fatima Sheikh,EA-Cable Gland Set,Electrical Accessories,Mid,23,1100,0.055,1039.11,770,23899.53,6189.53,0
ORD-00467,2025-02-23,ACC-116,Grove Street Stores,East,Fatima Sheikh,SB-Safety Glasses 10pk,Safety Basics,Low,63,240,0.075,221.92,204,13980.96,1128.96,0
ORD-00467,2025-02-23,ACC-116,Grove Street Stores,East,Fatima Sheikh,PT-Rotary Hammer SDS,Power Tools,High,3,14800,0.057,13954.02,8584,41862.06,16110.06,0
ORD-00467,2025-02-23,ACC-116,Grove Street Stores,East,Fatima Sheikh,DG-Insulation Tester,Diagnostic Equipment,High,2,21000,0.048,19984.08,11550,39968.16,16868.16,0
ORD-00467,2025-02-23,ACC-116,Grove Street Stores,East,Fatima Sheikh,PH-Micrometer Set,Precision Hardware,High,8,4100,0.021,4012.69,2460,32101.52,12421.52,0
ORD-00468,2025-03-02,ACC-116,Grove Street Stores,East,Fatima Sheikh,PH-Bearing Puller Kit,Precision Hardware,High,6,5600,0.048,5330.94,3360,31985.64,11825.64,0
ORD-00468,2025-03-02,ACC-116,Grove Street Stores,East,Fatima Sheikh,CN-Cutting Blade 10pk,Consumables,Low,67,420,0.021,411.29,357,27556.43,3637.43,0
ORD-00468,2025-03-02,ACC-116,Grove Street Stores,East,Fatima Sheikh,EA-MCB 32A,Electrical Accessories,Mid,41,650,0.085,594.57,455,24377.37,5722.37,0
ORD-00468,2025-03-02,ACC-116,Grove Street Stores,East,Fatima Sheikh,PT-Rotary Hammer SDS,Power Tools,High,3,14800,0.097,13371.11,8584,40113.33,14361.33,0
ORD-00469,2025-03-14,ACC-116,Grove Street Stores,East,Fatima Sheikh,CM-Degreaser 5L,Cleaning & Maintenance,Low,28,480,0.034,463.86,413,12988.08,1424.08,0
ORD-00469,2025-03-14,ACC-116,Grove Street Stores,East,Fatima Sheikh,SB-Safety Glasses 10pk,Safety Basics,Low,64,240,0.027,233.53,204,14945.92,1889.92,0
ORD-00469,2025-03-14,ACC-116,Grove Street Stores,East,Fatima Sheikh,FF-Anchor Bolt Assortment,Fasteners & Fittings,Mid,33,900,0.042,862.21,630,28452.93,7662.93,0
ORD-00469,2025-03-14,ACC-116,Grove Street Stores,East,Fatima Sheikh,DG-Insulation Tester,Diagnostic Equipment,High,1,21000,0.011,20776.65,11550,20776.65,9226.65,0
ORD-00470,2025-04-01,ACC-116,Grove Street Stores,East,Fatima Sheikh,SB-Safety Glasses 10pk,Safety Basics,Low,66,240,0.04,230.48,204,15211.68,1747.68,0
ORD-00470,2025-04-01,ACC-116,Grove Street Stores,East,Fatima Sheikh,PT-Rotary Hammer SDS,Power Tools,High,3,14800,0.029,14367.36,8584,43102.08,17350.08,0
ORD-00470,2025-04-01,ACC-116,Grove Street Stores,East,Fatima Sheikh,EA-MCB 32A,Electrical Accessories,Mid,44,650,0.069,604.91,455,26616.04,6596.04,0
ORD-00470,2025-04-01,ACC-116,Grove Street Stores,East,Fatima Sheikh,CM-Shop Wipes Bulk,Cleaning & Maintenance,Low,51,260,0.019,255.15,224,13012.65,1588.65,0
ORD-00470,2025-04-01,ACC-116,Grove Street Stores,East,Fatima Sheikh,PH-Precision Torque Wrench,Precision Hardware,High,4,7300,0.023,7132.12,4380,28528.48,11008.48,0
ORD-00470,2025-04-01,ACC-116,Grove Street Stores,East,Fatima Sheikh,CN-Cutting Blade 10pk,Consumables,Low,62,420,0.038,403.97,357,25046.14,2912.14,0
ORD-00470,2025-04-01,ACC-116,Grove Street Stores,East,Fatima Sheikh,DG-Digital Multimeter Pro,Diagnostic Equipment,High,3,12500,0.026,12171.63,6875,36514.89,15889.89,0
ORD-00470,2025-04-01,ACC-116,Grove Street Stores,East,Fatima Sheikh,FF-Stainless Fastener Pack,Fasteners & Fittings,Mid,20,1400,0.054,1324.69,980,26493.8,6893.8,0
ORD-00471,2025-05-18,ACC-116,Grove Street Stores,East,Fatima Sheikh,DG-Insulation Tester,Diagnostic Equipment,High,2,21000,0.072,19482.28,11550,38964.56,15864.56,0
ORD-00471,2025-05-18,ACC-116,Grove Street Stores,East,Fatima Sheikh,CN-Abrasive Discs 25pk,Consumables,Low,93,300,0.089,273.23,255,25410.39,1695.39,0
ORD-00471,2025-05-18,ACC-116,Grove Street Stores,East,Fatima Sheikh,PT-Cordless Drill 18V,Power Tools,High,4,9200,0.06,8648.57,5336,34594.28,13250.28,0
ORD-00471,2025-05-18,ACC-116,Grove Street Stores,East,Fatima Sheikh,SB-Safety Glasses 10pk,Safety Basics,Low,65,240,0.043,229.74,204,14933.1,1673.1,0
ORD-00471,2025-05-18,ACC-116,Grove Street Stores,East,Fatima Sheikh,PH-Precision Torque Wrench,Precision Hardware,High,4,7300,0.024,7122.66,4380,28490.64,10970.64,0
ORD-00471,2025-05-18,ACC-116,Grove Street Stores,East,Fatima Sheikh,EA-MCB 32A,Electrical Accessories,Mid,41,650,0.07,604.23,455,24773.43,6118.43,0
ORD-00471,2025-05-18,ACC-116,Grove Street Stores,East,Fatima Sheikh,FF-Anchor Bolt Assortment,Fasteners & Fittings,Mid,32,900,0.035,868.18,630,27781.76,7621.76,0
ORD-00471,2025-05-18,ACC-116,Grove Street Stores,East,Fatima Sheikh,CM-Shop Wipes Bulk,Cleaning & Maintenance,Low,53,260,0.074,240.66,224,12754.98,882.98,0
ORD-00473,2025-06-12,ACC-116,Grove Street Stores,East,Fatima Sheikh,PT-Rotary Hammer SDS,Power Tools,High,3,14800,0.062,13885.3,8584,41655.9,15903.9,0
ORD-00473,2025-06-12,ACC-116,Grove Street Stores,East,Fatima Sheikh,SB-Safety Glasses 10pk,Safety Basics,Low,67,240,0.053,227.26,204,15226.42,1558.42,0
ORD-00473,2025-06-12,ACC-116,Grove Street Stores,East,Fatima Sheikh,PH-Micrometer Set,Precision Hardware,High,8,4100,0.075,3790.95,2460,30327.6,10647.6,0
ORD-00473,2025-06-12,ACC-116,Grove Street Stores,East,Fatima Sheikh,DG-Insulation Tester,Diagnostic Equipment,High,1,21000,0.045,20065.1,11550,20065.1,8515.1,0
ORD-00472,2025-06-26,ACC-116,Grove Street Stores,East,Fatima Sheikh,EA-Cable Gland Set,Electrical Accessories,Mid,27,1100,0.066,1027.65,770,27746.55,6956.55,0
ORD-00472,2025-06-26,ACC-116,Grove Street Stores,East,Fatima Sheikh,CM-Degreaser 5L,Cleaning & Maintenance,Low,26,480,0.079,442.0,413,11492.0,754.0,0
ORD-00472,2025-06-26,ACC-116,Grove Street Stores,East,Fatima Sheikh,CN-Drill Bit Set,Consumables,Low,47,560,0.039,537.91,476,25281.77,2909.77,0
ORD-00472,2025-06-26,ACC-116,Grove Street Stores,East,Fatima Sheikh,FF-Stainless Fastener Pack,Fasteners & Fittings,Mid,25,1400,0.071,1300.84,980,32521.0,8021.0,0
ORD-00474,2025-07-07,ACC-116,Grove Street Stores,East,Fatima Sheikh,CN-Drill Bit Set,Consumables,Low,49,560,0.05,532.27,476,26081.23,2757.23,0
ORD-00474,2025-07-07,ACC-116,Grove Street Stores,East,Fatima Sheikh,EA-Cable Gland Set,Electrical Accessories,Mid,22,1100,0.052,1042.75,770,22940.5,6000.5,0
ORD-00474,2025-07-07,ACC-116,Grove Street Stores,East,Fatima Sheikh,DG-Digital Multimeter Pro,Diagnostic Equipment,High,3,12500,0.04,11996.95,6875,35990.85,15365.85,0
ORD-00474,2025-07-07,ACC-116,Grove Street Stores,East,Fatima Sheikh,PT-Angle Grinder 900W,Power Tools,High,6,6400,0.034,6183.19,3712,37099.14,14827.14,0
ORD-00474,2025-07-07,ACC-116,Grove Street Stores,East,Fatima Sheikh,PH-Precision Torque Wrench,Precision Hardware,High,4,7300,0.018,7165.37,4380,28661.48,11141.48,0
ORD-00474,2025-07-07,ACC-116,Grove Street Stores,East,Fatima Sheikh,FF-Anchor Bolt Assortment,Fasteners & Fittings,Mid,37,900,0.043,861.74,630,31884.38,8574.38,0
ORD-00474,2025-07-07,ACC-116,Grove Street Stores,East,Fatima Sheikh,SB-Safety Glasses 10pk,Safety Basics,Low,65,240,0.087,219.23,204,14249.95,989.95,0
ORD-00474,2025-07-07,ACC-116,Grove Street Stores,East,Fatima Sheikh,CM-Degreaser 5L,Cleaning & Maintenance,Low,24,480,0.038,461.56,413,11077.44,1165.44,0
ORD-00475,2025-08-03,ACC-116,Grove Street Stores,East,Fatima Sheikh,PH-Precision Torque Wrench,Precision Hardware,High,5,7300,0.035,7045.81,4380,35229.05,13329.05,0
ORD-00475,2025-08-03,ACC-116,Grove Street Stores,East,Fatima Sheikh,SB-Safety Glasses 10pk,Safety Basics,Low,60,240,0.055,226.71,204,13602.6,1362.6,0
ORD-00475,2025-08-03,ACC-116,Grove Street Stores,East,Fatima Sheikh,PT-Rotary Hammer SDS,Power Tools,High,3,14800,0.037,14252.13,8584,42756.39,17004.39,0
ORD-00475,2025-08-03,ACC-116,Grove Street Stores,East,Fatima Sheikh,EA-MCB 32A,Electrical Accessories,Mid,36,650,0.021,636.42,455,22911.12,6531.12,0
ORD-00475,2025-08-03,ACC-116,Grove Street Stores,East,Fatima Sheikh,CM-Shop Wipes Bulk,Cleaning & Maintenance,Low,53,260,0.054,245.9,224,13032.7,1160.7,0
ORD-00475,2025-08-03,ACC-116,Grove Street Stores,East,Fatima Sheikh,CN-Drill Bit Set,Consumables,Low,48,560,0.05,531.97,476,25534.56,2686.56,0
ORD-00475,2025-08-03,ACC-116,Grove Street Stores,East,Fatima Sheikh,DG-Digital Multimeter Pro,Diagnostic Equipment,High,2,12500,0.009,12387.5,6875,24775.0,11025.0,0
ORD-00475,2025-08-03,ACC-116,Grove Street Stores,East,Fatima Sheikh,FF-Stainless Fastener Pack,Fasteners & Fittings,Mid,22,1400,0.048,1333.14,980,29329.08,7769.08,0
ORD-00476,2025-09-12,ACC-116,Grove Street Stores,East,Fatima Sheikh,PH-Bearing Puller Kit,Precision Hardware,High,6,5600,0.033,5415.73,3360,32494.38,12334.38,0
ORD-00476,2025-09-12,ACC-116,Grove Street Stores,East,Fatima Sheikh,CN-Drill Bit Set,Consumables,Low,53,560,0.059,526.86,476,27923.58,2695.58,0
ORD-00476,2025-09-12,ACC-116,Grove Street Stores,East,Fatima Sheikh,CM-Shop Wipes Bulk,Cleaning & Maintenance,Low,50,260,0.029,252.53,224,12626.5,1426.5,0
ORD-00476,2025-09-12,ACC-116,Grove Street Stores,East,Fatima Sheikh,EA-Cable Gland Set,Electrical Accessories,Mid,25,1100,0.061,1032.72,770,25818.0,6568.0,0
ORD-00476,2025-09-12,ACC-116,Grove Street Stores,East,Fatima Sheikh,DG-Thermal Imager,Diagnostic Equipment,High,1,38000,0.036,36634.48,20900,36634.48,15734.48,0
ORD-00476,2025-09-12,ACC-116,Grove Street Stores,East,Fatima Sheikh,PT-Cordless Drill 18V,Power Tools,High,5,9200,0.063,8623.88,5336,43119.4,16439.4,0
ORD-00476,2025-09-12,ACC-116,Grove Street Stores,East,Fatima Sheikh,SB-Safety Glasses 10pk,Safety Basics,Low,70,240,0.042,229.85,204,16089.5,1809.5,0
ORD-00476,2025-09-12,ACC-116,Grove Street Stores,East,Fatima Sheikh,FF-Anchor Bolt Assortment,Fasteners & Fittings,Mid,37,900,0.06,846.06,630,31304.22,7994.22,0
ORD-00477,2025-10-15,ACC-116,Grove Street Stores,East,Fatima Sheikh,CM-Degreaser 5L,Cleaning & Maintenance,Low,24,480,0.011,474.64,413,11391.36,1479.36,0
ORD-00477,2025-10-15,ACC-116,Grove Street Stores,East,Fatima Sheikh,FF-Stainless Fastener Pack,Fasteners & Fittings,Mid,23,1400,0.075,1295.6,980,29798.8,7258.8,0
ORD-00477,2025-10-15,ACC-116,Grove Street Stores,East,Fatima Sheikh,SB-Safety Glasses 10pk,Safety Basics,Low,60,240,0.051,227.72,204,13663.2,1423.2,0
ORD-00477,2025-10-15,ACC-116,Grove Street Stores,East,Fatima Sheikh,PT-Rotary Hammer SDS,Power Tools,High,3,14800,0.033,14314.29,8584,42942.87,17190.87,0
ORD-00478,2025-10-19,ACC-116,Grove Street Stores,East,Fatima Sheikh,PH-Bearing Puller Kit,Precision Hardware,High,6,5600,0.033,5413.57,3360,32481.42,12321.42,0
ORD-00478,2025-10-19,ACC-116,Grove Street Stores,East,Fatima Sheikh,EA-Cable Gland Set,Electrical Accessories,Mid,21,1100,0.029,1068.08,770,22429.68,6259.68,0
ORD-00478,2025-10-19,ACC-116,Grove Street Stores,East,Fatima Sheikh,DG-Thermal Imager,Diagnostic Equipment,High,1,38000,0.024,37084.59,20900,37084.59,16184.59,0
ORD-00478,2025-10-19,ACC-116,Grove Street Stores,East,Fatima Sheikh,CN-Abrasive Discs 25pk,Consumables,Low,92,300,0.042,287.28,255,26429.76,2969.76,0
ORD-00493,2025-11-05,ACC-116,Grove Street Stores,East,Fatima Sheikh,SB-Safety Glasses 10pk,Safety Basics,Low,-3,240,0.05,228.0,204,-684.0,-72.0,1
ORD-00479,2025-11-06,ACC-116,Grove Street Stores,East,Fatima Sheikh,CM-Degreaser 5L,Cleaning & Maintenance,Low,26,480,0.024,468.66,413,12185.16,1447.16,0
ORD-00479,2025-11-06,ACC-116,Grove Street Stores,East,Fatima Sheikh,EA-MCB 32A,Electrical Accessories,Mid,38,650,0.039,624.94,455,23747.72,6457.72,0
ORD-00479,2025-11-06,ACC-116,Grove Street Stores,East,Fatima Sheikh,CN-Cutting Blade 10pk,Consumables,Low,57,420,0.012,414.95,357,23652.15,3303.15,0
ORD-00479,2025-11-06,ACC-116,Grove Street Stores,East,Fatima Sheikh,SB-Safety Gloves 12pr,Safety Basics,Low,46,360,0.088,328.21,306,15097.66,1021.66,0
ORD-00479,2025-11-06,ACC-116,Grove Street Stores,East,Fatima Sheikh,PH-Precision Torque Wrench,Precision Hardware,High,4,7300,0.061,6854.1,4380,27416.4,9896.4,0
ORD-00479,2025-11-06,ACC-116,Grove Street Stores,East,Fatima Sheikh,DG-Thermal Imager,Diagnostic Equipment,High,1,38000,0.03,36852.0,20900,36852.0,15952.0,0
ORD-00479,2025-11-06,ACC-116,Grove Street Stores,East,Fatima Sheikh,FF-Stainless Fastener Pack,Fasteners & Fittings,Mid,23,1400,0.039,1345.32,980,30942.36,8402.36,0
ORD-00479,2025-11-06,ACC-116,Grove Street Stores,East,Fatima Sheikh,PT-Angle Grinder 900W,Power Tools,High,7,6400,0.043,6125.39,3712,42877.73,16893.73,0
ORD-00480,2025-12-19,ACC-116,Grove Street Stores,East,Fatima Sheikh,DG-Thermal Imager,Diagnostic Equipment,High,1,38000,0.054,35964.95,20900,35964.95,15064.95,0
ORD-00480,2025-12-19,ACC-116,Grove Street Stores,East,Fatima Sheikh,PH-Bearing Puller Kit,Precision Hardware,High,5,5600,0.027,5447.42,3360,27237.1,10437.1,0
ORD-00480,2025-12-19,ACC-116,Grove Street Stores,East,Fatima Sheikh,CM-Degreaser 5L,Cleaning & Maintenance,Low,26,480,0.035,463.04,413,12039.04,1301.04,0
ORD-00480,2025-12-19,ACC-116,Grove Street Stores,East,Fatima Sheikh,CN-Cutting Blade 10pk,Consumables,Low,72,420,0.056,396.62,357,28556.64,2852.64,0
ORD-00480,2025-12-19,ACC-116,Grove Street Stores,East,Fatima Sheikh,PT-Angle Grinder 900W,Power Tools,High,6,6400,0.018,6286.04,3712,37716.24,15444.24,0
ORD-00480,2025-12-19,ACC-116,Grove Street Stores,East,Fatima Sheikh,FF-Anchor Bolt Assortment,Fasteners & Fittings,Mid,33,900,0.006,894.92,630,29532.36,8742.36,0
ORD-00480,2025-12-19,ACC-116,Grove Street Stores,East,Fatima Sheikh,SB-Safety Gloves 12pr,Safety Basics,Low,41,360,0.02,352.68,306,14459.88,1913.88,0
ORD-00480,2025-12-19,ACC-116,Grove Street Stores,East,Fatima Sheikh,EA-Cable Gland Set,Electrical Accessories,Mid,22,1100,0.02,1077.48,770,23704.56,6764.56,0
ORD-00481,2026-01-10,ACC-116,Grove Street Stores,East,Fatima Sheikh,EA-MCB 32A,Electrical Accessories,Mid,40,650,0.068,606.03,455,24241.2,6041.2,0
ORD-00481,2026-01-10,ACC-116,Grove Street Stores,East,Fatima Sheikh,CN-Drill Bit Set,Consumables,Low,49,560,0.045,535.07,476,26218.43,2894.43,0
ORD-00481,2026-01-10,ACC-116,Grove Street Stores,East,Fatima Sheikh,CM-Degreaser 5L,Cleaning & Maintenance,Low,24,480,0.039,461.05,413,11065.2,1153.2,0
ORD-00481,2026-01-10,ACC-116,Grove Street Stores,East,Fatima Sheikh,DG-Thermal Imager,Diagnostic Equipment,High,1,38000,0.067,35451.14,20900,35451.14,14551.14,0
ORD-00482,2026-01-16,ACC-116,Grove Street Stores,East,Fatima Sheikh,PH-Precision Torque Wrench,Precision Hardware,High,4,7300,0.007,7246.37,4380,28985.48,11465.48,0
ORD-00482,2026-01-16,ACC-116,Grove Street Stores,East,Fatima Sheikh,SB-Safety Glasses 10pk,Safety Basics,Low,63,240,0.045,229.26,204,14443.38,1591.38,0
ORD-00482,2026-01-16,ACC-116,Grove Street Stores,East,Fatima Sheikh,FF-Anchor Bolt Assortment,Fasteners & Fittings,Mid,33,900,0.058,847.85,630,27979.05,7189.05,0
ORD-00482,2026-01-16,ACC-116,Grove Street Stores,East,Fatima Sheikh,PT-Angle Grinder 900W,Power Tools,High,7,6400,0.069,5961.42,3712,41729.94,15745.94,0
ORD-00483,2026-02-17,ACC-116,Grove Street Stores,East,Fatima Sheikh,EA-MCB 32A,Electrical Accessories,Mid,42,650,0.033,628.49,455,26396.58,7286.58,0
ORD-00483,2026-02-17,ACC-116,Grove Street Stores,East,Fatima Sheikh,FF-Anchor Bolt Assortment,Fasteners & Fittings,Mid,34,900,0.049,855.47,630,29085.98,7665.98,0
ORD-00483,2026-02-17,ACC-116,Grove Street Stores,East,Fatima Sheikh,PT-Rotary Hammer SDS,Power Tools,High,3,14800,0.066,13827.17,8584,41481.51,15729.51,0
ORD-00483,2026-02-17,ACC-116,Grove Street Stores,East,Fatima Sheikh,SB-Safety Gloves 12pr,Safety Basics,Low,40,360,0.032,348.62,306,13944.8,1704.8,0
ORD-00483,2026-02-17,ACC-116,Grove Street Stores,East,Fatima Sheikh,DG-Thermal Imager,Diagnostic Equipment,High,1,38000,0.03,36863.42,20900,36863.42,15963.42,0
ORD-00483,2026-02-17,ACC-116,Grove Street Stores,East,Fatima Sheikh,PH-Micrometer Set,Precision Hardware,High,7,4100,0.073,3798.8,2460,26591.6,9371.6,0
ORD-00483,2026-02-17,ACC-116,Grove Street Stores,East,Fatima Sheikh,CN-Abrasive Discs 25pk,Consumables,Low,88,300,0.004,298.86,255,26299.68,3859.68,0
ORD-00483,2026-02-17,ACC-116,Grove Street Stores,East,Fatima Sheikh,CM-Shop Wipes Bulk,Cleaning & Maintenance,Low,53,260,0.042,249.18,224,13206.54,1334.54,0
ORD-00484,2026-03-11,ACC-116,Grove Street Stores,East,Fatima Sheikh,SB-Safety Gloves 12pr,Safety Basics,Low,45,360,0.052,341.3,306,15358.5,1588.5,0
ORD-00484,2026-03-11,ACC-116,Grove Street Stores,East,Fatima Sheikh,CN-Cutting Blade 10pk,Consumables,Low,62,420,0.055,396.99,357,24613.38,2479.38,0
ORD-00484,2026-03-11,ACC-116,Grove Street Stores,East,Fatima Sheikh,PH-Bearing Puller Kit,Precision Hardware,High,6,5600,0.024,5463.05,3360,32778.3,12618.3,0
ORD-00484,2026-03-11,ACC-116,Grove Street Stores,East,Fatima Sheikh,EA-Cable Gland Set,Electrical Accessories,Mid,26,1100,0.077,1015.6,770,26405.6,6385.6,0
ORD-00484,2026-03-11,ACC-116,Grove Street Stores,East,Fatima Sheikh,PT-Cordless Drill 18V,Power Tools,High,5,9200,0.045,8781.76,5336,43908.8,17228.8,0
ORD-00484,2026-03-11,ACC-116,Grove Street Stores,East,Fatima Sheikh,CM-Shop Wipes Bulk,Cleaning & Maintenance,Low,46,260,0.077,239.87,224,11034.02,730.02,0
ORD-00484,2026-03-11,ACC-116,Grove Street Stores,East,Fatima Sheikh,FF-Stainless Fastener Pack,Fasteners & Fittings,Mid,22,1400,0.081,1285.91,980,28290.02,6730.02,0
ORD-00484,2026-03-11,ACC-116,Grove Street Stores,East,Fatima Sheikh,DG-Digital Multimeter Pro,Diagnostic Equipment,High,3,12500,0.076,11544.04,6875,34632.12,14007.12,0
ORD-00485,2026-04-02,ACC-116,Grove Street Stores,East,Fatima Sheikh,SB-Safety Gloves 12pr,Safety Basics,Low,44,360,0.032,348.39,306,15329.16,1865.16,0
ORD-00485,2026-04-02,ACC-116,Grove Street Stores,East,Fatima Sheikh,CM-Shop Wipes Bulk,Cleaning & Maintenance,Low,53,260,0.045,248.39,224,13164.67,1292.67,0
ORD-00485,2026-04-02,ACC-116,Grove Street Stores,East,Fatima Sheikh,FF-Stainless Fastener Pack,Fasteners & Fittings,Mid,20,1400,0.021,1370.87,980,27417.4,7817.4,0
ORD-00485,2026-04-02,ACC-116,Grove Street Stores,East,Fatima Sheikh,PT-Rotary Hammer SDS,Power Tools,High,3,14800,0.062,13887.16,8584,41661.48,15909.48,0
ORD-00485,2026-04-02,ACC-116,Grove Street Stores,East,Fatima Sheikh,PH-Precision Torque Wrench,Precision Hardware,High,5,7300,0.047,6956.65,4380,34783.25,12883.25,0
ORD-00485,2026-04-02,ACC-116,Grove Street Stores,East,Fatima Sheikh,EA-MCB 32A,Electrical Accessories,Mid,39,650,0.027,632.51,455,24667.89,6922.89,0
ORD-00485,2026-04-02,ACC-116,Grove Street Stores,East,Fatima Sheikh,CN-Cutting Blade 10pk,Consumables,Low,62,420,0.063,393.6,357,24403.2,2269.2,0
ORD-00485,2026-04-02,ACC-116,Grove Street Stores,East,Fatima Sheikh,DG-Insulation Tester,Diagnostic Equipment,High,2,21000,0.094,19035.91,11550,38071.82,14971.82,0
ORD-00491,2026-05-06,ACC-116,Grove Street Stores,East,Fatima Sheikh,PH-Bearing Puller Kit,Precision Hardware,High,-2,5600,0.05,5320.0,3360,-10640.0,-3920.0,1
ORD-00486,2026-05-26,ACC-116,Grove Street Stores,East,Fatima Sheikh,CM-Shop Wipes Bulk,Cleaning & Maintenance,Low,51,260,0.059,244.66,224,12477.66,1053.66,0
ORD-00486,2026-05-26,ACC-116,Grove Street Stores,East,Fatima Sheikh,EA-MCB 32A,Electrical Accessories,Mid,37,650,0.056,613.86,455,22712.82,5877.82,0
ORD-00486,2026-05-26,ACC-116,Grove Street Stores,East,Fatima Sheikh,PH-Bearing Puller Kit,Precision Hardware,High,5,5600,0.026,5454.46,3360,27272.3,10472.3,0
ORD-00486,2026-05-26,ACC-116,Grove Street Stores,East,Fatima Sheikh,PT-Rotary Hammer SDS,Power Tools,High,3,14800,0.016,14566.56,8584,43699.68,17947.68,0
ORD-00486,2026-05-26,ACC-116,Grove Street Stores,East,Fatima Sheikh,DG-Digital Multimeter Pro,Diagnostic Equipment,High,3,12500,0.08,11502.41,6875,34507.23,13882.23,0
ORD-00486,2026-05-26,ACC-116,Grove Street Stores,East,Fatima Sheikh,FF-Anchor Bolt Assortment,Fasteners & Fittings,Mid,32,900,0.034,869.52,630,27824.64,7664.64,0
ORD-00486,2026-05-26,ACC-116,Grove Street Stores,East,Fatima Sheikh,SB-Safety Gloves 12pr,Safety Basics,Low,42,360,0.085,329.29,306,13830.18,978.18,0
ORD-00486,2026-05-26,ACC-116,Grove Street Stores,East,Fatima Sheikh,CN-Drill Bit Set,Consumables,Low,54,560,0.066,523.25,476,28255.5,2551.5,0
ORD-00487,2026-06-23,ACC-116,Grove Street Stores,East,Fatima Sheikh,PT-Angle Grinder 900W,Power Tools,High,7,6400,0.065,5983.23,3712,41882.61,15898.61,0
ORD-00487,2026-06-23,ACC-116,Grove Street Stores,East,Fatima Sheikh,FF-Stainless Fastener Pack,Fasteners & Fittings,Mid,23,1400,0.031,1356.27,980,31194.21,8654.21,0
ORD-00487,2026-06-23,ACC-116,Grove Street Stores,East,Fatima Sheikh,CN-Drill Bit Set,Consumables,Low,45,560,0.051,531.29,476,23908.05,2488.05,0
ORD-00487,2026-06-23,ACC-116,Grove Street Stores,East,Fatima Sheikh,PH-Precision Torque Wrench,Precision Hardware,High,4,7300,0.018,7166.67,4380,28666.68,11146.68,0
ORD-00487,2026-06-23,ACC-116,Grove Street Stores,East,Fatima Sheikh,SB-Safety Glasses 10pk,Safety Basics,Low,62,240,0.046,228.98,204,14196.76,1548.76,0
ORD-00487,2026-06-23,ACC-116,Grove Street Stores,East,Fatima Sheikh,EA-MCB 32A,Electrical Accessories,Mid,41,650,0.084,595.45,455,24413.45,5758.45,0
ORD-00487,2026-06-23,ACC-116,Grove Street Stores,East,Fatima Sheikh,DG-Insulation Tester,Diagnostic Equipment,High,1,21000,0.054,19858.93,11550,19858.93,8308.93,0
ORD-00487,2026-06-23,ACC-116,Grove Street Stores,East,Fatima Sheikh,CM-Shop Wipes Bulk,Cleaning & Maintenance,Low,53,260,0.045,248.42,224,13166.26,1294.26,0
ORD-00489,2026-07-13,ACC-116,Grove Street Stores,East,Fatima Sheikh,PT-Angle Grinder 900W,Power Tools,High,8,6400,0.081,5878.96,3712,47031.68,17335.68,0
ORD-00489,2026-07-13,ACC-116,Grove Street Stores,East,Fatima Sheikh,CN-Abrasive Discs 25pk,Consumables,Low,85,300,0.048,285.75,255,24288.75,2613.75,0
ORD-00489,2026-07-13,ACC-116,Grove Street Stores,East,Fatima Sheikh,PH-Bearing Puller Kit,Precision Hardware,High,5,5600,0.055,5293.24,3360,26466.2,9666.2,0
ORD-00489,2026-07-13,ACC-116,Grove Street Stores,East,Fatima Sheikh,EA-MCB 32A,Electrical Accessories,Mid,44,650,0.069,604.84,455,26612.96,6592.96,0
ORD-00488,2026-07-22,ACC-116,Grove Street Stores,East,Fatima Sheikh,FF-Anchor Bolt Assortment,Fasteners & Fittings,Mid,37,900,0.077,830.31,630,30721.47,7411.47,0
ORD-00488,2026-07-22,ACC-116,Grove Street Stores,East,Fatima Sheikh,DG-Insulation Tester,Diagnostic Equipment,High,1,21000,0.042,20111.93,11550,20111.93,8561.93,0
ORD-00488,2026-07-22,ACC-116,Grove Street Stores,East,Fatima Sheikh,CM-Shop Wipes Bulk,Cleaning & Maintenance,Low,46,260,0.038,250.16,224,11507.36,1203.36,0
ORD-00488,2026-07-22,ACC-116,Grove Street Stores,East,Fatima Sheikh,SB-Safety Gloves 12pr,Safety Basics,Low,46,360,0.052,341.2,306,15695.2,1619.2,0
ORD-00492,2026-07-25,ACC-116,Grove Street Stores,East,Fatima Sheikh,EA-Cable Gland Set,Electrical Accessories,Mid,-1,1100,0.05,1045.0,770,-1045.0,-275.0,1
ORD-00490,2026-08-17,ACC-116,Grove Street Stores,East,Fatima Sheikh,PH-Micrometer Set,Precision Hardware,High,8,4100,0.076,3790.26,2460,30322.08,10642.08,0
ORD-00490,2026-08-17,ACC-116,Grove Street Stores,East,Fatima Sheikh,DG-Insulation Tester,Diagnostic Equipment,High,2,21000,0.052,19911.92,11550,39823.84,16723.84,0
ORD-00490,2026-08-17,ACC-116,Grove Street Stores,East,Fatima Sheikh,SB-Safety Glasses 10pk,Safety Basics,Low,69,240,0.045,229.21,204,15815.49,1739.49,0
ORD-00490,2026-08-17,ACC-116,Grove Street Stores,East,Fatima Sheikh,FF-Anchor Bolt Assortment,Fasteners & Fittings,Mid,36,900,0.049,855.81,630,30809.16,8129.16,0
ORD-00490,2026-08-17,ACC-116,Grove Street Stores,East,Fatima Sheikh,EA-MCB 32A,Electrical Accessories,Mid,42,650,0.063,608.96,455,25576.32,6466.32,0
ORD-00490,2026-08-17,ACC-116,Grove Street Stores,East,Fatima Sheikh,PT-Rotary Hammer SDS,Power Tools,High,3,14800,0.046,14117.23,8584,42351.69,16599.69,0
ORD-00490,2026-08-17,ACC-116,Grove Street Stores,East,Fatima Sheikh,CM-Degreaser 5L,Cleaning & Maintenance,Low,23,480,0.013,474.0,413,10902.0,1403.0,0
ORD-00490,2026-08-17,ACC-116,Grove Street Stores,East,Fatima Sheikh,CN-Abrasive Discs 25pk,Consumables,Low,93,300,0.044,286.84,255,26676.12,2961.12,0
ORD-00494,2024-09-20,ACC-117,Halcyon Distributors,North,Priya Nair,PH-Bearing Puller Kit,Precision Hardware,High,8,5600,0.061,5258.65,3360,42069.2,15189.2,0
ORD-00494,2024-09-20,ACC-117,Halcyon Distributors,North,Priya Nair,EA-MCB 32A,Electrical Accessories,Mid,29,650,0.036,626.56,455,18170.24,4975.24,0
ORD-00494,2024-09-20,ACC-117,Halcyon Distributors,North,Priya Nair,CN-Cutting Blade 10pk,Consumables,Low,44,420,0.063,393.63,357,17319.72,1611.72,0
ORD-00494,2024-09-20,ACC-117,Halcyon Distributors,North,Priya Nair,SB-Safety Gloves 12pr,Safety Basics,Low,22,360,0.009,356.7,306,7847.4,1115.4,0
ORD-00494,2024-09-20,ACC-117,Halcyon Distributors,North,Priya Nair,DG-Digital Multimeter Pro,Diagnostic Equipment,High,6,12500,0.058,11769.1,6875,70614.6,29364.6,0
ORD-00494,2024-09-20,ACC-117,Halcyon Distributors,North,Priya Nair,CM-Degreaser 5L,Cleaning & Maintenance,Low,14,480,0.037,462.21,413,6470.94,688.94,0
ORD-00494,2024-09-20,ACC-117,Halcyon Distributors,North,Priya Nair,PT-Cordless Drill 18V,Power Tools,High,11,9200,0.074,8519.37,5336,93713.07,35017.07,0
ORD-00494,2024-09-20,ACC-117,Halcyon Distributors,North,Priya Nair,FF-Anchor Bolt Assortment,Fasteners & Fittings,Mid,29,900,0.073,834.46,630,24199.34,5929.34,0
ORD-00495,2024-10-23,ACC-117,Halcyon Distributors,North,Priya Nair,PH-Bearing Puller Kit,Precision Hardware,High,7,5600,0.069,5214.51,3360,36501.57,12981.57,0
ORD-00495,2024-10-23,ACC-117,Halcyon Distributors,North,Priya Nair,EA-MCB 32A,Electrical Accessories,Mid,34,650,0.078,599.39,455,20379.26,4909.26,0
ORD-00495,2024-10-23,ACC-117,Halcyon Distributors,North,Priya Nair,SB-Safety Gloves 12pr,Safety Basics,Low,23,360,0.073,333.88,306,7679.24,641.24,0
ORD-00495,2024-10-23,ACC-117,Halcyon Distributors,North,Priya Nair,CM-Degreaser 5L,Cleaning & Maintenance,Low,16,480,0.023,469.2,413,7507.2,899.2,0
ORD-00495,2024-10-23,ACC-117,Halcyon Distributors,North,Priya Nair,FF-Stainless Fastener Pack,Fasteners & Fittings,Mid,18,1400,0.018,1375.23,980,24754.14,7114.14,0
ORD-00495,2024-10-23,ACC-117,Halcyon Distributors,North,Priya Nair,CN-Drill Bit Set,Consumables,Low,31,560,0.034,540.7,476,16761.7,2005.7,0
ORD-00495,2024-10-23,ACC-117,Halcyon Distributors,North,Priya Nair,DG-Thermal Imager,Diagnostic Equipment,High,2,38000,0.019,37296.45,20900,74592.9,32792.9,0
ORD-00495,2024-10-23,ACC-117,Halcyon Distributors,North,Priya Nair,PT-Rotary Hammer SDS,Power Tools,High,7,14800,0.04,14203.68,8584,99425.76,39337.76,0
ORD-00496,2024-11-26,ACC-117,Halcyon Distributors,North,Priya Nair,DG-Insulation Tester,Diagnostic Equipment,High,3,21000,0.049,19974.44,11550,59923.32,25273.32,0
ORD-00496,2024-11-26,ACC-117,Halcyon Distributors,North,Priya Nair,EA-Cable Gland Set,Electrical Accessories,Mid,19,1100,0.046,1049.59,770,19942.21,5312.21,0
ORD-00496,2024-11-26,ACC-117,Halcyon Distributors,North,Priya Nair,FF-Stainless Fastener Pack,Fasteners & Fittings,Mid,18,1400,0.083,1283.43,980,23101.74,5461.74,0
ORD-00496,2024-11-26,ACC-117,Halcyon Distributors,North,Priya Nair,SB-Safety Gloves 12pr,Safety Basics,Low,24,360,0.026,350.72,306,8417.28,1073.28,0
ORD-00496,2024-11-26,ACC-117,Halcyon Distributors,North,Priya Nair,PH-Bearing Puller Kit,Precision Hardware,High,7,5600,0.032,5423.48,3360,37964.36,14444.36,0
ORD-00496,2024-11-26,ACC-117,Halcyon Distributors,North,Priya Nair,CM-Shop Wipes Bulk,Cleaning & Maintenance,Low,28,260,0.05,246.99,224,6915.72,643.72,0
ORD-00496,2024-11-26,ACC-117,Halcyon Distributors,North,Priya Nair,CN-Abrasive Discs 25pk,Consumables,Low,61,300,0.078,276.73,255,16880.53,1325.53,0
ORD-00496,2024-11-26,ACC-117,Halcyon Distributors,North,Priya Nair,PT-Angle Grinder 900W,Power Tools,High,17,6400,0.082,5874.21,3712,99861.57,36757.57,0
ORD-00497,2024-12-13,ACC-117,Halcyon Distributors,North,Priya Nair,CM-Degreaser 5L,Cleaning & Maintenance,Low,14,480,0.058,452.36,413,6333.04,551.04,0
ORD-00497,2024-12-13,ACC-117,Halcyon Distributors,North,Priya Nair,DG-Insulation Tester,Diagnostic Equipment,High,3,21000,0.054,19864.98,11550,59594.94,24944.94,0
ORD-00497,2024-12-13,ACC-117,Halcyon Distributors,North,Priya Nair,FF-Stainless Fastener Pack,Fasteners & Fittings,Mid,19,1400,0.064,1310.56,980,24900.64,6280.64,0
ORD-00497,2024-12-13,ACC-117,Halcyon Distributors,North,Priya Nair,PH-Precision Torque Wrench,Precision Hardware,High,5,7300,0.057,6881.28,4380,34406.4,12506.4,0
ORD-00497,2024-12-13,ACC-117,Halcyon Distributors,North,Priya Nair,EA-MCB 32A,Electrical Accessories,Mid,30,650,0.071,603.64,455,18109.2,4459.2,0
ORD-00497,2024-12-13,ACC-117,Halcyon Distributors,North,Priya Nair,PT-Cordless Drill 18V,Power Tools,High,10,9200,0.063,8619.12,5336,86191.2,32831.2,0
ORD-00497,2024-12-13,ACC-117,Halcyon Distributors,North,Priya Nair,CN-Cutting Blade 10pk,Consumables,Low,41,420,0.06,394.59,357,16178.19,1541.19,0
ORD-00497,2024-12-13,ACC-117,Halcyon Distributors,North,Priya Nair,SB-Safety Gloves 12pr,Safety Basics,Low,24,360,0.02,352.88,306,8469.12,1125.12,0
ORD-00499,2025-01-01,ACC-117,Halcyon Distributors,North,Priya Nair,CN-Cutting Blade 10pk,Consumables,Low,44,420,0.049,399.42,357,17574.48,1866.48,0
ORD-00499,2025-01-01,ACC-117,Halcyon Distributors,North,Priya Nair,CM-Shop Wipes Bulk,Cleaning & Maintenance,Low,29,260,0.042,249.08,224,7223.32,727.32,0
ORD-00499,2025-01-01,ACC-117,Halcyon Distributors,North,Priya Nair,SB-Safety Glasses 10pk,Safety Basics,Low,37,240,0.067,223.96,204,8286.52,738.52,0
ORD-00499,2025-01-01,ACC-117,Halcyon Distributors,North,Priya Nair,PH-Micrometer Set,Precision Hardware,High,11,4100,0.097,3703.65,2460,40740.15,13680.15,0
ORD-00498,2025-01-14,ACC-117,Halcyon Distributors,North,Priya Nair,PT-Rotary Hammer SDS,Power Tools,High,7,14800,0.053,14011.64,8584,98081.48,37993.48,0
ORD-00498,2025-01-14,ACC-117,Halcyon Distributors,North,Priya Nair,DG-Insulation Tester,Diagnostic Equipment,High,3,21000,0.039,20189.83,11550,60569.49,25919.49,0
ORD-00498,2025-01-14,ACC-117,Halcyon Distributors,North,Priya Nair,FF-Anchor Bolt Assortment,Fasteners & Fittings,Mid,32,900,0.072,835.14,630,26724.48,6564.48,0
ORD-00498,2025-01-14,ACC-117,Halcyon Distributors,North,Priya Nair,EA-MCB 32A,Electrical Accessories,Mid,34,650,0.069,604.88,455,20565.92,5095.92,0
ORD-00500,2025-02-09,ACC-117,Halcyon Distributors,North,Priya Nair,PT-Angle Grinder 900W,Power Tools,High,15,6400,0.039,6152.8,3712,92292.0,36612.0,0
ORD-00500,2025-02-09,ACC-117,Halcyon Distributors,North,Priya Nair,FF-Stainless Fastener Pack,Fasteners & Fittings,Mid,18,1400,0.038,1347.37,980,24252.66,6612.66,0
ORD-00500,2025-02-09,ACC-117,Halcyon Distributors,North,Priya Nair,DG-Thermal Imager,Diagnostic Equipment,High,2,38000,0.032,36775.28,20900,73550.56,31750.56,0
ORD-00500,2025-02-09,ACC-117,Halcyon Distributors,North,Priya Nair,CN-Abrasive Discs 25pk,Consumables,Low,55,300,0.028,291.62,255,16039.1,2014.1,0
ORD-00500,2025-02-09,ACC-117,Halcyon Distributors,North,Priya Nair,PH-Bearing Puller Kit,Precision Hardware,High,8,5600,0.06,5263.75,3360,42110.0,15230.0,0
ORD-00500,2025-02-09,ACC-117,Halcyon Distributors,North,Priya Nair,EA-Cable Gland Set,Electrical Accessories,Mid,19,1100,0.054,1040.17,770,19763.23,5133.23,0
ORD-00500,2025-02-09,ACC-117,Halcyon Distributors,North,Priya Nair,CM-Degreaser 5L,Cleaning & Maintenance,Low,16,480,0.056,453.29,413,7252.64,644.64,0
ORD-00500,2025-02-09,ACC-117,Halcyon Distributors,North,Priya Nair,SB-Safety Gloves 12pr,Safety Basics,Low,22,360,0.045,343.85,306,7564.7,832.7,0
ORD-00501,2025-03-24,ACC-117,Halcyon Distributors,North,Priya Nair,CN-Abrasive Discs 25pk,Consumables,Low,54,300,0.07,278.88,255,15059.52,1289.52,0
ORD-00501,2025-03-24,ACC-117,Halcyon Distributors,North,Priya Nair,SB-Safety Gloves 12pr,Safety Basics,Low,21,360,0.042,344.85,306,7241.85,815.85,0
ORD-00501,2025-03-24,ACC-117,Halcyon Distributors,North,Priya Nair,FF-Anchor Bolt Assortment,Fasteners & Fittings,Mid,28,900,0.053,852.66,630,23874.48,6234.48,0
ORD-00501,2025-03-24,ACC-117,Halcyon Distributors,North,Priya Nair,CM-Degreaser 5L,Cleaning & Maintenance,Low,14,480,0.069,447.05,413,6258.7,476.7,0
ORD-00501,2025-03-24,ACC-117,Halcyon Distributors,North,Priya Nair,DG-Digital Multimeter Pro,Diagnostic Equipment,High,7,12500,0.083,11457.68,6875,80203.76,32078.76,0
ORD-00501,2025-03-24,ACC-117,Halcyon Distributors,North,Priya Nair,PH-Bearing Puller Kit,Precision Hardware,High,7,5600,0.028,5444.98,3360,38114.86,14594.86,0
ORD-00501,2025-03-24,ACC-117,Halcyon Distributors,North,Priya Nair,PT-Angle Grinder 900W,Power Tools,High,16,6400,0.061,6010.29,3712,96164.64,36772.64,0
ORD-00501,2025-03-24,ACC-117,Halcyon Distributors,North,Priya Nair,EA-Cable Gland Set,Electrical Accessories,Mid,17,1100,0.024,1073.13,770,18243.21,5153.21,0
ORD-00502,2025-04-10,ACC-117,Halcyon Distributors,North,Priya Nair,EA-MCB 32A,Electrical Accessories,Mid,33,650,0.06,611.09,455,20165.97,5150.97,0
ORD-00502,2025-04-10,ACC-117,Halcyon Distributors,North,Priya Nair,FF-Anchor Bolt Assortment,Fasteners & Fittings,Mid,31,900,0.038,865.45,630,26828.95,7298.95,0
ORD-00502,2025-04-10,ACC-117,Halcyon Distributors,North,Priya Nair,PT-Rotary Hammer SDS,Power Tools,High,6,14800,0.058,13941.31,8584,83647.86,32143.86,0
ORD-00502,2025-04-10,ACC-117,Halcyon Distributors,North,Priya Nair,SB-Safety Glasses 10pk,Safety Basics,Low,34,240,0.038,230.94,204,7851.96,915.96,0
ORD-00502,2025-04-10,ACC-117,Halcyon Distributors,North,Priya Nair,CN-Cutting Blade 10pk,Consumables,Low,38,420,0.073,389.34,357,14794.92,1228.92,0
ORD-00502,2025-04-10,ACC-117,Halcyon Distributors,North,Priya Nair,CM-Shop Wipes Bulk,Cleaning & Maintenance,Low,30,260,0.032,251.63,224,7548.9,828.9,0
ORD-00502,2025-04-10,ACC-117,Halcyon Distributors,North,Priya Nair,DG-Thermal Imager,Diagnostic Equipment,High,2,38000,0.05,36085.87,20900,72171.74,30371.74,0
ORD-00502,2025-04-10,ACC-117,Halcyon Distributors,North,Priya Nair,PH-Bearing Puller Kit,Precision Hardware,High,8,5600,0.037,5392.24,3360,43137.92,16257.92,0
ORD-00503,2025-05-08,ACC-117,Halcyon Distributors,North,Priya Nair,CN-Abrasive Discs 25pk,Consumables,Low,56,300,0.037,288.86,255,16176.16,1896.16,0
ORD-00503,2025-05-08,ACC-117,Halcyon Distributors,North,Priya Nair,SB-Safety Gloves 12pr,Safety Basics,Low,21,360,0.036,346.96,306,7286.16,860.16,0
ORD-00503,2025-05-08,ACC-117,Halcyon Distributors,North,Priya Nair,PH-Bearing Puller Kit,Precision Hardware,High,7,5600,0.073,5192.46,3360,36347.22,12827.22,0
ORD-00503,2025-05-08,ACC-117,Halcyon Distributors,North,Priya Nair,PT-Angle Grinder 900W,Power Tools,High,16,6400,0.025,6236.92,3712,99790.72,40398.72,0
ORD-00503,2025-05-08,ACC-117,Halcyon Distributors,North,Priya Nair,EA-MCB 32A,Electrical Accessories,Mid,34,650,0.047,619.36,455,21058.24,5588.24,0
ORD-00503,2025-05-08,ACC-117,Halcyon Distributors,North,Priya Nair,FF-Stainless Fastener Pack,Fasteners & Fittings,Mid,19,1400,0.035,1350.71,980,25663.49,7043.49,0
ORD-00503,2025-05-08,ACC-117,Halcyon Distributors,North,Priya Nair,DG-Digital Multimeter Pro,Diagnostic Equipment,High,6,12500,0.037,12035.67,6875,72214.02,30964.02,0
ORD-00503,2025-05-08,ACC-117,Halcyon Distributors,North,Priya Nair,CM-Shop Wipes Bulk,Cleaning & Maintenance,Low,26,260,0.035,250.84,224,6521.84,697.84,0
ORD-00504,2025-06-15,ACC-117,Halcyon Distributors,North,Priya Nair,CM-Shop Wipes Bulk,Cleaning & Maintenance,Low,30,260,0.026,253.25,224,7597.5,877.5,0
ORD-00504,2025-06-15,ACC-117,Halcyon Distributors,North,Priya Nair,EA-MCB 32A,Electrical Accessories,Mid,33,650,0.066,607.08,455,20033.64,5018.64,0
ORD-00504,2025-06-15,ACC-117,Halcyon Distributors,North,Priya Nair,PH-Bearing Puller Kit,Precision Hardware,High,7,5600,0.018,5500.16,3360,38501.12,14981.12,0
ORD-00504,2025-06-15,ACC-117,Halcyon Distributors,North,Priya Nair,CN-Cutting Blade 10pk,Consumables,Low,42,420,0.061,394.27,357,16559.34,1565.34,0
ORD-00504,2025-06-15,ACC-117,Halcyon Distributors,North,Priya Nair,DG-Insulation Tester,Diagnostic Equipment,High,3,21000,0.035,20274.86,11550,60824.58,26174.58,0
ORD-00504,2025-06-15,ACC-117,Halcyon Distributors,North,Priya Nair,PT-Cordless Drill 18V,Power Tools,High,11,9200,0.025,8966.52,5336,98631.72,39935.72,0
ORD-00504,2025-06-15,ACC-117,Halcyon Distributors,North,Priya Nair,FF-Stainless Fastener Pack,Fasteners & Fittings,Mid,18,1400,0.022,1369.09,980,24643.62,7003.62,0
ORD-00504,2025-06-15,ACC-117,Halcyon Distributors,North,Priya Nair,SB-Safety Glasses 10pk,Safety Basics,Low,38,240,0.06,225.67,204,8575.46,823.46,0
ORD-00505,2025-07-14,ACC-117,Halcyon Distributors,North,Priya Nair,SB-Safety Gloves 12pr,Safety Basics,Low,24,360,0.085,329.24,306,7901.76,557.76,0
ORD-00505,2025-07-14,ACC-117,Halcyon Distributors,North,Priya Nair,CN-Abrasive Discs 25pk,Consumables,Low,54,300,0.005,298.62,255,16125.48,2355.48,0
ORD-00505,2025-07-14,ACC-117,Halcyon Distributors,North,Priya Nair,PH-Bearing Puller Kit,Precision Hardware,High,7,5600,0.03,5433.45,3360,38034.15,14514.15,0
ORD-00505,2025-07-14,ACC-117,Halcyon Distributors,North,Priya Nair,EA-Cable Gland Set,Electrical Accessories,Mid,20,1100,0.032,1065.04,770,21300.8,5900.8,0
ORD-00505,2025-07-14,ACC-117,Halcyon Distributors,North,Priya Nair,CM-Shop Wipes Bulk,Cleaning & Maintenance,Low,27,260,0.08,239.18,224,6457.86,409.86,0
ORD-00505,2025-07-14,ACC-117,Halcyon Distributors,North,Priya Nair,PT-Cordless Drill 18V,Power Tools,High,11,9200,0.07,8552.08,5336,94072.88,35376.88,0
ORD-00505,2025-07-14,ACC-117,Halcyon Distributors,North,Priya Nair,DG-Thermal Imager,Diagnostic Equipment,High,2,38000,0.029,36898.31,20900,73796.62,31996.62,0
ORD-00505,2025-07-14,ACC-117,Halcyon Distributors,North,Priya Nair,FF-Anchor Bolt Assortment,Fasteners & Fittings,Mid,30,900,0.055,850.44,630,25513.2,6613.2,0
ORD-00506,2025-08-06,ACC-117,Halcyon Distributors,North,Priya Nair,PH-Micrometer Set,Precision Hardware,High,11,4100,0.093,3718.65,2460,40905.15,13845.15,0
ORD-00506,2025-08-06,ACC-117,Halcyon Distributors,North,Priya Nair,DG-Thermal Imager,Diagnostic Equipment,High,2,38000,0.054,35930.38,20900,71860.76,30060.76,0
ORD-00506,2025-08-06,ACC-117,Halcyon Distributors,North,Priya Nair,PT-Cordless Drill 18V,Power Tools,High,11,9200,0.033,8895.42,5336,97849.62,39153.62,0
ORD-00506,2025-08-06,ACC-117,Halcyon Distributors,North,Priya Nair,EA-MCB 32A,Electrical Accessories,Mid,29,650,0.036,626.79,455,18176.91,4981.91,0
ORD-00507,2025-08-11,ACC-117,Halcyon Distributors,North,Priya Nair,SB-Safety Glasses 10pk,Safety Basics,Low,32,240,0.044,229.34,204,7338.88,810.88,0
ORD-00507,2025-08-11,ACC-117,Halcyon Distributors,North,Priya Nair,FF-Stainless Fastener Pack,Fasteners & Fittings,Mid,21,1400,0.086,1279.85,980,26876.85,6296.85,0
ORD-00507,2025-08-11,ACC-117,Halcyon Distributors,North,Priya Nair,CN-Cutting Blade 10pk,Consumables,Low,43,420,0.06,394.7,357,16972.1,1621.1,0
ORD-00507,2025-08-11,ACC-117,Halcyon Distributors,North,Priya Nair,CM-Degreaser 5L,Cleaning & Maintenance,Low,14,480,0.032,464.8,413,6507.2,725.2,0
ORD-00508,2025-09-21,ACC-117,Halcyon Distributors,North,Priya Nair,FF-Anchor Bolt Assortment,Fasteners & Fittings,Mid,29,900,0.033,870.28,630,25238.12,6968.12,0
ORD-00508,2025-09-21,ACC-117,Halcyon Distributors,North,Priya Nair,PH-Micrometer Set,Precision Hardware,High,11,4100,0.048,3903.34,2460,42936.74,15876.74,0
ORD-00508,2025-09-21,ACC-117,Halcyon Distributors,North,Priya Nair,PT-Angle Grinder 900W,Power Tools,High,15,6400,0.037,6161.2,3712,92418.0,36738.0,0
ORD-00508,2025-09-21,ACC-117,Halcyon Distributors,North,Priya Nair,CM-Shop Wipes Bulk,Cleaning & Maintenance,Low,27,260,0.038,250.12,224,6753.24,705.24,0
ORD-00508,2025-09-21,ACC-117,Halcyon Distributors,North,Priya Nair,DG-Insulation Tester,Diagnostic Equipment,High,4,21000,0.048,19989.17,11550,79956.68,33756.68,0
ORD-00508,2025-09-21,ACC-117,Halcyon Distributors,North,Priya Nair,EA-MCB 32A,Electrical Accessories,Mid,35,650,0.054,615.14,455,21529.9,5604.9,0
ORD-00508,2025-09-21,ACC-117,Halcyon Distributors,North,Priya Nair,CN-Drill Bit Set,Consumables,Low,30,560,0.076,517.21,476,15516.3,1236.3,0
ORD-00508,2025-09-21,ACC-117,Halcyon Distributors,North,Priya Nair,SB-Safety Gloves 12pr,Safety Basics,Low,25,360,0.055,340.15,306,8503.75,853.75,0
ORD-00509,2025-10-06,ACC-117,Halcyon Distributors,North,Priya Nair,CM-Shop Wipes Bulk,Cleaning & Maintenance,Low,30,260,0.064,243.25,224,7297.5,577.5,0
ORD-00509,2025-10-06,ACC-117,Halcyon Distributors,North,Priya Nair,PT-Angle Grinder 900W,Power Tools,High,15,6400,0.055,6050.44,3712,90756.6,35076.6,0
ORD-00509,2025-10-06,ACC-117,Halcyon Distributors,North,Priya Nair,FF-Anchor Bolt Assortment,Fasteners & Fittings,Mid,32,900,0.073,834.01,630,26688.32,6528.32,0
ORD-00509,2025-10-06,ACC-117,Halcyon Distributors,North,Priya Nair,EA-MCB 32A,Electrical Accessories,Mid,30,650,0.056,613.65,455,18409.5,4759.5,0
ORD-00509,2025-10-06,ACC-117,Halcyon Distributors,North,Priya Nair,SB-Safety Glasses 10pk,Safety Basics,Low,37,240,0.044,229.46,204,8490.02,942.02,0
ORD-00509,2025-10-06,ACC-117,Halcyon Distributors,North,Priya Nair,DG-Thermal Imager,Diagnostic Equipment,High,2,38000,0.081,34919.14,20900,69838.28,28038.28,0
ORD-00509,2025-10-06,ACC-117,Halcyon Distributors,North,Priya Nair,PH-Micrometer Set,Precision Hardware,High,10,4100,0.09,3730.99,2460,37309.9,12709.9,0
ORD-00509,2025-10-06,ACC-117,Halcyon Distributors,North,Priya Nair,CN-Abrasive Discs 25pk,Consumables,Low,52,300,0.036,289.13,255,15034.76,1774.76,0
ORD-00510,2025-11-03,ACC-117,Halcyon Distributors,North,Priya Nair,EA-MCB 32A,Electrical Accessories,Mid,31,650,0.058,612.24,455,18979.44,4874.44,0
ORD-00510,2025-11-03,ACC-117,Halcyon Distributors,North,Priya Nair,SB-Safety Gloves 12pr,Safety Basics,Low,22,360,0.05,342.1,306,7526.2,794.2,0
ORD-00510,2025-11-03,ACC-117,Halcyon Distributors,North,Priya Nair,CM-Degreaser 5L,Cleaning & Maintenance,Low,16,480,0.089,437.23,413,6995.68,387.68,0
ORD-00510,2025-11-03,ACC-117,Halcyon Distributors,North,Priya Nair,PT-Angle Grinder 900W,Power Tools,High,14,6400,0.037,6161.29,3712,86258.06,34290.06,0
ORD-00510,2025-11-03,ACC-117,Halcyon Distributors,North,Priya Nair,DG-Digital Multimeter Pro,Diagnostic Equipment,High,6,12500,0.08,11500.14,6875,69000.84,27750.84,0
ORD-00510,2025-11-03,ACC-117,Halcyon Distributors,North,Priya Nair,PH-Micrometer Set,Precision Hardware,High,10,4100,0.055,3876.48,2460,38764.8,14164.8,0
ORD-00510,2025-11-03,ACC-117,Halcyon Distributors,North,Priya Nair,CN-Drill Bit Set,Consumables,Low,31,560,0.018,549.72,476,17041.32,2285.32,0
ORD-00510,2025-11-03,ACC-117,Halcyon Distributors,North,Priya Nair,FF-Stainless Fastener Pack,Fasteners & Fittings,Mid,17,1400,0.055,1322.38,980,22480.46,5820.46,0
ORD-00511,2025-12-17,ACC-117,Halcyon Distributors,North,Priya Nair,SB-Safety Gloves 12pr,Safety Basics,Low,22,360,0.04,345.59,306,7602.98,870.98,0
ORD-00511,2025-12-17,ACC-117,Halcyon Distributors,North,Priya Nair,CN-Drill Bit Set,Consumables,Low,28,560,0.026,545.26,476,15267.28,1939.28,0
ORD-00511,2025-12-17,ACC-117,Halcyon Distributors,North,Priya Nair,EA-MCB 32A,Electrical Accessories,Mid,33,650,0.04,623.98,455,20591.34,5576.34,0
ORD-00511,2025-12-17,ACC-117,Halcyon Distributors,North,Priya Nair,DG-Insulation Tester,Diagnostic Equipment,High,4,21000,0.043,20092.72,11550,80370.88,34170.88,0
ORD-00511,2025-12-17,ACC-117,Halcyon Distributors,North,Priya Nair,PH-Precision Torque Wrench,Precision Hardware,High,5,7300,0.001,7293.75,4380,36468.75,14568.75,0
ORD-00511,2025-12-17,ACC-117,Halcyon Distributors,North,Priya Nair,PT-Cordless Drill 18V,Power Tools,High,11,9200,0.071,8547.6,5336,94023.6,35327.6,0
ORD-00511,2025-12-17,ACC-117,Halcyon Distributors,North,Priya Nair,FF-Stainless Fastener Pack,Fasteners & Fittings,Mid,18,1400,0.03,1357.72,980,24438.96,6798.96,0
ORD-00511,2025-12-17,ACC-117,Halcyon Distributors,North,Priya Nair,CM-Shop Wipes Bulk,Cleaning & Maintenance,Low,28,260,0.036,250.57,224,7015.96,743.96,0
ORD-00512,2026-02-22,ACC-117,Halcyon Distributors,North,Priya Nair,PH-Bearing Puller Kit,Precision Hardware,High,7,5600,0.037,5390.41,3360,37732.87,14212.87,0
ORD-00512,2026-02-22,ACC-117,Halcyon Distributors,North,Priya Nair,FF-Stainless Fastener Pack,Fasteners & Fittings,Mid,19,1400,0.06,1315.63,980,24996.97,6376.97,0
ORD-00512,2026-02-22,ACC-117,Halcyon Distributors,North,Priya Nair,DG-Insulation Tester,Diagnostic Equipment,High,4,21000,0.042,20120.98,11550,80483.92,34283.92,0
ORD-00512,2026-02-22,ACC-117,Halcyon Distributors,North,Priya Nair,PT-Cordless Drill 18V,Power Tools,High,10,9200,0.079,8469.06,5336,84690.6,31330.6,0
ORD-00512,2026-02-22,ACC-117,Halcyon Distributors,North,Priya Nair,CM-Degreaser 5L,Cleaning & Maintenance,Low,15,480,0.062,450.04,413,6750.6,555.6,0
ORD-00512,2026-02-22,ACC-117,Halcyon Distributors,North,Priya Nair,CN-Abrasive Discs 25pk,Consumables,Low,51,300,0.053,283.98,255,14482.98,1477.98,0
ORD-00512,2026-02-22,ACC-117,Halcyon Distributors,North,Priya Nair,EA-Cable Gland Set,Electrical Accessories,Mid,21,1100,0.06,1034.26,770,21719.46,5549.46,0
ORD-00512,2026-02-22,ACC-117,Halcyon Distributors,North,Priya Nair,SB-Safety Gloves 12pr,Safety Basics,Low,23,360,0.08,331.32,306,7620.36,582.36,0
ORD-00513,2026-03-04,ACC-117,Halcyon Distributors,North,Priya Nair,EA-MCB 32A,Electrical Accessories,Mid,32,650,0.016,639.38,455,20460.16,5900.16,0
ORD-00513,2026-03-04,ACC-117,Halcyon Distributors,North,Priya Nair,DG-Thermal Imager,Diagnostic Equipment,High,2,38000,0.042,36410.45,20900,72820.9,31020.9,0
ORD-00513,2026-03-04,ACC-117,Halcyon Distributors,North,Priya Nair,FF-Stainless Fastener Pack,Fasteners & Fittings,Mid,18,1400,0.037,1348.11,980,24265.98,6625.98,0
ORD-00513,2026-03-04,ACC-117,Halcyon Distributors,North,Priya Nair,PT-Cordless Drill 18V,Power Tools,High,11,9200,0.014,9067.06,5336,99737.66,41041.66,0
ORD-00513,2026-03-04,ACC-117,Halcyon Distributors,North,Priya Nair,CM-Degreaser 5L,Cleaning & Maintenance,Low,16,480,0.031,465.31,413,7444.96,836.96,0
ORD-00513,2026-03-04,ACC-117,Halcyon Distributors,North,Priya Nair,PH-Precision Torque Wrench,Precision Hardware,High,5,7300,0.087,6665.8,4380,33329.0,11429.0,0
ORD-00513,2026-03-04,ACC-117,Halcyon Distributors,North,Priya Nair,CN-Drill Bit Set,Consumables,Low,32,560,0.031,542.87,476,17371.84,2139.84,0
ORD-00513,2026-03-04,ACC-117,Halcyon Distributors,North,Priya Nair,SB-Safety Gloves 12pr,Safety Basics,Low,25,360,0.053,340.76,306,8519.0,869.0,0
ORD-00514,2026-04-16,ACC-117,Halcyon Distributors,North,Priya Nair,SB-Safety Glasses 10pk,Safety Basics,Low,37,240,0.084,219.78,204,8131.86,583.86,0
ORD-00514,2026-04-16,ACC-117,Halcyon Distributors,North,Priya Nair,CM-Degreaser 5L,Cleaning & Maintenance,Low,15,480,0.008,476.26,413,7143.9,948.9,0
ORD-00514,2026-04-16,ACC-117,Halcyon Distributors,North,Priya Nair,CN-Drill Bit Set,Consumables,Low,27,560,0.018,549.71,476,14842.17,1990.17,0
ORD-00514,2026-04-16,ACC-117,Halcyon Distributors,North,Priya Nair,PT-Rotary Hammer SDS,Power Tools,High,7,14800,0.094,13404.21,8584,93829.47,33741.47,0
ORD-00514,2026-04-16,ACC-117,Halcyon Distributors,North,Priya Nair,FF-Stainless Fastener Pack,Fasteners & Fittings,Mid,18,1400,0.088,1277.22,980,22989.96,5349.96,0
ORD-00514,2026-04-16,ACC-117,Halcyon Distributors,North,Priya Nair,EA-MCB 32A,Electrical Accessories,Mid,36,650,0.064,608.39,455,21902.04,5522.04,0
ORD-00514,2026-04-16,ACC-117,Halcyon Distributors,North,Priya Nair,DG-Thermal Imager,Diagnostic Equipment,High,2,38000,0.045,36284.84,20900,72569.68,30769.68,0
ORD-00514,2026-04-16,ACC-117,Halcyon Distributors,North,Priya Nair,PH-Precision Torque Wrench,Precision Hardware,High,6,7300,0.077,6739.7,4380,40438.2,14158.2,0
ORD-00515,2026-05-17,ACC-117,Halcyon Distributors,North,Priya Nair,FF-Stainless Fastener Pack,Fasteners & Fittings,Mid,20,1400,0.034,1353.03,980,27060.6,7460.6,0
ORD-00515,2026-05-17,ACC-117,Halcyon Distributors,North,Priya Nair,DG-Thermal Imager,Diagnostic Equipment,High,2,38000,0.037,36607.92,20900,73215.84,31415.84,0
ORD-00515,2026-05-17,ACC-117,Halcyon Distributors,North,Priya Nair,PT-Rotary Hammer SDS,Power Tools,High,6,14800,0.032,14329.11,8584,85974.66,34470.66,0
ORD-00515,2026-05-17,ACC-117,Halcyon Distributors,North,Priya Nair,EA-Cable Gland Set,Electrical Accessories,Mid,20,1100,0.071,1022.37,770,20447.4,5047.4,0
ORD-00515,2026-05-17,ACC-117,Halcyon Distributors,North,Priya Nair,SB-Safety Gloves 12pr,Safety Basics,Low,23,360,0.024,351.47,306,8083.81,1045.81,0
ORD-00515,2026-05-17,ACC-117,Halcyon Distributors,North,Priya Nair,PH-Micrometer Set,Precision Hardware,High,10,4100,0.047,3908.01,2460,39080.1,14480.1,0
ORD-00515,2026-05-17,ACC-117,Halcyon Distributors,North,Priya Nair,CM-Degreaser 5L,Cleaning & Maintenance,Low,15,480,0.035,463.21,413,6948.15,753.15,0
ORD-00515,2026-05-17,ACC-117,Halcyon Distributors,North,Priya Nair,CN-Abrasive Discs 25pk,Consumables,Low,54,300,0.031,290.59,255,15691.86,1921.86,0
ORD-00516,2026-06-16,ACC-117,Halcyon Distributors,North,Priya Nair,CN-Abrasive Discs 25pk,Consumables,Low,60,300,0.064,280.78,255,16846.8,1546.8,0
ORD-00516,2026-06-16,ACC-117,Halcyon Distributors,North,Priya Nair,EA-MCB 32A,Electrical Accessories,Mid,35,650,0.025,633.98,455,22189.3,6264.3,0
ORD-00516,2026-06-16,ACC-117,Halcyon Distributors,North,Priya Nair,SB-Safety Glasses 10pk,Safety Basics,Low,32,240,0.014,236.55,204,7569.6,1041.6,0
ORD-00516,2026-06-16,ACC-117,Halcyon Distributors,North,Priya Nair,PT-Cordless Drill 18V,Power Tools,High,10,9200,0.04,8829.51,5336,88295.1,34935.1,0
ORD-00516,2026-06-16,ACC-117,Halcyon Distributors,North,Priya Nair,DG-Insulation Tester,Diagnostic Equipment,High,3,21000,0.023,20512.51,11550,61537.53,26887.53,0
ORD-00516,2026-06-16,ACC-117,Halcyon Distributors,North,Priya Nair,FF-Stainless Fastener Pack,Fasteners & Fittings,Mid,18,1400,0.04,1343.46,980,24182.28,6542.28,0
ORD-00516,2026-06-16,ACC-117,Halcyon Distributors,North,Priya Nair,CM-Degreaser 5L,Cleaning & Maintenance,Low,16,480,0.064,449.12,413,7185.92,577.92,0
ORD-00516,2026-06-16,ACC-117,Halcyon Distributors,North,Priya Nair,PH-Micrometer Set,Precision Hardware,High,11,4100,0.091,3725.85,2460,40984.35,13924.35,0
ORD-00517,2026-07-27,ACC-117,Halcyon Distributors,North,Priya Nair,SB-Safety Gloves 12pr,Safety Basics,Low,24,360,0.082,330.32,306,7927.68,583.68,0
ORD-00517,2026-07-27,ACC-117,Halcyon Distributors,North,Priya Nair,CN-Cutting Blade 10pk,Consumables,Low,38,420,0.05,399.19,357,15169.22,1603.22,0
ORD-00517,2026-07-27,ACC-117,Halcyon Distributors,North,Priya Nair,PT-Rotary Hammer SDS,Power Tools,High,6,14800,0.024,14441.32,8584,86647.92,35143.92,0
ORD-00517,2026-07-27,ACC-117,Halcyon Distributors,North,Priya Nair,DG-Insulation Tester,Diagnostic Equipment,High,4,21000,0.011,20762.13,11550,83048.52,36848.52,0
ORD-00517,2026-07-27,ACC-117,Halcyon Distributors,North,Priya Nair,FF-Anchor Bolt Assortment,Fasteners & Fittings,Mid,31,900,0.034,869.37,630,26950.47,7420.47,0
ORD-00517,2026-07-27,ACC-117,Halcyon Distributors,North,Priya Nair,PH-Bearing Puller Kit,Precision Hardware,High,7,5600,0.043,5359.09,3360,37513.63,13993.63,0
ORD-00517,2026-07-27,ACC-117,Halcyon Distributors,North,Priya Nair,CM-Shop Wipes Bulk,Cleaning & Maintenance,Low,30,260,0.045,248.33,224,7449.9,729.9,0
ORD-00517,2026-07-27,ACC-117,Halcyon Distributors,North,Priya Nair,EA-Cable Gland Set,Electrical Accessories,Mid,19,1100,0.056,1038.51,770,19731.69,5101.69,0
ORD-00519,2026-08-10,ACC-117,Halcyon Distributors,North,Priya Nair,FF-Anchor Bolt Assortment,Fasteners & Fittings,Mid,28,900,0.049,855.82,630,23962.96,6322.96,0
ORD-00519,2026-08-10,ACC-117,Halcyon Distributors,North,Priya Nair,CM-Shop Wipes Bulk,Cleaning & Maintenance,Low,29,260,0.058,244.92,224,7102.68,606.68,0
ORD-00519,2026-08-10,ACC-117,Halcyon Distributors,North,Priya Nair,EA-MCB 32A,Electrical Accessories,Mid,31,650,0.048,619.12,455,19192.72,5087.72,0
ORD-00519,2026-08-10,ACC-117,Halcyon Distributors,North,Priya Nair,PH-Bearing Puller Kit,Precision Hardware,High,7,5600,0.04,5376.66,3360,37636.62,14116.62,0
ORD-00518,2026-08-13,ACC-117,Halcyon Distributors,North,Priya Nair,SB-Safety Gloves 12pr,Safety Basics,Low,21,360,0.028,349.92,306,7348.32,922.32,0
ORD-00518,2026-08-13,ACC-117,Halcyon Distributors,North,Priya Nair,PT-Rotary Hammer SDS,Power Tools,High,6,14800,0.06,13910.77,8584,83464.62,31960.62,0
ORD-00518,2026-08-13,ACC-117,Halcyon Distributors,North,Priya Nair,DG-Insulation Tester,Diagnostic Equipment,High,4,21000,0.054,19875.36,11550,79501.44,33301.44,0
ORD-00518,2026-08-13,ACC-117,Halcyon Distributors,North,Priya Nair,CN-Drill Bit Set,Consumables,Low,29,560,0.021,548.35,476,15902.15,2098.15,0
ORD-00520,2024-09-17,ACC-118,Copper & Kline,South,Rohit Sharma,FF-Anchor Bolt Assortment,Fasteners & Fittings,Mid,32,900,0.053,852.13,630,27268.16,7108.16,0
ORD-00520,2024-09-17,ACC-118,Copper & Kline,South,Rohit Sharma,EA-Cable Gland Set,Electrical Accessories,Mid,22,1100,0.07,1022.8,770,22501.6,5561.6,0
ORD-00520,2024-09-17,ACC-118,Copper & Kline,South,Rohit Sharma,PT-Cordless Drill 18V,Power Tools,High,4,9200,0.06,8646.02,5336,34584.08,13240.08,0
ORD-00520,2024-09-17,ACC-118,Copper & Kline,South,Rohit Sharma,DG-Thermal Imager,Diagnostic Equipment,High,1,38000,0.042,36387.27,20900,36387.27,15487.27,0
ORD-00520,2024-09-17,ACC-118,Copper & Kline,South,Rohit Sharma,PH-Precision Torque Wrench,Precision Hardware,High,4,7300,0.03,7077.68,4380,28310.72,10790.72,0
ORD-00520,2024-09-17,ACC-118,Copper & Kline,South,Rohit Sharma,SB-Safety Glasses 10pk,Safety Basics,Low,69,240,0.052,227.56,204,15701.64,1625.64,0
ORD-00520,2024-09-17,ACC-118,Copper & Kline,South,Rohit Sharma,CN-Drill Bit Set,Consumables,Low,51,560,0.038,538.82,476,27479.82,3203.82,0
ORD-00520,2024-09-17,ACC-118,Copper & Kline,South,Rohit Sharma,CM-Shop Wipes Bulk,Cleaning & Maintenance,Low,52,260,0.046,248.15,224,12903.8,1255.8,0
ORD-00521,2024-10-24,ACC-118,Copper & Kline,South,Rohit Sharma,CN-Abrasive Discs 25pk,Consumables,Low,93,300,0.033,290.12,255,26981.16,3266.16,0
ORD-00521,2024-10-24,ACC-118,Copper & Kline,South,Rohit Sharma,EA-MCB 32A,Electrical Accessories,Mid,36,650,0.029,630.85,455,22710.6,6330.6,0
ORD-00521,2024-10-24,ACC-118,Copper & Kline,South,Rohit Sharma,SB-Safety Gloves 12pr,Safety Basics,Low,42,360,0.049,342.22,306,14373.24,1521.24,0
ORD-00521,2024-10-24,ACC-118,Copper & Kline,South,Rohit Sharma,DG-Digital Multimeter Pro,Diagnostic Equipment,High,2,12500,0.029,12132.63,6875,24265.26,10515.26,0
ORD-00521,2024-10-24,ACC-118,Copper & Kline,South,Rohit Sharma,FF-Stainless Fastener Pack,Fasteners & Fittings,Mid,22,1400,0.071,1301.15,980,28625.3,7065.3,0
ORD-00521,2024-10-24,ACC-118,Copper & Kline,South,Rohit Sharma,CM-Degreaser 5L,Cleaning & Maintenance,Low,23,480,0.027,466.98,413,10740.54,1241.54,0
ORD-00521,2024-10-24,ACC-118,Copper & Kline,South,Rohit Sharma,PH-Precision Torque Wrench,Precision Hardware,High,4,7300,0.06,6862.34,4380,27449.36,9929.36,0
ORD-00521,2024-10-24,ACC-118,Copper & Kline,South,Rohit Sharma,PT-Cordless Drill 18V,Power Tools,High,5,9200,0.085,8416.0,5336,42080.0,15400.0,0
ORD-00523,2024-11-10,ACC-118,Copper & Kline,South,Rohit Sharma,CN-Drill Bit Set,Consumables,Low,52,560,0.037,539.06,476,28031.12,3279.12,0
ORD-00523,2024-11-10,ACC-118,Copper & Kline,South,Rohit Sharma,FF-Anchor Bolt Assortment,Fasteners & Fittings,Mid,32,900,0.02,882.28,630,28232.96,8072.96,0
ORD-00523,2024-11-10,ACC-118,Copper & Kline,South,Rohit Sharma,SB-Safety Glasses 10pk,Safety Basics,Low,69,240,0.044,229.48,204,15834.12,1758.12,0
ORD-00523,2024-11-10,ACC-118,Copper & Kline,South,Rohit Sharma,PH-Micrometer Set,Precision Hardware,High,8,4100,0.043,3922.0,2460,31376.0,11696.0,0
ORD-00522,2024-11-14,ACC-118,Copper & Kline,South,Rohit Sharma,CM-Degreaser 5L,Cleaning & Maintenance,Low,24,480,0.015,473.0,413,11352.0,1440.0,0
ORD-00522,2024-11-14,ACC-118,Copper & Kline,South,Rohit Sharma,EA-Cable Gland Set,Electrical Accessories,Mid,22,1100,0.054,1040.96,770,22901.12,5961.12,0
ORD-00522,2024-11-14,ACC-118,Copper & Kline,South,Rohit Sharma,PT-Rotary Hammer SDS,Power Tools,High,3,14800,0.025,14436.12,8584,43308.36,17556.36,0
ORD-00522,2024-11-14,ACC-118,Copper & Kline,South,Rohit Sharma,DG-Insulation Tester,Diagnostic Equipment,High,1,21000,0.072,19495.74,11550,19495.74,7945.74,0
ORD-00524,2024-12-03,ACC-118,Copper & Kline,South,Rohit Sharma,PT-Angle Grinder 900W,Power Tools,High,7,6400,0.05,6077.17,3712,42540.19,16556.19,0
ORD-00524,2024-12-03,ACC-118,Copper & Kline,South,Rohit Sharma,SB-Safety Gloves 12pr,Safety Basics,Low,47,360,0.044,344.07,306,16171.29,1789.29,0
ORD-00524,2024-12-03,ACC-118,Copper & Kline,South,Rohit Sharma,EA-MCB 32A,Electrical Accessories,Mid,40,650,0.048,618.53,455,24741.2,6541.2,0
ORD-00524,2024-12-03,ACC-118,Copper & Kline,South,Rohit Sharma,DG-Digital Multimeter Pro,Diagnostic Equipment,High,3,12500,0.058,11770.83,6875,35312.49,14687.49,0
ORD-00524,2024-12-03,ACC-118,Copper & Kline,South,Rohit Sharma,FF-Anchor Bolt Assortment,Fasteners & Fittings,Mid,32,900,0.054,851.15,630,27236.8,7076.8,0
ORD-00524,2024-12-03,ACC-118,Copper & Kline,South,Rohit Sharma,PH-Bearing Puller Kit,Precision Hardware,High,6,5600,0.042,5362.25,3360,32173.5,12013.5,0
ORD-00524,2024-12-03,ACC-118,Copper & Kline,South,Rohit Sharma,CN-Cutting Blade 10pk,Consumables,Low,59,420,0.056,396.61,357,23399.99,2336.99,0
ORD-00524,2024-12-03,ACC-118,Copper & Kline,South,Rohit Sharma,CM-Shop Wipes Bulk,Cleaning & Maintenance,Low,44,260,0.012,256.99,224,11307.56,1451.56,0
ORD-00525,2025-01-06,ACC-118,Copper & Kline,South,Rohit Sharma,EA-Cable Gland Set,Electrical Accessories,Mid,26,1100,0.069,1024.36,770,26633.36,6613.36,0
ORD-00525,2025-01-06,ACC-118,Copper & Kline,South,Rohit Sharma,CN-Drill Bit Set,Consumables,Low,53,560,0.072,519.73,476,27545.69,2317.69,0
ORD-00525,2025-01-06,ACC-118,Copper & Kline,South,Rohit Sharma,PH-Bearing Puller Kit,Precision Hardware,High,5,5600,0.032,5419.0,3360,27095.0,10295.0,0
ORD-00525,2025-01-06,ACC-118,Copper & Kline,South,Rohit Sharma,SB-Safety Gloves 12pr,Safety Basics,Low,39,360,0.039,345.97,306,13492.83,1558.83,0
ORD-00525,2025-01-06,ACC-118,Copper & Kline,South,Rohit Sharma,DG-Insulation Tester,Diagnostic Equipment,High,1,21000,0.075,19426.4,11550,19426.4,7876.4,0
ORD-00525,2025-01-06,ACC-118,Copper & Kline,South,Rohit Sharma,PT-Cordless Drill 18V,Power Tools,High,5,9200,0.05,8741.55,5336,43707.75,17027.75,0
ORD-00525,2025-01-06,ACC-118,Copper & Kline,South,Rohit Sharma,FF-Stainless Fastener Pack,Fasteners & Fittings,Mid,21,1400,0.057,1319.84,980,27716.64,7136.64,0
ORD-00525,2025-01-06,ACC-118,Copper & Kline,South,Rohit Sharma,CM-Degreaser 5L,Cleaning & Maintenance,Low,25,480,0.028,466.58,413,11664.5,1339.5,0
ORD-00526,2025-02-06,ACC-118,Copper & Kline,South,Rohit Sharma,PT-Rotary Hammer SDS,Power Tools,High,3,14800,0.03,14362.22,8584,43086.66,17334.66,0
ORD-00526,2025-02-06,ACC-118,Copper & Kline,South,Rohit Sharma,CN-Drill Bit Set,Consumables,Low,51,560,0.052,530.68,476,27064.68,2788.68,0
ORD-00526,2025-02-06,ACC-118,Copper & Kline,South,Rohit Sharma,CM-Shop Wipes Bulk,Cleaning & Maintenance,Low,49,260,0.054,245.84,224,12046.16,1070.16,0
ORD-00526,2025-02-06,ACC-118,Copper & Kline,South,Rohit Sharma,DG-Thermal Imager,Diagnostic Equipment,High,1,38000,0.029,36909.24,20900,36909.24,16009.24,0
ORD-00526,2025-02-06,ACC-118,Copper & Kline,South,Rohit Sharma,FF-Anchor Bolt Assortment,Fasteners & Fittings,Mid,33,900,0.056,849.34,630,28028.22,7238.22,0
ORD-00526,2025-02-06,ACC-118,Copper & Kline,South,Rohit Sharma,PH-Bearing Puller Kit,Precision Hardware,High,6,5600,0.022,5475.93,3360,32855.58,12695.58,0
ORD-00526,2025-02-06,ACC-118,Copper & Kline,South,Rohit Sharma,SB-Safety Glasses 10pk,Safety Basics,Low,64,240,0.064,224.64,204,14376.96,1320.96,0
ORD-00526,2025-02-06,ACC-118,Copper & Kline,South,Rohit Sharma,EA-MCB 32A,Electrical Accessories,Mid,36,650,0.038,625.18,455,22506.48,6126.48,0
ORD-00527,2025-03-08,ACC-118,Copper & Kline,South,Rohit Sharma,PT-Rotary Hammer SDS,Power Tools,High,3,14800,0.064,13847.86,8584,41543.58,15791.58,0
ORD-00527,2025-03-08,ACC-118,Copper & Kline,South,Rohit Sharma,FF-Anchor Bolt Assortment,Fasteners & Fittings,Mid,35,900,0.052,853.49,630,29872.15,7822.15,0
ORD-00527,2025-03-08,ACC-118,Copper & Kline,South,Rohit Sharma,CN-Abrasive Discs 25pk,Consumables,Low,79,300,0.03,291.06,255,22993.74,2848.74,0
ORD-00527,2025-03-08,ACC-118,Copper & Kline,South,Rohit Sharma,CM-Degreaser 5L,Cleaning & Maintenance,Low,27,480,0.058,452.09,413,12206.43,1055.43,0
ORD-00528,2025-03-23,ACC-118,Copper & Kline,South,Rohit Sharma,PH-Bearing Puller Kit,Precision Hardware,High,6,5600,0.09,5098.7,3360,30592.2,10432.2,0
ORD-00528,2025-03-23,ACC-118,Copper & Kline,South,Rohit Sharma,SB-Safety Glasses 10pk,Safety Basics,Low,68,240,0.029,233.0,204,15844.0,1972.0,0
ORD-00528,2025-03-23,ACC-118,Copper & Kline,South,Rohit Sharma,EA-Cable Gland Set,Electrical Accessories,Mid,24,1100,0.069,1024.08,770,24577.92,6097.92,0
ORD-00528,2025-03-23,ACC-118,Copper & Kline,South,Rohit Sharma,DG-Digital Multimeter Pro,Diagnostic Equipment,High,3,12500,0.048,11902.97,6875,35708.91,15083.91,0
ORD-00530,2025-04-02,ACC-118,Copper & Kline,South,Rohit Sharma,CN-Abrasive Discs 25pk,Consumables,Low,94,300,0.078,276.61,255,26001.34,2031.34,0
ORD-00530,2025-04-02,ACC-118,Copper & Kline,South,Rohit Sharma,PT-Angle Grinder 900W,Power Tools,High,7,6400,0.066,5975.18,3712,41826.26,15842.26,0
ORD-00530,2025-04-02,ACC-118,Copper & Kline,South,Rohit Sharma,SB-Safety Gloves 12pr,Safety Basics,Low,43,360,0.014,355.03,306,15266.29,2108.29,0
ORD-00530,2025-04-02,ACC-118,Copper & Kline,South,Rohit Sharma,DG-Thermal Imager,Diagnostic Equipment,High,1,38000,0.027,36960.58,20900,36960.58,16060.58,0
ORD-00529,2025-04-13,ACC-118,Copper & Kline,South,Rohit Sharma,EA-Cable Gland Set,Electrical Accessories,Mid,23,1100,0.038,1058.61,770,24348.03,6638.03,0
ORD-00529,2025-04-13,ACC-118,Copper & Kline,South,Rohit Sharma,FF-Anchor Bolt Assortment,Fasteners & Fittings,Mid,35,900,0.076,831.89,630,29116.15,7066.15,0
ORD-00529,2025-04-13,ACC-118,Copper & Kline,South,Rohit Sharma,CM-Shop Wipes Bulk,Cleaning & Maintenance,Low,45,260,0.011,257.06,224,11567.7,1487.7,0
ORD-00529,2025-04-13,ACC-118,Copper & Kline,South,Rohit Sharma,PH-Precision Torque Wrench,Precision Hardware,High,4,7300,0.066,6816.56,4380,27266.24,9746.24,0
ORD-00531,2025-05-03,ACC-118,Copper & Kline,South,Rohit Sharma,PH-Bearing Puller Kit,Precision Hardware,High,6,5600,0.055,5291.48,3360,31748.88,11588.88,0
ORD-00531,2025-05-03,ACC-118,Copper & Kline,South,Rohit Sharma,CN-Abrasive Discs 25pk,Consumables,Low,95,300,0.037,289.04,255,27458.8,3233.8,0
ORD-00531,2025-05-03,ACC-118,Copper & Kline,South,Rohit Sharma,PT-Rotary Hammer SDS,Power Tools,High,3,14800,0.054,14004.24,8584,42012.72,16260.72,0
ORD-00531,2025-05-03,ACC-118,Copper & Kline,South,Rohit Sharma,EA-MCB 32A,Electrical Accessories,Mid,42,650,0.069,604.93,455,25407.06,6297.06,0
ORD-00532,2025-05-26,ACC-118,Copper & Kline,South,Rohit Sharma,CM-Degreaser 5L,Cleaning & Maintenance,Low,28,480,0.066,448.49,413,12557.72,993.72,0
ORD-00532,2025-05-26,ACC-118,Copper & Kline,South,Rohit Sharma,DG-Thermal Imager,Diagnostic Equipment,High,1,38000,0.055,35898.21,20900,35898.21,14998.21,0
ORD-00532,2025-05-26,ACC-118,Copper & Kline,South,Rohit Sharma,FF-Stainless Fastener Pack,Fasteners & Fittings,Mid,20,1400,0.063,1311.88,980,26237.6,6637.6,0
ORD-00532,2025-05-26,ACC-118,Copper & Kline,South,Rohit Sharma,SB-Safety Glasses 10pk,Safety Basics,Low,67,240,0.046,228.91,204,15336.97,1668.97,0
ORD-00533,2025-06-10,ACC-118,Copper & Kline,South,Rohit Sharma,FF-Anchor Bolt Assortment,Fasteners & Fittings,Mid,32,900,0.022,879.89,630,28156.48,7996.48,0
ORD-00533,2025-06-10,ACC-118,Copper & Kline,South,Rohit Sharma,CM-Shop Wipes Bulk,Cleaning & Maintenance,Low,52,260,0.064,243.47,224,12660.44,1012.44,0
ORD-00533,2025-06-10,ACC-118,Copper & Kline,South,Rohit Sharma,PT-Cordless Drill 18V,Power Tools,High,4,9200,0.068,8576.42,5336,34305.68,12961.68,0
ORD-00533,2025-06-10,ACC-118,Copper & Kline,South,Rohit Sharma,CN-Drill Bit Set,Consumables,Low,48,560,0.009,554.84,476,26632.32,3784.32,0
ORD-00534,2025-06-21,ACC-118,Copper & Kline,South,Rohit Sharma,PH-Precision Torque Wrench,Precision Hardware,High,5,7300,0.076,6745.75,4380,33728.75,11828.75,0
ORD-00534,2025-06-21,ACC-118,Copper & Kline,South,Rohit Sharma,SB-Safety Glasses 10pk,Safety Basics,Low,65,240,0.026,233.7,204,15190.5,1930.5,0
ORD-00534,2025-06-21,ACC-118,Copper & Kline,South,Rohit Sharma,DG-Digital Multimeter Pro,Diagnostic Equipment,High,3,12500,0.068,11646.21,6875,34938.63,14313.63,0
ORD-00534,2025-06-21,ACC-118,Copper & Kline,South,Rohit Sharma,EA-Cable Gland Set,Electrical Accessories,Mid,22,1100,0.067,1026.0,770,22572.0,5632.0,0
ORD-00535,2025-07-13,ACC-118,Copper & Kline,South,Rohit Sharma,PT-Rotary Hammer SDS,Power Tools,High,3,14800,0.058,13936.75,8584,41810.25,16058.25,0
ORD-00535,2025-07-13,ACC-118,Copper & Kline,South,Rohit Sharma,PH-Precision Torque Wrench,Precision Hardware,High,4,7300,0.061,6857.6,4380,27430.4,9910.4,0
ORD-00535,2025-07-13,ACC-118,Copper & Kline,South,Rohit Sharma,SB-Safety Gloves 12pr,Safety Basics,Low,46,360,0.076,332.61,306,15300.06,1224.06,0
ORD-00535,2025-07-13,ACC-118,Copper & Kline,South,Rohit Sharma,CN-Drill Bit Set,Consumables,Low,44,560,0.072,519.79,476,22870.76,1926.76,0
ORD-00535,2025-07-13,ACC-118,Copper & Kline,South,Rohit Sharma,CM-Shop Wipes Bulk,Cleaning & Maintenance,Low,41,260,0.034,251.27,224,10302.07,1118.07,0
ORD-00535,2025-07-13,ACC-118,Copper & Kline,South,Rohit Sharma,EA-Cable Gland Set,Electrical Accessories,Mid,21,1100,0.047,1048.39,770,22016.19,5846.19,0
ORD-00535,2025-07-13,ACC-118,Copper & Kline,South,Rohit Sharma,DG-Thermal Imager,Diagnostic Equipment,High,1,38000,0.056,35886.57,20900,35886.57,14986.57,0
ORD-00535,2025-07-13,ACC-118,Copper & Kline,South,Rohit Sharma,FF-Stainless Fastener Pack,Fasteners & Fittings,Mid,22,1400,0.071,1300.55,980,28612.1,7052.1,0
ORD-00536,2025-08-18,ACC-118,Copper & Kline,South,Rohit Sharma,CN-Abrasive Discs 25pk,Consumables,Low,81,300,0.076,277.18,255,22451.58,1796.58,0
ORD-00536,2025-08-18,ACC-118,Copper & Kline,South,Rohit Sharma,FF-Anchor Bolt Assortment,Fasteners & Fittings,Mid,35,900,0.05,854.82,630,29918.7,7868.7,0
ORD-00536,2025-08-18,ACC-118,Copper & Kline,South,Rohit Sharma,EA-MCB 32A,Electrical Accessories,Mid,39,650,0.059,611.41,455,23844.99,6099.99,0
ORD-00536,2025-08-18,ACC-118,Copper & Kline,South,Rohit Sharma,PH-Bearing Puller Kit,Precision Hardware,High,5,5600,0.018,5497.07,3360,27485.35,10685.35,0
ORD-00536,2025-08-18,ACC-118,Copper & Kline,South,Rohit Sharma,CM-Degreaser 5L,Cleaning & Maintenance,Low,26,480,0.038,461.99,413,12011.74,1273.74,0
ORD-00536,2025-08-18,ACC-118,Copper & Kline,South,Rohit Sharma,SB-Safety Glasses 10pk,Safety Basics,Low,64,240,0.023,234.51,204,15008.64,1952.64,0
ORD-00536,2025-08-18,ACC-118,Copper & Kline,South,Rohit Sharma,DG-Insulation Tester,Diagnostic Equipment,High,1,21000,0.037,20232.33,11550,20232.33,8682.33,0
ORD-00536,2025-08-18,ACC-118,Copper & Kline,South,Rohit Sharma,PT-Cordless Drill 18V,Power Tools,High,4,9200,0.038,8851.9,5336,35407.6,14063.6,0
ORD-00537,2025-09-15,ACC-118,Copper & Kline,South,Rohit Sharma,PT-Cordless Drill 18V,Power Tools,High,5,9200,0.081,8454.19,5336,42270.95,15590.95,0
ORD-00537,2025-09-15,ACC-118,Copper & Kline,South,Rohit Sharma,FF-Stainless Fastener Pack,Fasteners & Fittings,Mid,23,1400,0.059,1317.19,980,30295.37,7755.37,0
ORD-00537,2025-09-15,ACC-118,Copper & Kline,South,Rohit Sharma,PH-Bearing Puller Kit,Precision Hardware,High,5,5600,0.045,5348.76,3360,26743.8,9943.8,0
ORD-00537,2025-09-15,ACC-118,Copper & Kline,South,Rohit Sharma,DG-Insulation Tester,Diagnostic Equipment,High,1,21000,0.081,19289.72,11550,19289.72,7739.72,0
ORD-00538,2025-09-18,ACC-118,Copper & Kline,South,Rohit Sharma,EA-Cable Gland Set,Electrical Accessories,Mid,25,1100,0.061,1032.87,770,25821.75,6571.75,0
ORD-00538,2025-09-18,ACC-118,Copper & Kline,South,Rohit Sharma,CN-Cutting Blade 10pk,Consumables,Low,57,420,0.006,417.39,357,23791.23,3442.23,0
ORD-00538,2025-09-18,ACC-118,Copper & Kline,South,Rohit Sharma,CM-Degreaser 5L,Cleaning & Maintenance,Low,24,480,0.072,445.65,413,10695.6,783.6,0
ORD-00538,2025-09-18,ACC-118,Copper & Kline,South,Rohit Sharma,SB-Safety Gloves 12pr,Safety Basics,Low,43,360,0.034,347.66,306,14949.38,1791.38,0
ORD-00540,2025-10-20,ACC-118,Copper & Kline,South,Rohit Sharma,EA-Cable Gland Set,Electrical Accessories,Mid,20,1100,0.012,1086.44,770,21728.8,6328.8,0
ORD-00540,2025-10-20,ACC-118,Copper & Kline,South,Rohit Sharma,PT-Cordless Drill 18V,Power Tools,High,4,9200,0.076,8497.19,5336,33988.76,12644.76,0
ORD-00540,2025-10-20,ACC-118,Copper & Kline,South,Rohit Sharma,FF-Stainless Fastener Pack,Fasteners & Fittings,Mid,23,1400,0.054,1325.08,980,30476.84,7936.84,0
ORD-00540,2025-10-20,ACC-118,Copper & Kline,South,Rohit Sharma,DG-Digital Multimeter Pro,Diagnostic Equipment,High,2,12500,0.036,12055.14,6875,24110.28,10360.28,0
ORD-00539,2025-10-24,ACC-118,Copper & Kline,South,Rohit Sharma,CN-Drill Bit Set,Consumables,Low,42,560,0.055,528.95,476,22215.9,2223.9,0
ORD-00539,2025-10-24,ACC-118,Copper & Kline,South,Rohit Sharma,SB-Safety Gloves 12pr,Safety Basics,Low,46,360,0.082,330.3,306,15193.8,1117.8,0
ORD-00539,2025-10-24,ACC-118,Copper & Kline,South,Rohit Sharma,CM-Shop Wipes Bulk,Cleaning & Maintenance,Low,40,260,0.027,252.93,224,10117.2,1157.2,0
ORD-00539,2025-10-24,ACC-118,Copper & Kline,South,Rohit Sharma,PH-Micrometer Set,Precision Hardware,High,7,4100,0.093,3717.14,2460,26019.98,8799.98,0
ORD-00541,2025-11-18,ACC-118,Copper & Kline,South,Rohit Sharma,PT-Angle Grinder 900W,Power Tools,High,6,6400,0.045,6114.34,3712,36686.04,14414.04,0
ORD-00541,2025-11-18,ACC-118,Copper & Kline,South,Rohit Sharma,SB-Safety Gloves 12pr,Safety Basics,Low,37,360,0.051,341.55,306,12637.35,1315.35,0
ORD-00541,2025-11-18,ACC-118,Copper & Kline,South,Rohit Sharma,CM-Degreaser 5L,Cleaning & Maintenance,Low,24,480,0.023,469.05,413,11257.2,1345.2,0
ORD-00541,2025-11-18,ACC-118,Copper & Kline,South,Rohit Sharma,PH-Micrometer Set,Precision Hardware,High,7,4100,0.053,3882.28,2460,27175.96,9955.96,0
ORD-00541,2025-11-18,ACC-118,Copper & Kline,South,Rohit Sharma,EA-MCB 32A,Electrical Accessories,Mid,41,650,0.087,593.7,455,24341.7,5686.7,0
ORD-00541,2025-11-18,ACC-118,Copper & Kline,South,Rohit Sharma,CN-Abrasive Discs 25pk,Consumables,Low,92,300,0.08,275.85,255,25378.2,1918.2,0
ORD-00541,2025-11-18,ACC-118,Copper & Kline,South,Rohit Sharma,FF-Anchor Bolt Assortment,Fasteners & Fittings,Mid,32,900,0.048,856.77,630,27416.64,7256.64,0
ORD-00541,2025-11-18,ACC-118,Copper & Kline,South,Rohit Sharma,DG-Insulation Tester,Diagnostic Equipment,High,1,21000,0.071,19503.26,11550,19503.26,7953.26,0
ORD-00542,2025-12-17,ACC-118,Copper & Kline,South,Rohit Sharma,PT-Angle Grinder 900W,Power Tools,High,7,6400,0.087,5841.95,3712,40893.65,14909.65,0
ORD-00542,2025-12-17,ACC-118,Copper & Kline,South,Rohit Sharma,FF-Stainless Fastener Pack,Fasteners & Fittings,Mid,19,1400,0.061,1314.08,980,24967.52,6347.52,0
ORD-00542,2025-12-17,ACC-118,Copper & Kline,South,Rohit Sharma,PH-Bearing Puller Kit,Precision Hardware,High,5,5600,0.048,5330.06,3360,26650.3,9850.3,0
ORD-00542,2025-12-17,ACC-118,Copper & Kline,South,Rohit Sharma,CN-Abrasive Discs 25pk,Consumables,Low,80,300,0.056,283.27,255,22661.6,2261.6,0
ORD-00542,2025-12-17,ACC-118,Copper & Kline,South,Rohit Sharma,EA-MCB 32A,Electrical Accessories,Mid,38,650,0.082,597.01,455,22686.38,5396.38,0
ORD-00542,2025-12-17,ACC-118,Copper & Kline,South,Rohit Sharma,DG-Insulation Tester,Diagnostic Equipment,High,1,21000,0.069,19543.0,11550,19543.0,7993.0,0
ORD-00542,2025-12-17,ACC-118,Copper & Kline,South,Rohit Sharma,SB-Safety Glasses 10pk,Safety Basics,Low,57,240,0.028,233.25,204,13295.25,1667.25,0
ORD-00542,2025-12-17,ACC-118,Copper & Kline,South,Rohit Sharma,CM-Shop Wipes Bulk,Cleaning & Maintenance,Low,50,260,0.065,243.01,224,12150.5,950.5,0
ORD-00543,2026-01-10,ACC-118,Copper & Kline,South,Rohit Sharma,DG-Digital Multimeter Pro,Diagnostic Equipment,High,2,12500,0.071,11613.47,6875,23226.94,9476.94,0
ORD-00543,2026-01-10,ACC-118,Copper & Kline,South,Rohit Sharma,CN-Abrasive Discs 25pk,Consumables,Low,88,300,0.055,283.36,255,24935.68,2495.68,0
ORD-00543,2026-01-10,ACC-118,Copper & Kline,South,Rohit Sharma,CM-Degreaser 5L,Cleaning & Maintenance,Low,25,480,0.064,449.09,413,11227.25,902.25,0
ORD-00543,2026-01-10,ACC-118,Copper & Kline,South,Rohit Sharma,EA-Cable Gland Set,Electrical Accessories,Mid,21,1100,0.034,1062.87,770,22320.27,6150.27,0
ORD-00543,2026-01-10,ACC-118,Copper & Kline,South,Rohit Sharma,PH-Precision Torque Wrench,Precision Hardware,High,4,7300,0.085,6680.14,4380,26720.56,9200.56,0
ORD-00543,2026-01-10,ACC-118,Copper & Kline,South,Rohit Sharma,PT-Cordless Drill 18V,Power Tools,High,4,9200,0.06,8648.84,5336,34595.36,13251.36,0
ORD-00543,2026-01-10,ACC-118,Copper & Kline,South,Rohit Sharma,FF-Anchor Bolt Assortment,Fasteners & Fittings,Mid,35,900,0.057,849.06,630,29717.1,7667.1,0
ORD-00543,2026-01-10,ACC-118,Copper & Kline,South,Rohit Sharma,SB-Safety Gloves 12pr,Safety Basics,Low,37,360,0.054,340.51,306,12598.87,1276.87,0
ORD-00544,2026-02-11,ACC-118,Copper & Kline,South,Rohit Sharma,EA-Cable Gland Set,Electrical Accessories,Mid,23,1100,0.095,996.0,770,22908.0,5198.0,0
ORD-00544,2026-02-11,ACC-118,Copper & Kline,South,Rohit Sharma,FF-Stainless Fastener Pack,Fasteners & Fittings,Mid,20,1400,0.069,1302.98,980,26059.6,6459.6,0
ORD-00544,2026-02-11,ACC-118,Copper & Kline,South,Rohit Sharma,DG-Insulation Tester,Diagnostic Equipment,High,1,21000,0.03,20366.83,11550,20366.83,8816.83,0
ORD-00544,2026-02-11,ACC-118,Copper & Kline,South,Rohit Sharma,PH-Precision Torque Wrench,Precision Hardware,High,4,7300,0.043,6987.17,4380,27948.68,10428.68,0
ORD-00544,2026-02-11,ACC-118,Copper & Kline,South,Rohit Sharma,CM-Shop Wipes Bulk,Cleaning & Maintenance,Low,40,260,0.043,248.85,224,9954.0,994.0,0
ORD-00544,2026-02-11,ACC-118,Copper & Kline,South,Rohit Sharma,PT-Cordless Drill 18V,Power Tools,High,5,9200,0.08,8465.43,5336,42327.15,15647.15,0
ORD-00544,2026-02-11,ACC-118,Copper & Kline,South,Rohit Sharma,SB-Safety Glasses 10pk,Safety Basics,Low,66,240,0.071,222.99,204,14717.34,1253.34,0
ORD-00544,2026-02-11,ACC-118,Copper & Kline,South,Rohit Sharma,CN-Cutting Blade 10pk,Consumables,Low,56,420,0.049,399.22,357,22356.32,2364.32,0
ORD-00545,2026-03-23,ACC-118,Copper & Kline,South,Rohit Sharma,PH-Bearing Puller Kit,Precision Hardware,High,5,5600,0.048,5328.81,3360,26644.05,9844.05,0
ORD-00545,2026-03-23,ACC-118,Copper & Kline,South,Rohit Sharma,EA-MCB 32A,Electrical Accessories,Mid,40,650,0.076,600.36,455,24014.4,5814.4,0
ORD-00545,2026-03-23,ACC-118,Copper & Kline,South,Rohit Sharma,CN-Cutting Blade 10pk,Consumables,Low,61,420,0.032,406.72,357,24809.92,3032.92,0
ORD-00545,2026-03-23,ACC-118,Copper & Kline,South,Rohit Sharma,SB-Safety Glasses 10pk,Safety Basics,Low,61,240,0.037,231.14,204,14099.54,1655.54,0
ORD-00545,2026-03-23,ACC-118,Copper & Kline,South,Rohit Sharma,DG-Insulation Tester,Diagnostic Equipment,High,1,21000,0.089,19131.85,11550,19131.85,7581.85,0
ORD-00545,2026-03-23,ACC-118,Copper & Kline,South,Rohit Sharma,PT-Rotary Hammer SDS,Power Tools,High,2,14800,0.023,14458.34,8584,28916.68,11748.68,0
ORD-00545,2026-03-23,ACC-118,Copper & Kline,South,Rohit Sharma,FF-Anchor Bolt Assortment,Fasteners & Fittings,Mid,29,900,0.028,874.83,630,25370.07,7100.07,0
ORD-00545,2026-03-23,ACC-118,Copper & Kline,South,Rohit Sharma,CM-Shop Wipes Bulk,Cleaning & Maintenance,Low,49,260,0.081,239.05,224,11713.45,737.45,0
ORD-00546,2026-04-20,ACC-118,Copper & Kline,South,Rohit Sharma,SB-Safety Glasses 10pk,Safety Basics,Low,55,240,0.052,227.64,204,12520.2,1300.2,0
ORD-00546,2026-04-20,ACC-118,Copper & Kline,South,Rohit Sharma,FF-Stainless Fastener Pack,Fasteners & Fittings,Mid,21,1400,0.015,1378.73,980,28953.33,8373.33,0
ORD-00546,2026-04-20,ACC-118,Copper & Kline,South,Rohit Sharma,CM-Shop Wipes Bulk,Cleaning & Maintenance,Low,43,260,0.068,242.23,224,10415.89,783.89,0
ORD-00546,2026-04-20,ACC-118,Copper & Kline,South,Rohit Sharma,CN-Abrasive Discs 25pk,Consumables,Low,73,300,0.04,288.12,255,21032.76,2417.76,0
ORD-00546,2026-04-20,ACC-118,Copper & Kline,South,Rohit Sharma,PH-Micrometer Set,Precision Hardware,High,7,4100,0.045,3915.23,2460,27406.61,10186.61,0
ORD-00546,2026-04-20,ACC-118,Copper & Kline,South,Rohit Sharma,EA-MCB 32A,Electrical Accessories,Mid,39,650,0.063,609.27,455,23761.53,6016.53,0
ORD-00546,2026-04-20,ACC-118,Copper & Kline,South,Rohit Sharma,DG-Thermal Imager,Diagnostic Equipment,High,1,38000,0.029,36910.71,20900,36910.71,16010.71,0
ORD-00546,2026-04-20,ACC-118,Copper & Kline,South,Rohit Sharma,PT-Rotary Hammer SDS,Power Tools,High,3,14800,0.015,14578.0,8584,43734.0,17982.0,0
ORD-00547,2026-05-27,ACC-118,Copper & Kline,South,Rohit Sharma,FF-Stainless Fastener Pack,Fasteners & Fittings,Mid,20,1400,0.042,1341.02,980,26820.4,7220.4,0
ORD-00547,2026-05-27,ACC-118,Copper & Kline,South,Rohit Sharma,EA-MCB 32A,Electrical Accessories,Mid,38,650,0.056,613.28,455,23304.64,6014.64,0
ORD-00547,2026-05-27,ACC-118,Copper & Kline,South,Rohit Sharma,CM-Degreaser 5L,Cleaning & Maintenance,Low,26,480,0.093,435.23,413,11315.98,577.98,0
ORD-00547,2026-05-27,ACC-118,Copper & Kline,South,Rohit Sharma,PT-Angle Grinder 900W,Power Tools,High,6,6400,0.028,6220.58,3712,37323.48,15051.48,0
ORD-00547,2026-05-27,ACC-118,Copper & Kline,South,Rohit Sharma,CN-Abrasive Discs 25pk,Consumables,Low,80,300,0.018,294.58,255,23566.4,3166.4,0
ORD-00547,2026-05-27,ACC-118,Copper & Kline,South,Rohit Sharma,PH-Micrometer Set,Precision Hardware,High,7,4100,0.033,3964.98,2460,27754.86,10534.86,0
ORD-00547,2026-05-27,ACC-118,Copper & Kline,South,Rohit Sharma,SB-Safety Glasses 10pk,Safety Basics,Low,60,240,0.042,229.94,204,13796.4,1556.4,0
ORD-00547,2026-05-27,ACC-118,Copper & Kline,South,Rohit Sharma,DG-Digital Multimeter Pro,Diagnostic Equipment,High,2,12500,0.056,11797.39,6875,23594.78,9844.78,0
ORD-00548,2026-06-14,ACC-118,Copper & Kline,South,Rohit Sharma,CN-Drill Bit Set,Consumables,Low,41,560,0.062,525.49,476,21545.09,2029.09,0
ORD-00548,2026-06-14,ACC-118,Copper & Kline,South,Rohit Sharma,FF-Stainless Fastener Pack,Fasteners & Fittings,Mid,22,1400,0.039,1345.54,980,29601.88,8041.88,0
ORD-00548,2026-06-14,ACC-118,Copper & Kline,South,Rohit Sharma,EA-Cable Gland Set,Electrical Accessories,Mid,20,1100,0.003,1096.76,770,21935.2,6535.2,0
ORD-00548,2026-06-14,ACC-118,Copper & Kline,South,Rohit Sharma,DG-Thermal Imager,Diagnostic Equipment,High,1,38000,0.069,35378.42,20900,35378.42,14478.42,0
ORD-00548,2026-06-14,ACC-118,Copper & Kline,South,Rohit Sharma,SB-Safety Gloves 12pr,Safety Basics,Low,38,360,0.021,352.55,306,13396.9,1768.9,0
ORD-00548,2026-06-14,ACC-118,Copper & Kline,South,Rohit Sharma,CM-Shop Wipes Bulk,Cleaning & Maintenance,Low,47,260,0.049,247.3,224,11623.1,1095.1,0
ORD-00548,2026-06-14,ACC-118,Copper & Kline,South,Rohit Sharma,PT-Cordless Drill 18V,Power Tools,High,4,9200,0.082,8443.93,5336,33775.72,12431.72,0
ORD-00548,2026-06-14,ACC-118,Copper & Kline,South,Rohit Sharma,PH-Precision Torque Wrench,Precision Hardware,High,4,7300,0.063,6837.78,4380,27351.12,9831.12,0
ORD-00549,2026-07-02,ACC-118,Copper & Kline,South,Rohit Sharma,FF-Anchor Bolt Assortment,Fasteners & Fittings,Mid,30,900,0.023,879.28,630,26378.4,7478.4,0
ORD-00549,2026-07-02,ACC-118,Copper & Kline,South,Rohit Sharma,CM-Shop Wipes Bulk,Cleaning & Maintenance,Low,42,260,0.048,247.47,224,10393.74,985.74,0
ORD-00549,2026-07-02,ACC-118,Copper & Kline,South,Rohit Sharma,EA-MCB 32A,Electrical Accessories,Mid,40,650,0.072,603.09,455,24123.6,5923.6,0
ORD-00549,2026-07-02,ACC-118,Copper & Kline,South,Rohit Sharma,DG-Digital Multimeter Pro,Diagnostic Equipment,High,2,12500,0.063,11713.37,6875,23426.74,9676.74,0
ORD-00550,2026-07-19,ACC-118,Copper & Kline,South,Rohit Sharma,PH-Micrometer Set,Precision Hardware,High,6,4100,0.035,3956.46,2460,23738.76,8978.76,0
ORD-00550,2026-07-19,ACC-118,Copper & Kline,South,Rohit Sharma,SB-Safety Glasses 10pk,Safety Basics,Low,61,240,0.024,234.17,204,14284.37,1840.37,0
ORD-00550,2026-07-19,ACC-118,Copper & Kline,South,Rohit Sharma,PT-Rotary Hammer SDS,Power Tools,High,3,14800,0.065,13830.97,8584,41492.91,15740.91,0
ORD-00550,2026-07-19,ACC-118,Copper & Kline,South,Rohit Sharma,CN-Drill Bit Set,Consumables,Low,44,560,0.044,535.29,476,23552.76,2608.76,0
ORD-00551,2026-08-21,ACC-118,Copper & Kline,South,Rohit Sharma,SB-Safety Gloves 12pr,Safety Basics,Low,38,360,0.019,353.23,306,13422.74,1794.74,0
ORD-00551,2026-08-21,ACC-118,Copper & Kline,South,Rohit Sharma,DG-Thermal Imager,Diagnostic Equipment,High,1,38000,0.063,35611.44,20900,35611.44,14711.44,0
ORD-00551,2026-08-21,ACC-118,Copper & Kline,South,Rohit Sharma,EA-MCB 32A,Electrical Accessories,Mid,37,650,0.064,608.63,455,22519.31,5684.31,0
ORD-00551,2026-08-21,ACC-118,Copper & Kline,South,Rohit Sharma,PH-Bearing Puller Kit,Precision Hardware,High,5,5600,0.071,5203.36,3360,26016.8,9216.8,0
ORD-00551,2026-08-21,ACC-118,Copper & Kline,South,Rohit Sharma,CM-Degreaser 5L,Cleaning & Maintenance,Low,25,480,0.051,455.62,413,11390.5,1065.5,0
ORD-00551,2026-08-21,ACC-118,Copper & Kline,South,Rohit Sharma,PT-Angle Grinder 900W,Power Tools,High,6,6400,0.022,6259.72,3712,37558.32,15286.32,0
ORD-00551,2026-08-21,ACC-118,Copper & Kline,South,Rohit Sharma,FF-Anchor Bolt Assortment,Fasteners & Fittings,Mid,30,900,0.038,865.52,630,25965.6,7065.6,0
ORD-00551,2026-08-21,ACC-118,Copper & Kline,South,Rohit Sharma,CN-Drill Bit Set,Consumables,Low,45,560,0.016,551.22,476,24804.9,3384.9,0
